tree
version=v4
num_class=1
num_tree_per_iteration=1
label_index=0
max_feature_idx=22
objective=regression
feature_names=Column_0 Column_1 Column_2 Column_3 Column_4 Column_5 Column_6 Column_7 Column_8 Column_9 Column_10 Column_11 Column_12 Column_13 Column_14 Column_15 Column_16 Column_17 Column_18 Column_19 Column_20 Column_21 Column_22
feature_infos=[-1.6005589962005615:1.7174777984619141] [-1.2873001098632812:1.6386194229125977] [-0.9528508186340332:2.7316505908966064] [-0.77478510141372681:6.4065871238708496] [-1.6589322090148926:1.6620861291885376] [-1.4991110563278198:1.4975080490112305] [-1.6246956586837769:2.9222722053527832] [-1.4156345129013062:1.4126831293106079] [-1.4156709909439087:1.4128715991973877] [-1.3748863935470581:1.3806581497192383] [-1.2774116992950439:1.4129055738449097] [-2.3208889961242676:1.1723201274871826] [-1.1214853525161743:1.6242841482162476] [-4.3584690093994141:2.7235598564147949] [-4.3117690086364746:1.6873587369918823] [-1.5647505521774292:6.7687063217163086] [-1.2965201139450073:3.4766941070556641] [-0.24310100078582764:44.940067291259766] [-7.3523979187011719:3.9341330528259277] [-1.6591317653656006:1.703008770942688] [-1.7035595178604126:2.5482649803161621] [-1.6831631660461426:2.5837075710296631] [-3.1898534297943115:2.2658493518829346]
tree_sizes=5770 6082 6068 6089 6091 6105 6102 6118 6101 6096 6090 6102 6071 6117 6113 6107 6108 6108 6099 6115 6129 6098 6107 6110 6026 6146 6056 6061 6100 6079 6072 6107 6040 6058 6087 6077 6085 6155 6142 6030 6156 6158 6160 6126 6088 6056 6199 6157 6124 6178 6171 6137 6043 6133 6108 6149 6093 6168 6136 6162 6180 6174 6162 6171 5973 6010 6166 6096 6169 6051 6005 6025 6145 6028 5962 5949 5997 6024 5912 5876 5994 5946 6168 5999 6105 6095 5910 5928 5878 6041 6160 5914 6116 5899 5910 5961 5818 6094 5918 5807 5923 5946 5951 6007 5983 5812 6015 6094 6176 5761 5910 5918 5913 5807 6148 6113 5808 5915 5947 5895 5935 5889 5882 5977 5968 5898 5968 5992 6001 6042 6017 5841 5985 6084 6003 5952 5899

Tree=0
num_leaves=63
num_cat=0
split_feature=3 3 0 6 3 3 0 6 3 2 6 1 0 3 0 3 2 0 3 0 0 0 0 0 0 0 0 0 6 22 0 6 6 0 3 3 6 6 0 22 0 3 0 0 0 3 3 0 0 0 0 3 3 0 2 3 3 0 3 0 3 0
split_gain=774062 218888 147612 148382 99712.4 70161.5 43071.7 138003 42290.6 35589.8 28475.3 84496.9 39580 24635.3 27483.1 15420.3 14546.8 15946.7 13116 11509.3 10419.8 10380.7 12955.9 11245.7 10013.3 12823.9 9335.17 9277.09 9084.93 8899.78 17933.3 8804.48 8389.37 7303.23 6035.07 6213.64 5509.77 5376.07 5519.22 4955.61 7543.81 4885.45 9399.22 4743.53 4686.58 4415.61 4366.05 3681.19 3671.85 3664.39 3650.48 5833.72 3684.94 4655.52 3641.5 5029.97 4677.1 3825.17 3587.66 3435.56 3291.17 2667.16
threshold=-0.41558174788951868 0.31276594102382665 -1.149046719074249 0.23542753793299201 -0.55416440963745106 2.7999460697174077 -1.3655410408973692 0.23542753793299201 -0.72815677523612965 -0.81113922595977772 0.23542753793299201 -1.1897694468498228 -1.3365979194641111 0.15903349965810779 -0.1128837652504444 -0.47164988517761225 1.1728230714797976 0.92791008949279796 1.9536987543106081 0.3965147733688355 1.5032989382743838 1.7035850882530215 0.45671640336513525 0.82371494174003612 -1.1085263490676878 -0.20087077468633649 -1.127049922943115 1.7163200974464419 1.0000000180025095e-35 1.2114459872245791 -0.15108864009380338 1.0000000180025095e-35 1.0000000180025095e-35 0.43819281458854681 -0.078671745955944047 -0.37020635604858393 1.0000000180025095e-35 0.6487882286310197 0.69404986500740062 1.0205361247062685 -1.1640971302986143 -0.49729524552822107 -0.13140735030174253 -1.0000000180025095e-35 -0.24023338407278058 0.18189372867345813 -0.30077947676181788 -0.39305296540260309 0.69404986500740062 0.18465130031108859 0.41966924071311956 0.85678997635841381 0.72558912634849559 0.53312620520591747 1.0000000180025095e-35 -0.18533226102590558 -0.2678180187940597 1.5415037870407107 -0.31494747102260584 -0.47525136172771448 -0.77242308855056752 0.5458611547946931
decision_type=2 2 2 2 2 2 2 2 2 2 2 2 2 2 2 2 2 2 2 2 2 2 2 2 2 2 2 2 2 2 2 2 2 2 2 2 2 2 2 2 2 2 2 2 2 2 2 2 2 2 2 2 2 2 2 2 2 2 2 2 2 2
left_child=4 6 3 28 8 24 7 32 39 20 11 31 -12 16 45 26 21 -18 -5 -7 44 22 34 37 -4 -26 -6 -22 -3 30 36 -11 -2 -31 35 -8 -17 48 -39 40 -1 -28 -43 59 -10 -15 58 -14 -24 -36 -27 52 53 -52 55 -25 -56 -57 -37 -13 -42 -45
right_child=1 2 5 18 15 19 13 -9 9 10 12 43 47 14 -16 29 17 -19 -20 -21 27 -23 23 54 25 50 41 -29 -30 33 -32 -33 -34 -35 49 46 -38 38 -40 -41 60 42 -44 61 -46 -47 -48 -49 -50 -51 51 -53 -54 -55 56 57 -58 -59 -60 -61 -62 -63
leaf_value=3.8732092345872169 3.8640787913332648 3.8640518905846641 4.1925703719273324 4.2244933598457495 4.0020868820267212 4.2751019837352056 4.1164379194736798 4.1669656979295047 4.0023678037163322 3.864081375061907 4.1319007601530799 4.0167222985750861 4.0365537546111074 4.1156805308166629 4.1683288558219624 3.864050535668262 4.0171792445351535 4.0844551361171026 4.0856386364437522 4.2054999068687637 3.8686702901224317 4.1683979291744109 4.0340794103027626 4.1182387355257859 4.1240048369988758 4.1812108893022399 4.0612313876323718 3.9657355154385536 3.9778186081137852 4.1367195542403818 4.0239716323170747 3.9610736007342568 3.9734036845280438 4.0204263356552215 4.1537004690550603 4.082518157141922 4.0081209354951621 4.0293638162356782 3.9229674263617533 3.9795063034041163 3.9141072944579323 4.0517041457754903 4.1400412041847137 3.9807650633878562 3.9623818755914018 4.0632286165137126 4.0959752741389064 4.0105400849934414 4.0913757189409754 4.1059499415301106 4.1075680075943328 4.1655348194508477 4.1146275243287604 4.1558652555032882 4.0243511125894731 4.0704192998466064 4.0745070792642082 4.118033428230361 4.0491009633040642 4.0435822231295315 3.9591806070839 4.0140560856083711
leaf_weight=3134 8208 8208 12051 5102 6031 12058 18087 7653 12057 10944 10204 27783 29715 6013 17705 2699 18086 17171 2551 11705 4748 3625 8378 11132 48224 12053 64339 5112 2232 2452 15081 2976 2232 3004 6030 24118 880 3654 1829 17494 4593 6015 6030 9568 18683 12060 36071 25076 4197 12040 6017 41282 11140 29221 5109 24123 51518 5112 12042 20831 34255 16208
leaf_count=3134 8208 8208 12051 5102 6031 12058 18087 7653 12057 10944 10204 27783 29715 6013 17705 2699 18086 17171 2551 11705 4748 3625 8378 11132 48224 12053 64339 5112 2232 2452 15081 2976 2232 3004 6030 24118 880 3654 1829 17494 4593 6015 6030 9568 18683 12060 36071 25076 4197 12040 6017 41282 11140 29221 5109 24123 51518 5112 12042 20831 34255 16208
internal_value=4.06742 4.10655 4.14723 4.01097 4.0111 4.16065 4.08059 4.00568 3.99403 4.00534 4.01637 3.99788 4.04149 4.08513 4.12405 4.05168 4.07982 4.04994 4.17821 4.24082 3.96372 4.08446 4.0831 4.07142 4.14874 4.14517 4.06197 3.91899 3.88837 4.01652 4.00009 3.88482 3.88745 4.07269 4.09551 4.09023 3.89947 4.03519 3.99387 3.95715 3.94783 4.0667 4.09593 4.01904 3.97807 4.08068 4.08367 4.02465 4.0532 4.12188 4.15541 4.15186 4.13969 4.14762 4.07816 4.08964 4.06998 4.07875 4.07139 4.02823 3.95385 4.0017
internal_weight=877949 518037 201844 18093 359912 183751 316193 18093 253381 193905 153305 88310 64995 298100 35778 106531 262322 35257 7653 23763 40600 227065 223440 115052 159988 147937 82415 9860 10440 24116 18660 13920 10440 5456 108388 90318 3579 18058 5483 59476 41982 76384 12045 74390 30740 18073 72231 54791 12575 18070 99713 87660 46378 35238 96994 40367 56627 29235 36160 48614 38848 25776
internal_count=877949 518037 201844 18093 359912 183751 316193 18093 253381 193905 153305 88310 64995 298100 35778 106531 262322 35257 7653 23763 40600 227065 223440 115052 159988 147937 82415 9860 10440 24116 18660 13920 10440 5456 108388 90318 3579 18058 5483 59476 41982 76384 12045 74390 30740 18073 72231 54791 12575 18070 99713 87660 46378 35238 96994 40367 56627 29235 36160 48614 38848 25776
is_linear=0
shrinkage=1


Tree=1
num_leaves=63
num_cat=0
split_feature=3 3 0 6 3 3 0 6 3 2 6 1 0 3 0 3 2 0 3 0 0 0 1 0 0 0 0 6 22 0 6 6 0 3 3 6 6 0 0 6 0 0 3 0 0 3 3 0 0 0 0 0 0 3 3 0 2 3 3 2 3 0
split_gain=698591 197547 133220 133914 89990.4 63320.7 38872.3 124548 38167.3 32119.8 25699 76258.5 35720.9 22233.4 24803.5 13916.9 13128.5 14391.9 11837.2 10387.2 9489.24 9368.61 11692.7 10149.2 9037.03 11573.6 8425 8199.15 8032.05 16184.8 7946.04 7571.4 6591.16 5446.65 5607.81 5226.63 4851.91 4981.1 4531.85 4502.6 5330.42 5145.49 4409.12 8482.8 4281.03 3985.09 3940.36 3795.71 3358.75 3464.61 3313.84 3307.11 3294.56 5264.93 3325.66 4201.61 3286.46 4539.54 4221.08 3452.22 3237.86 3132.86
threshold=-0.41558174788951868 0.31276594102382665 -1.149046719074249 0.23542753793299201 -0.55416440963745106 2.7999460697174077 -1.3655410408973692 0.23542753793299201 -0.72815677523612965 -0.81113922595977772 0.23542753793299201 -1.1897694468498228 -1.3365979194641111 0.15903349965810779 -0.1128837652504444 -0.47164988517761225 0.88939985632896434 -1.0000000180025095e-35 1.9536987543106081 0.3965147733688355 0.049197588115930564 1.7035850882530215 -1.0000000180025095e-35 0.82371494174003612 -1.1085263490676878 -0.20087077468633649 -1.127049922943115 1.0000000180025095e-35 1.2114459872245791 -0.15108864009380338 1.0000000180025095e-35 1.0000000180025095e-35 0.43819281458854681 -0.078671745955944047 -0.37020635604858393 0.23542753793299201 0.6487882286310197 0.69404986500740062 -1.0000000180025095e-35 0.23542753793299201 -0.37105621397495264 -1.1640971302986143 -0.49729524552822107 -0.13140735030174253 0.32473587989807134 0.18189372867345813 -0.30077947676181788 0.33631311357021337 0.36757166683673864 0.5458611547946931 0.69404986500740062 0.18465130031108859 0.41966924071311956 0.85678997635841381 0.72558912634849559 0.53312620520591747 -1.0000000180025095e-35 -0.18533226102590558 -0.2678180187940597 -0.81113922595977772 -0.31494747102260584 -1.0205392837524412
decision_type=2 2 2 2 2 2 2 2 2 2 2 2 2 2 2 2 2 2 2 2 2 2 2 2 2 2 2 2 2 2 2 2 2 2 2 2 2 2 2 2 2 2 2 2 2 2 2 2 2 2 2 2 2 2 2 2 2 2 2 2 2 2
left_child=4 6 3 27 8 24 7 31 38 20 11 30 -12 16 45 26 21 -18 -5 -7 61 22 33 36 -4 -26 -6 -3 29 35 -11 -2 -30 34 -8 -17 50 -38 39 41 -41 -1 -28 -44 -13 -15 60 -40 -14 -50 -24 -35 -27 54 55 -54 57 -25 -58 -59 -36 -10
right_child=1 2 5 18 15 19 13 -9 9 10 12 44 48 14 -16 28 17 -19 -20 -21 -22 -23 23 56 25 52 42 -29 32 -31 -32 -33 -34 51 46 -37 37 -39 47 40 -42 -43 43 -45 -46 -47 -48 -49 49 -51 -52 -53 53 -55 -56 -57 58 59 -60 -61 -62 -63
leaf_value=-0.18388596325631407 -0.1931756823416261 -0.19320123602452799 0.11889132586403731 0.14921817283614483 -0.062067991276717152 0.19729634961751311 0.046565495271861802 0.094566885332772743 -0.047793150155115018 -0.19317322974229445 0.061255192631603339 -0.03723039266930931 -0.033081433950697806 0.045845975317186989 0.095861886896275089 -0.17527380065730194 -0.047730246034120266 0.016181852254986299 0.017306177563923702 0.13117438862105812 -0.12865909013258833 0.095927507742520041 -0.031675088332998279 0.048276271402469075 0.053754066513825964 0.10809981753685104 -0.0058807088769192483 -0.085122848782808555 0.065833044909001562 -0.041277477158583716 -0.10103061412891715 -0.089317032555952733 -0.044645509823689242 0.081964916556234002 0.014341722255316653 0.072637799749815518 -0.036154901742845719 -0.13723147852400278 -0.050210441526819194 -0.063023030586415979 -0.11820263448839546 -0.11820352720234002 -0.014931588661377934 0.068988612926816864 -0.062436930213854075 -0.0039833410299939913 0.02712598281654632 -0.099831202733460744 -0.1237900050647596 -0.051654935372218262 0.022756406408939878 0.036601916537707273 0.038139078845108233 0.093207552236572122 0.044845620484973703 0.084021463983378203 -0.040916970903613042 0.0028478071294447392 0.0067311980302620662 0.04808122884712742 -0.017404611176834315 -0.089246255008441744
leaf_weight=3480 8208 8208 12051 5102 6031 12058 18087 7653 6029 10944 10204 48614 39927 6013 17705 3352 18086 17171 2551 11705 15891 3625 8378 11132 48224 12053 64339 2232 2452 15081 2976 2232 3004 6030 24118 227 3654 1829 5795 7661 10209 20825 6015 6030 25776 12060 36071 11506 1910 12954 4197 12040 6017 41282 11140 29221 5109 24123 51518 5112 12042 18680
leaf_count=3480 8208 8208 12051 5102 6031 12058 18087 7653 6029 10944 10204 48614 39927 6013 17705 3352 18086 17171 2551 11705 15891 3625 8378 11132 48224 12053 64339 2232 2452 15081 2976 2232 3004 6030 24118 227 3654 1829 5795 7661 10209 20825 6015 6030 25776 12060 36071 11506 1910 12954 4197 12040 6017 41282 11140 29221 5109 24123 51518 5112 12042 18680
internal_value=-1.55747e-10 0.0371762 0.0758211 -0.0536302 -0.0535093 0.0885675 0.0125069 -0.0586537 -0.0697207 -0.0589732 -0.0485008 -0.0660633 -0.0246384 0.0168259 0.0538003 -0.0149509 0.011783 -0.0166035 0.105248 0.164726 -0.0985169 0.0161907 0.014897 0.00379534 0.0772556 0.073864 -0.00517507 -0.170095 -0.0483591 -0.0639622 -0.173474 -0.170971 0.00500504 0.0266813 0.0216679 -0.15955 -0.030622 -0.0698717 -0.10476 -0.1136 -0.0945467 -0.127608 -0.000683011 0.0270808 -0.0459644 0.0125952 0.0154334 -0.0832106 -0.0406348 -0.0609242 -0.0135082 0.0517397 0.0835897 0.0802196 0.0686587 0.0761869 0.010203 0.0211039 0.00243229 0.0107573 0.00376956 -0.0791317
internal_weight=877949 518037 201844 18093 359912 183751 316193 18093 253381 193905 153305 88310 64995 298100 35778 106531 262322 35257 7653 23763 40600 227065 223440 115052 159988 147937 82415 10440 24116 18660 13920 10440 5456 108388 90318 3579 18058 5483 59476 42175 17870 24305 76384 12045 74390 18073 72231 17301 54791 14864 12575 18070 99713 87660 46378 35238 96994 40367 56627 29235 36160 24709
internal_count=877949 518037 201844 18093 359912 183751 316193 18093 253381 193905 153305 88310 64995 298100 35778 106531 262322 35257 7653 23763 40600 227065 223440 115052 159988 147937 82415 10440 24116 18660 13920 10440 5456 108388 90318 3579 18058 5483 59476 42175 17870 24305 76384 12045 74390 18073 72231 17301 54791 14864 12575 18070 99713 87660 46378 35238 96994 40367 56627 29235 36160 24709
is_linear=0
shrinkage=0.05


Tree=2
num_leaves=63
num_cat=0
split_feature=3 3 0 6 3 3 0 6 3 2 6 1 0 3 0 3 2 0 3 0 0 0 0 0 0 0 0 0 6 22 0 6 6 0 3 3 6 6 0 22 0 3 0 0 0 3 3 4 0 0 0 0 0 3 3 0 3 3 0 0 0 0
split_gain=630478 178286 120231 120858 81216.4 57147 35082.2 112404 34446 28988.1 23193.4 68823.3 32238.1 20065.6 22385.2 12560 11848.5 12988.7 10683 9374.41 8748.6 8455.17 10552.6 9159.68 8372.58 8155.92 10445.2 7603.56 7399.73 7248.93 14606.8 7171.3 6833.19 5948.52 4915.6 5061.05 4742.94 4378.85 4495.44 4144.93 6154.24 3979.23 7655.73 3865.38 3863.63 3596.54 3556.17 3162.75 3104.11 3100.59 2990.74 2984.67 2973.34 4751.6 3001.41 3791.95 2922.17 2872.98 2656.49 2850.25 2523.61 2407.11
threshold=-0.41558174788951868 0.31276594102382665 -1.149046719074249 0.23542753793299201 -0.55416440963745106 2.7999460697174077 -1.3655410408973692 0.23542753793299201 -0.72815677523612965 -0.81113922595977772 0.23542753793299201 -1.1897694468498228 -1.3365979194641111 0.15903349965810779 -0.1128837652504444 -0.47164988517761225 1.1728230714797976 0.92791008949279796 1.9536987543106081 0.3965147733688355 1.5032989382743838 1.7035850882530215 0.45671640336513525 0.82371494174003612 1.7163200974464419 -1.1085263490676878 -0.20087077468633649 -1.127049922943115 1.0000000180025095e-35 1.2114459872245791 -0.15108864009380338 1.0000000180025095e-35 -1.0000000180025095e-35 0.43819281458854681 -0.078671745955944047 -0.37020635604858393 1.0000000180025095e-35 0.6487882286310197 0.69404986500740062 1.0205361247062685 -1.1640971302986143 -0.49729524552822107 -0.13140735030174253 -0.24023338407278058 0.32473587989807134 0.18189372867345813 -0.30077947676181788 -0.72038355469703663 -0.39305296540260309 -0.47525136172771448 0.69404986500740062 0.18465130031108859 0.41966924071311956 0.85678997635841381 0.72558912634849559 0.53312620520591747 -0.31494747102260584 -0.77242308855056752 -0.97423034906387318 -1.0900027751922605 1.3782647252082827 0.5458611547946931
decision_type=2 2 2 2 2 2 2 2 2 2 2 2 2 2 2 2 2 2 2 2 2 2 2 2 2 2 2 2 2 2 2 2 2 2 2 2 2 2 2 2 2 2 2 2 2 2 2 2 2 2 2 2 2 2 2 2 2 2 2 2 2 2
left_child=4 6 3 28 8 25 7 32 39 20 11 31 -12 16 45 27 21 -18 -5 -7 43 22 34 37 -22 -4 58 -6 -3 30 36 -11 -2 -31 35 -8 -17 50 -39 40 -1 -29 -43 -10 49 -15 56 -25 -14 -13 -24 -36 -28 54 55 -54 -37 -42 59 -27 -55 -46
right_child=1 2 5 18 15 19 13 -9 9 10 12 44 48 14 -16 29 17 -19 -20 -21 24 -23 23 47 -26 26 52 41 -30 33 -32 -33 -34 -35 51 46 -38 38 -40 -41 57 42 -44 -45 61 -47 -48 -49 -50 -51 -52 -53 53 60 -56 -57 -58 -59 -60 -61 -62 -63
leaf_value=-0.1754424379336833 -0.18351690462676057 -0.18354118277135417 0.11294676380606175 0.14175725679732173 -0.0589645919871358 0.18743153767396728 0.04423722004379993 0.089838544229588521 -0.058375216123179974 -0.18351457123719545 0.058192433115897717 -0.046302825377564791 -0.027670388993936632 0.043553676297622877 0.091068790341224837 -0.18443883657455445 -0.045343733903826511 0.015372760009762768 0.016440869328316364 0.12461567139457506 -0.18238080572635063 0.091131133898373309 -0.030091333420485668 -0.004346629659435752 -0.090168832888439049 0.038144422781745041 0.10269483082978698 -0.0055866736488779821 -0.080866707521440692 0.062541396011139588 -0.039213602797796898 -0.095979083391527331 -0.084851178388014162 -0.042413234255573008 0.077866668034945255 0.013624636568224706 -0.050769448784941974 -0.034347156241142866 -0.13036990063111251 -0.079074018368161247 -0.13973843143859929 -0.014185008879711551 0.065539184844315951 -0.094689294963202553 -0.079201870065269672 -0.0037841745855037596 0.025769684268451061 0.015499306247008033 -0.051558175033269794 -0.02078589560525055 0.021618586055451128 0.034771821197070056 0.036232125670713343 0.081030755115854641 0.042603338065015761 0.079820390344369815 -0.016534381870060774 -0.097625997234127723 0.041975075635165893 0.080249516737117055 0.10887969472938541 -0.047575400262982383
leaf_weight=3134 8208 8208 12051 5102 6031 12058 18087 7653 12057 10944 10204 27783 29715 6013 17705 2699 18086 17171 2551 11705 4748 3625 8378 28378 5112 6029 12053 64339 2232 2452 15081 2976 2232 3004 6030 24118 880 3654 1829 17494 4593 6015 6030 18683 9568 12060 36071 68616 25076 20831 4197 12040 6017 30140 11140 29221 12042 34255 30137 12058 11142 16208
leaf_count=3134 8208 8208 12051 5102 6031 12058 18087 7653 12057 10944 10204 27783 29715 6013 17705 2699 18086 17171 2551 11705 4748 3625 8378 28378 5112 6029 12053 64339 2232 2452 15081 2976 2232 3004 6030 24118 880 3654 1829 17494 4593 6015 6030 18683 9568 12060 36071 68616 25076 20831 4197 12040 6017 30140 11140 29221 12042 34255 30137 12058 11142 16208
internal_value=-1.26343e-10 0.0353173 0.0720301 -0.0509487 -0.0508338 0.0841391 0.0118815 -0.055721 -0.0662346 -0.0560246 -0.0460758 -0.0627601 -0.0234065 0.0159846 0.0511103 -0.0142033 0.0111939 -0.0157734 0.0999851 0.15649 -0.0935911 0.0153811 0.0141522 0.00360558 -0.134573 0.0733928 0.0701708 -0.00491631 -0.16159 -0.0459411 -0.0607641 -0.1648 -0.162423 0.00475479 0.0253472 0.0205845 -0.151572 -0.0290909 -0.0663781 -0.0995217 -0.108042 -0.00064886 0.0257267 -0.080446 -0.0436662 0.0119654 0.0146617 0.00969289 -0.038603 -0.0353689 -0.0128328 0.0491527 0.0794102 0.0762086 0.0652258 0.0723776 0.00358108 -0.102605 0.0510664 0.0662145 0.0885472 -0.0593151
internal_weight=877949 518037 201844 18093 359912 183751 316193 18093 253381 193905 153305 88310 64995 298100 35778 106531 262322 35257 7653 23763 40600 227065 223440 115052 9860 159988 147937 82415 10440 24116 18660 13920 10440 5456 108388 90318 3579 18058 5483 59476 41982 76384 12045 30740 74390 18073 72231 96994 54791 48614 12575 18070 99713 87660 46378 35238 36160 38848 48224 18087 41282 25776
internal_count=877949 518037 201844 18093 359912 183751 316193 18093 253381 193905 153305 88310 64995 298100 35778 106531 262322 35257 7653 23763 40600 227065 223440 115052 9860 159988 147937 82415 10440 24116 18660 13920 10440 5456 108388 90318 3579 18058 5483 59476 41982 76384 12045 30740 74390 18073 72231 96994 54791 48614 12575 18070 99713 87660 46378 35238 36160 38848 48224 18087 41282 25776
is_linear=0
shrinkage=0.05


Tree=3
num_leaves=63
num_cat=0
split_feature=3 3 0 6 3 3 1 6 3 2 6 0 0 3 0 3 2 0 3 0 1 0 1 0 0 0 0 0 0 3 2 6 22 0 6 6 0 6 3 3 6 0 0 0 6 0 0 0 1 0 3 3 2 2 3 3 2 0 0 0 0 0
split_gain=569006 160903 108509 109074 73297.8 51575.1 31661.7 101445 31087.5 26161.8 20932 62113 29094.9 18109.2 20202.6 11335.4 10693.2 11722.3 9641.45 8460.41 7895.61 7630.79 9523.74 8266.61 7556.25 7360.72 9426.75 7079.21 9668.29 11193.2 7187.24 6678.26 6542.16 13182.6 6472.1 6166.96 5368.54 4503.93 4436.33 4567.59 3951.91 4057.13 3883.16 3821.98 3791.67 4737.98 4211.07 3488.5 3486.93 3425.55 3245.88 3209.45 3004.86 2965.97 4096.89 3809.46 3115.68 2830.95 3126.81 2798.28 2699.15 2693.67
threshold=-0.41558174788951868 0.31276594102382665 -1.149046719074249 0.23542753793299201 -0.55416440963745106 2.7999460697174077 -1.1897694468498228 0.23542753793299201 -0.72815677523612965 -0.81113922595977772 0.23542753793299201 -1.3365979194641111 -1.3365979194641111 0.15903349965810779 -0.1128837652504444 -0.47164988517761225 1.1728230714797976 0.92791008949279796 1.9536987543106081 0.3965147733688355 -1.0000000180025095e-35 1.7035850882530215 0.37072099745273596 0.82371494174003612 1.7163200974464419 -1.1085263490676878 -0.20087077468633649 -0.34327083826065058 -0.27959600090980524 -0.49729524552822107 0.6059766709804536 1.0000000180025095e-35 1.2114459872245791 -0.15108864009380338 1.0000000180025095e-35 1.0000000180025095e-35 0.43819281458854681 0.23542753793299201 -0.078671745955944047 -0.37020635604858393 0.6487882286310197 0.69404986500740062 -1.0000000180025095e-35 0.75193604826927196 0.23542753793299201 -0.37105621397495264 -1.1640971302986143 -0.24023338407278058 -1.0000000180025095e-35 0.33631311357021337 0.18189372867345813 -0.30077947676181788 1.4562462568283083 -1.0000000180025095e-35 -0.18533226102590558 -0.2678180187940597 -0.81113922595977772 0.36757166683673864 0.5458611547946931 -0.47525136172771448 0.69404986500740062 0.18465130031108859
decision_type=2 2 2 2 2 2 2 2 2 2 2 2 2 2 2 2 2 2 2 2 2 2 2 2 2 2 2 2 2 2 2 2 2 2 2 2 2 2 2 2 2 2 2 2 2 2 2 2 2 2 2 2 2 2 2 2 2 2 2 2 2 2
left_child=4 6 3 31 8 25 7 35 42 20 11 34 -12 16 50 27 21 -18 -5 -7 47 22 38 40 -22 -4 -27 30 -29 43 -6 -3 33 37 -11 -2 -34 -17 39 -8 60 -42 44 -30 46 -46 -1 -10 59 -44 -15 -41 -32 54 -25 -55 -56 -14 -59 -13 -24 -40
right_child=1 2 5 18 15 19 13 -9 9 10 12 48 57 14 -16 32 17 -19 -20 -21 24 -23 23 53 -26 26 -28 28 29 -31 52 -33 36 -35 -36 -37 -38 -39 61 51 41 -43 49 -45 45 -47 -48 -49 -50 -51 -52 -53 -54 55 56 -57 -58 58 -60 -61 -62 -63
leaf_value=-0.16649553403511269 -0.17434105566661048 -0.17436411787572428 0.10729942636852029 0.13466939430571406 0.0010565432151415782 0.17805995737998159 0.042025359931732925 0.085346613732464383 -0.055456455349286664 -0.17433884148581277 0.05528281314765085 -0.043987683239295944 -0.029738358355637942 0.041375993602894484 0.086515352942788046 -0.1585901613629519 -0.043076547690425307 0.01460412149685225 0.015618825897258904 0.11838488706866171 -0.17326176043132252 0.086574573382015893 -0.028586766579406109 0.045377549664756156 -0.085660391857086779 0.048513046552097823 0.075439665236903736 0.067429573220248548 -0.027418675365254774 0.06226222345336753 -0.0579330330769567 -0.076823377828731276 0.059414322808655329 -0.037252923500560552 -0.091180125777159005 -0.080608626476432271 -0.040292572485784182 0.071544382356862141 0.07397334032193148 0.0034020283757628974 -0.032629799657857089 -0.12385140549963847 -0.043248564809226252 0.0060589210653854133 -0.05552398626355063 -0.10754689460100116 -0.10707564720866525 -0.089954831289967022 -0.05634932980472801 -0.090387719070291847 -0.003594965646884499 0.024481199556118771 -0.014702261891763217 -0.039355331878502556 0.002220658088027135 0.0059100348139439615 0.045192786532333377 -0.11502259824912586 -0.046494278945029929 -0.019746601182496975 0.020537656330477341 0.033033229484268227
leaf_weight=3480 8208 8208 12051 5102 18074 12058 18087 7653 12057 10944 10204 27783 39927 6013 17705 3352 18086 17171 2551 11705 4748 3625 8378 11132 5112 48224 99713 6012 18066 6030 12060 2232 2452 15081 2976 2232 3004 227 6030 36160 3654 1829 5795 16144 7661 10209 20825 18683 25776 11506 12060 36071 6029 5109 24123 51518 5112 1910 12954 20831 4197 12040
leaf_count=3480 8208 8208 12051 5102 18074 12058 18087 7653 12057 10944 10204 27783 39927 6013 17705 3352 18086 17171 2551 11705 4748 3625 8378 11132 5112 48224 99713 6012 18066 6030 12060 2232 2452 15081 2976 2232 3004 227 6030 36160 3654 1829 5795 16144 7661 10209 20825 18683 25776 11506 12060 36071 6029 5109 24123 51518 5112 1910 12954 20831 4197 12040
internal_value=-1.19579e-10 0.0335515 0.0684286 -0.0484012 -0.0482921 0.0799322 0.0112875 -0.052935 -0.0629229 -0.0532233 -0.043772 -0.0596221 -0.0222361 0.0151854 0.0485548 -0.0134932 0.0106342 -0.0149847 0.0949859 0.148666 -0.0889115 0.0146121 0.0134446 0.0034253 -0.127844 0.0697232 0.0666622 -0.0046705 0.00828715 -0.00054894 -0.0212432 -0.153511 -0.0436441 -0.0577259 -0.15656 -0.154302 0.00451705 -0.143994 0.0240799 0.0195553 -0.0276363 -0.0630592 -0.0945456 -0.0116203 -0.102728 -0.0852443 -0.115583 -0.0764237 -0.0414829 -0.0745984 0.0113672 0.0139286 -0.0435244 0.00920824 0.0195639 0.0018261 0.00973472 -0.0366729 -0.0553001 -0.0336004 -0.0121911 0.046695
internal_weight=877949 518037 201844 18093 359912 183751 316193 18093 253381 193905 153305 88310 64995 298100 35778 106531 262322 35257 7653 23763 40600 227065 223440 115052 9860 159988 147937 82415 46252 40240 36163 10440 24116 18660 13920 10440 5456 3579 108388 90318 18058 5483 59476 34210 42175 17870 24305 30740 74390 17301 18073 72231 18089 96994 40367 56627 29235 54791 14864 48614 12575 18070
internal_count=877949 518037 201844 18093 359912 183751 316193 18093 253381 193905 153305 88310 64995 298100 35778 106531 262322 35257 7653 23763 40600 227065 223440 115052 9860 159988 147937 82415 46252 40240 36163 10440 24116 18660 13920 10440 5456 3579 108388 90318 18058 5483 59476 34210 42175 17870 24305 30740 74390 17301 18073 72231 18089 96994 40367 56627 29235 54791 14864 48614 12575 18070
is_linear=0
shrinkage=0.05


Tree=4
num_leaves=63
num_cat=0
split_feature=3 3 0 6 3 3 1 6 3 2 6 0 0 3 0 3 2 0 3 0 0 0 0 0 0 0 0 0 0 3 2 6 22 0 6 6 0 6 3 3 6 0 3 0 22 0 0 0 3 3 4 2 1 3 2 3 0 0 0 0 0 0
split_gain=513528 145215 97928.9 98439.5 66151.2 46546.6 28574.7 91554.1 28056.5 23611 18891.1 56057 26258.2 16343.6 18232.8 10230.2 9650.65 10579.4 8701.41 7635.52 7125.79 6886.79 8595.18 7460.62 6819.52 6643.05 8507.64 6388.99 8725.63 10101.9 6486.49 6027.13 5904.3 11897.3 5841.07 5565.68 4845.11 4082.74 4003.79 4122.25 3566.6 3661.56 3542.37 3449.34 3374.15 5607.07 3245.36 3146.95 2929.41 2896.52 2854.27 2711.88 2683.44 4289.47 3389.02 2637.26 2617.53 2525.45 2439.66 2435.98 2431.03 2397.48
threshold=-0.41558174788951868 0.31276594102382665 -1.149046719074249 0.23542753793299201 -0.55416440963745106 2.7999460697174077 -1.1897694468498228 0.23542753793299201 -0.72815677523612965 -0.81113922595977772 0.23542753793299201 -1.3365979194641111 -1.3365979194641111 0.15903349965810779 -0.1128837652504444 -0.47164988517761225 1.1728230714797976 0.92791008949279796 1.9536987543106081 0.3965147733688355 1.5032989382743838 1.7035850882530215 0.45671640336513525 0.82371494174003612 1.7163200974464419 -1.1085263490676878 -0.20087077468633649 -0.34327083826065058 -0.27959600090980524 -0.49729524552822107 0.6059766709804536 1.0000000180025095e-35 1.2114459872245791 -0.15108864009380338 -1.0000000180025095e-35 1.0000000180025095e-35 0.43819281458854681 1.0000000180025095e-35 -0.078671745955944047 -0.37020635604858393 0.6487882286310197 0.69404986500740062 -0.77242308855056752 0.75193604826927196 0.91351509094238292 -1.1640971302986143 -1.0205392837524412 -1.0000000180025095e-35 0.18189372867345813 -0.30077947676181788 -0.72038355469703663 1.4562462568283083 0.37072099745273596 0.94304263591766369 1.4562462568283083 -0.31494747102260584 -0.39305296540260309 -0.47525136172771448 0.44977006316185003 0.69404986500740062 0.18465130031108859 -0.97423034906387318
decision_type=2 2 2 2 2 2 2 2 2 2 2 2 2 2 2 2 2 2 2 2 2 2 2 2 2 2 2 2 2 2 2 2 2 2 2 2 2 2 2 2 2 2 2 2 2 2 2 2 2 2 2 2 2 2 2 2 2 2 2 2 2 2
left_child=4 6 3 31 8 25 7 35 42 20 11 34 -12 16 48 27 21 -18 -5 -7 46 22 38 40 -22 -4 61 30 -29 43 -6 -3 33 37 -11 -2 -34 -17 39 -8 59 -42 -1 -30 45 -44 -10 57 -15 55 -25 -32 -28 58 -55 -41 -14 -13 -54 -24 -40 -27
right_child=1 2 5 18 15 19 13 -9 9 10 12 47 56 14 -16 32 17 -19 -20 -21 24 -23 23 50 -26 26 52 28 29 -31 51 -33 36 -35 -36 -37 -38 -39 60 49 41 -43 44 -45 -46 -47 -48 -49 -50 -51 -52 -53 53 54 -56 -57 -58 -59 -60 -61 -62 -63
leaf_value=-0.126150015994553 -0.16562400749770226 -0.16564591337743328 0.10193445104581669 0.1279359291110119 0.0010037158518249685 0.16915695624409632 0.039924091361864034 0.081079284052560333 -0.039711907863596907 -0.16562190060578669 0.052518671598185587 -0.041788299744933199 -0.024799951312085917 0.039307194860965566 0.08218958718347133 -0.16728738546371461 -0.040922720193203033 0.013873915380520664 0.014837883836113322 0.11246563762795564 -0.16459867788671745 0.082245845659847924 -0.027157428525574998 -0.0045894393516811736 -0.08137737465133317 0.060478111596877437 0.093788104238108974 0.064058096041619106 -0.026047741239450212 0.059149113929093777 -0.055036381240903244 -0.072982204681380045 0.056443609119367105 -0.035390276394573761 -0.086621119907145258 -0.076578185205284421 -0.038277942111365967 -0.043269679830832915 0.070274669457827219 0.012773303296462108 -0.030998309570380966 -0.11765883914609998 -0.16089876067085973 0.0057559748428174318 -0.067877833054067332 -0.08865162726425857 -0.080627179595259599 -0.053531861970636245 -0.0034152167156668053 0.023257139969482539 0.014263816589656695 -0.013967148856206219 0.03064853553411789 0.098529296481900203 0.063948406635956342 -0.015877763173197071 -0.046735753190931512 -0.018759271450308812 0.064264423095333728 0.019510773730035791 0.031381568745117182 0.037450671128870142
leaf_weight=6029 8208 8208 12051 5102 18074 12058 18087 7653 6029 10944 10204 27783 29715 6013 17705 2699 18086 17171 2551 11705 4748 3625 8378 28378 5112 18087 12053 6012 18066 6030 12060 2232 2452 15081 2976 2232 3004 880 6030 24118 3654 1829 2925 16144 17715 32807 24711 25776 12060 36071 68616 6029 6017 17173 12061 12042 25076 20831 52409 4197 12040 30137
leaf_count=6029 8208 8208 12051 5102 18074 12058 18087 7653 6029 10944 10204 27783 29715 6013 17705 2699 18086 17171 2551 11705 4748 3625 8378 28378 5112 18087 12053 6012 18066 6030 12060 2232 2452 15081 2976 2232 3004 880 6030 24118 3654 1829 2925 16144 17715 32807 24711 25776 12060 36071 68616 6029 6017 17173 12061 12042 25076 20831 52409 4197 12040 30137
internal_value=-4.50568e-11 0.0318739 0.0650071 -0.0459812 -0.0458775 0.0759356 0.0107231 -0.0502882 -0.0597768 -0.0505622 -0.0415834 -0.056641 -0.0211243 0.0144261 0.046127 -0.0128185 0.0101025 -0.0142355 0.0902366 0.141232 -0.0844659 0.0138815 0.0127724 0.00325403 -0.121452 0.066237 0.0633291 -0.00443697 0.00787279 -0.000521493 -0.020181 -0.145835 -0.0414618 -0.0548396 -0.148732 -0.146587 0.0042912 -0.136794 0.0228759 0.0185775 -0.0262545 -0.0599062 -0.0898184 -0.0110393 -0.08572 -0.0945657 -0.0726025 -0.0394087 0.0107988 0.0132322 0.00874783 -0.0413482 0.0716677 0.0686262 0.0842623 0.00323193 -0.0348392 -0.0319204 0.0608025 -0.0115816 0.0443603 0.0460874
internal_weight=877949 518037 201844 18093 359912 183751 316193 18093 253381 193905 153305 88310 64995 298100 35778 106531 262322 35257 7653 23763 40600 227065 223440 115052 9860 159988 147937 82415 46252 40240 36163 10440 24116 18660 13920 10440 5456 3579 108388 90318 18058 5483 59476 34210 53447 35732 30740 74390 18073 72231 96994 18089 99713 87660 29234 36160 54791 48614 58426 12575 18070 48224
internal_count=877949 518037 201844 18093 359912 183751 316193 18093 253381 193905 153305 88310 64995 298100 35778 106531 262322 35257 7653 23763 40600 227065 223440 115052 9860 159988 147937 82415 46252 40240 36163 10440 24116 18660 13920 10440 5456 3579 108388 90318 18058 5483 59476 34210 53447 35732 30740 74390 18073 72231 96994 18089 99713 87660 29234 36160 54791 48614 58426 12575 18070 48224
is_linear=0
shrinkage=0.05


Tree=5
num_leaves=63
num_cat=0
split_feature=3 3 0 6 3 3 1 6 3 2 6 1 0 3 0 3 2 0 3 0 0 0 0 0 0 0 0 0 3 2 6 22 0 6 6 0 3 3 2 0 6 0 6 0 0 6 0 0 0 0 2 3 3 2 3 0 0 0 0 2 0 3
split_gain=463459 131057 88380.9 88841.6 59701.5 42008.3 25788.6 82627.5 25321 21308.9 17049.2 50591.4 23698 14750.1 16455.1 9232.73 8709.71 9547.9 7853.02 6891.06 6548.94 6215.33 7757.15 6733.21 5995.35 7678.15 5766.06 7874.88 9116.97 5854.05 5439.48 5344.64 11830.1 5271.57 5023.02 4138.91 3623.59 4949.13 4545.08 3294.64 3218.85 3304.56 3218.29 4133.36 3468.41 3202.69 3113.03 3091.36 2873.86 7422.3 2676.73 3697.4 3437.98 2811.95 2643.79 2526.67 2864.11 2976.82 2869.97 2447.48 2386.06 3011.74
threshold=-0.41558174788951868 0.31276594102382665 -1.149046719074249 0.23542753793299201 -0.55416440963745106 2.7999460697174077 -1.1897694468498228 0.23542753793299201 -0.72815677523612965 -0.81113922595977772 0.23542753793299201 -1.1897694468498228 -1.3365979194641111 0.15903349965810779 -0.1128837652504444 -0.47164988517761225 1.1728230714797976 0.92791008949279796 1.9536987543106081 0.3965147733688355 0.049197588115930564 1.7035850882530215 0.45671640336513525 0.82371494174003612 -1.1085263490676878 -0.20087077468633649 -0.34327083826065058 -0.27959600090980524 -0.49729524552822107 0.6059766709804536 1.0000000180025095e-35 1.1219155192375185 -0.15108864009380338 1.0000000180025095e-35 1.0000000180025095e-35 0.43819281458854681 -0.18941957503557202 -0.37020635604858393 -0.81113922595977772 -1.0000000180025095e-35 0.6487882286310197 0.69404986500740062 0.23542753793299201 -0.37105621397495264 -1.1640971302986143 0.23542753793299201 0.75193604826927196 0.33631311357021337 0.36757166683673864 0.5458611547946931 1.0000000180025095e-35 -0.18533226102590558 -0.2678180187940597 -0.81113922595977772 0.18189372867345813 1.59591680765152 1.3782647252082827 0.41966924071311956 0.44977006316185003 1.4562462568283083 0.36757166683673864 -0.57429704070091236
decision_type=2 2 2 2 2 2 2 2 2 2 2 2 2 2 2 2 2 2 2 2 2 2 2 2 2 2 2 2 2 2 2 2 2 2 2 2 2 2 2 2 2 2 2 2 2 2 2 2 2 2 2 2 2 2 2 2 2 2 2 2 2 2
left_child=4 6 3 30 8 24 7 34 39 20 11 33 -12 16 54 26 21 -18 -5 -7 -10 22 36 40 -4 -26 29 -28 46 -6 -3 32 -17 -11 -2 45 37 -8 -38 42 -24 -42 44 -44 -1 -33 -29 -41 -13 -50 51 -25 -52 -53 -15 56 57 -27 -59 -31 -14 -62
right_child=1 2 5 18 15 19 13 -9 9 10 12 48 60 14 -16 31 17 -19 -20 -21 -22 -23 23 50 25 55 27 28 -30 59 -32 35 -34 -35 -36 -37 38 -39 -40 47 41 -43 43 -45 -46 -47 -48 -49 49 -51 52 53 -54 -55 -56 -57 -58 58 -60 -61 61 -63
leaf_value=-0.15091302435036921 -0.15734280041377224 -0.15736362148824259 0.096837729407651688 0.12153913478952257 0.00095352975291414406 0.16069911675214729 0.037927886138035938 0.077025321783909501 -0.064138388406771774 -0.1573408008103766 0.049892739422548335 -0.031552243363882126 -0.026730920566504213 0.037341833586222256 0.078080103419083599 -0.13777031497812983 -0.038876583980296212 0.013180219421958862 0.014095990097566902 0.10684235704703904 -0.10528322309185273 0.078133554323788351 -0.011002489640086786 0.042671031470136046 0.043783023081519483 0.089098701412367406 0.060855192770405832 -0.024745354833618935 0.056191656625587151 -0.052284562977565265 -0.069333100209086063 -0.12233040229495303 -0.033692050517375075 -0.082290067575791825 -0.07274927795734458 -0.035782121919909371 0.059787499841521478 0.0077260339288288422 0.022128095993950072 -0.037172451583833623 -0.029448393433952863 -0.11177589647052327 -0.048997418529098995 -0.097587717498115956 -0.096986685496854186 0.065271009327575499 0.0054681760358197377 -0.081953199900649198 -0.12064411798557202 -0.039702570493232434 -0.037824543906323178 0.0016721254309058527 0.0051771809279032932 0.042496006738998102 -0.0032444568154346939 0.044533077114022136 0.089130032301150408 0.029116109695464489 0.065512525261588586 -0.013268791654348614 -0.060335788509348814 -0.00023043345333441238
leaf_weight=3480 8208 8208 12051 5102 18074 12058 18087 7653 24709 10944 10204 54750 39927 6013 17705 3350 18086 17171 2551 11705 15891 3625 12575 11132 48224 12053 6012 18066 6030 12060 2232 251 14759 2976 2232 3326 12018 54248 24035 5795 3654 1829 7661 10209 20825 2430 16144 11506 3432 16208 5109 24123 51518 5112 12060 10221 17173 6017 54249 6029 12357 2507
leaf_count=3480 8208 8208 12051 5102 18074 12058 18087 7653 24709 10944 10204 54750 39927 6013 17705 3350 18086 17171 2551 11705 15891 3625 12575 11132 48224 12053 6012 18066 6030 12060 2232 251 14759 2976 2232 3326 12018 54248 24035 5795 3654 1829 7661 10209 20825 2430 16144 11506 3432 16208 5109 24123 51518 5112 12060 10221 17173 6017 54249 6029 12357 2507
internal_value=1.55787e-10 0.0302802 0.0617568 -0.0436821 -0.0435836 0.0721388 0.0101869 -0.0477738 -0.0567879 -0.0480341 -0.0395042 -0.0538089 -0.0200681 0.0137048 0.0438207 -0.0121776 0.00959733 -0.0135237 0.0857248 0.134171 -0.0802426 0.0131874 0.0121337 0.00309133 0.0629252 0.0601627 -0.00421512 0.00747915 -0.000495419 -0.019172 -0.138543 -0.0393888 -0.0529456 -0.141295 -0.139257 0.00148032 0.0217321 0.0152779 0.0346816 -0.0853274 -0.0249418 -0.0569109 -0.0928647 -0.0767567 -0.104708 0.0477074 -0.0104873 -0.0669538 -0.0374383 -0.0538467 0.00831044 0.0181482 0.00129748 0.00881054 0.0102589 0.0680843 0.0707741 0.0664153 0.0618787 -0.0392807 -0.0330973 -0.0501983
internal_weight=877949 518037 201844 18093 359912 183751 316193 18093 253381 193905 153305 88310 64995 298100 35778 106531 262322 35257 7653 23763 40600 227065 223440 115052 159988 147937 82415 46252 40240 36163 10440 24116 18109 13920 10440 6007 108388 72335 36053 59476 18058 5483 42175 17870 24305 2681 34210 17301 74390 19640 96994 40367 56627 29235 18073 99713 89492 72319 60266 18089 54791 14864
internal_count=877949 518037 201844 18093 359912 183751 316193 18093 253381 193905 153305 88310 64995 298100 35778 106531 262322 35257 7653 23763 40600 227065 223440 115052 159988 147937 82415 46252 40240 36163 10440 24116 18109 13920 10440 6007 108388 72335 36053 59476 18058 5483 42175 17870 24305 2681 34210 17301 74390 19640 96994 40367 56627 29235 18073 99713 89492 72319 60266 18089 54791 14864
is_linear=0
shrinkage=0.05


Tree=6
num_leaves=63
num_cat=0
split_feature=3 3 0 6 3 3 1 6 0 6 0 0 3 0 2 3 2 0 3 0 0 1 1 0 0 0 0 0 3 2 6 6 22 0 3 0 0 6 0 0 0 0 3 0 0 6 0 3 6 0 3 4 0 3 3 3 3 6 0 0 3 2
split_gain=418272 118279 79763.7 80179.6 53880.6 37912.5 23274.3 74571.4 23089.1 21417.5 55776.8 16874.9 13311.9 14850.8 10668.5 8332.54 7860.51 8616.98 7087.35 6291.5 5609.33 7000.83 6076.72 5604.42 5410.8 6929.53 5203.87 7107.08 8228.06 5283.28 5068.11 4909.13 4823.53 10676.6 4755.88 8501.1 4854.73 4533.28 4334.44 4322.29 3748.75 3735.36 3387.57 3623.85 3103.69 2905.02 2982.37 2890.48 2890.43 2809.51 2691.34 2575.87 2571.56 3080.76 2481.31 2631.38 2386.02 2290.43 2280.32 2691.49 2225.47 2208.85
threshold=-0.41558174788951868 0.31276594102382665 -1.149046719074249 0.23542753793299201 -0.55416440963745106 2.7999460697174077 -1.1897694468498228 0.23542753793299201 -0.37105621397495264 0.23542753793299201 -1.3365979194641111 -1.3365979194641111 0.15903349965810779 -0.1128837652504444 -1.0000000180025095e-35 -0.47164988517761225 1.1728230714797976 0.92791008949279796 1.9536987543106081 1.1721898317337038 1.7035850882530215 -1.0000000180025095e-35 0.76084354519844066 0.5458611547946931 -1.1085263490676878 -0.20087077468633649 -0.34327083826065058 -0.27959600090980524 -0.49729524552822107 0.6059766709804536 1.0000000180025095e-35 1.0000000180025095e-35 1.1219155192375185 -0.15108864009380338 -0.61470600962638844 1.0000000180025095e-35 1.5032989382743838 -1.0000000180025095e-35 0.33631311357021337 -0.47525136172771448 -1.5449882149696348 0.43819281458854681 -0.078671745955944047 -0.92676365375518788 -0.74500101804733265 0.6487882286310197 0.69404986500740062 -0.67612668871879567 0.23542753793299201 0.75193604826927196 -0.57429704070091236 -0.72038355469703663 -0.81562218070030201 -0.65138506889343251 -0.37020635604858393 -0.1616052761673927 0.18189372867345813 1.0000000180025095e-35 1.59591680765152 1.5716046094894411 -0.43878702819347376 1.4562462568283083
decision_type=2 2 2 2 2 2 2 2 2 2 2 2 2 2 2 2 2 2 2 2 2 2 2 2 2 2 2 2 2 2 2 2 2 2 2 2 2 2 2 2 2 2 2 2 2 2 2 2 2 2 2 2 2 2 2 2 2 2 2 2 2 2
left_child=4 6 3 31 8 24 7 37 9 10 30 40 16 56 34 26 20 -18 -5 -7 21 42 45 38 -4 -26 29 -28 49 -6 -1 -3 33 57 35 -10 -36 -2 -16 47 -11 48 43 54 -45 -23 -47 -12 -34 -29 -25 -24 -13 -54 -8 -56 -14 -17 59 -27 -35 -31
right_child=1 2 5 18 15 19 12 -9 14 11 39 52 13 -15 23 32 17 -19 -20 -21 -22 22 51 50 25 58 27 28 -30 61 -32 -33 41 60 36 -37 -38 -39 -40 -41 -42 -43 -44 44 -46 46 -48 -49 -50 -51 -52 -53 53 -55 55 -57 -58 -59 -60 -61 -62 -63
leaf_value=-0.15012974502921808 -0.14947566679564483 -0.14949543882909341 0.091995847374713974 0.11546217882600499 0.00090585374431165211 0.14226470413720924 0.045697332862353696 0.073174056846550622 -0.099522555941616575 -0.02036806422588 -0.059732116807819681 -0.050307830953727095 0.035474741932489298 0.074176100321793684 -0.039661482967262497 -0.15203449726104737 -0.036932753378582255 0.012521209006757109 0.013391189924388341 0.082746699183120345 0.074226875170345971 -0.010452364631845401 -0.0047752321709584669 -0.046184187517229157 0.041593871911158896 0.065101357806462132 0.057812430158769315 -0.023508086888822926 0.053382073808863 -0.049670334690702991 -0.084310449321856926 -0.065866446363202241 -0.11621388624388858 -0.046650165054756283 -0.083513127250200492 -0.06102799223569192 -0.1511045798000259 -0.069111820815070335 -0.09304953228399504 -0.016243694538052387 0.047398102102359847 -0.033993016773839306 0.040407515836561728 -0.015470177350983367 0.01456586329973578 -0.027975973923754085 -0.10618710270779846 -0.03301700926418432 0.062007458142537643 0.0051947673240989043 -0.0085789676223589698 0.013134997585806323 -0.032408723856441515 0.0039046988990431176 0.013486483790766342 0.049775778312975159 -0.0030822339967574047 -0.050075427422420583 0.042306421338788758 0.10246794825079764 -0.0062629768423440287 -0.012605351726117759
leaf_weight=13680 8208 8208 12051 5102 18074 17853 12058 7653 24692 2551 17345 12758 6013 17705 5795 2655 18086 17171 2551 5910 3625 12575 28378 23175 48224 84381 6012 18066 6030 12060 3720 2232 251 9408 6031 34217 4748 2232 11053 20831 10204 3326 18070 12042 30096 3654 1829 24324 2430 16144 5987 68616 24612 7658 30134 5988 12060 695 10221 5111 5351 6029
leaf_count=13680 8208 8208 12051 5102 18074 17853 12058 7653 24692 2551 17345 12758 6013 17705 5795 2655 18086 17171 2551 5910 3625 12575 28378 23175 48224 84381 6012 18066 6030 12060 3720 2232 251 9408 6031 34217 4748 2232 11053 20831 10204 3326 18070 12042 30096 3654 1829 24324 2430 16144 5987 68616 24612 7658 30134 5988 12060 695 10221 5111 5351 6029
internal_value=1.39019e-10 0.0287662 0.0586689 -0.041498 -0.0414044 0.0685318 0.00967759 -0.0453851 -0.0539485 -0.0401126 -0.0568829 -0.0169233 0.0130196 0.0416297 -0.0704136 -0.0115687 0.00911747 -0.0128475 0.0814385 0.127462 0.012528 0.0115271 0.00293676 -0.0517278 0.0597789 0.0571545 -0.00400437 0.00710519 -0.000470648 -0.0182134 -0.136058 -0.131616 -0.0374193 -0.0502983 -0.0827505 -0.0771632 -0.113286 -0.132294 -0.0746863 -0.0348405 0.0338449 0.0014063 0.0206455 0.0166917 0.0059823 -0.0236947 -0.0540654 -0.0441374 0.0453221 -0.00996296 -0.0384638 0.00789492 -0.0313043 -0.0237912 0.0260581 0.0195022 0.00974591 -0.130882 0.0646801 0.0672354 -0.0320074 -0.0373167
internal_weight=877949 518037 201844 18093 359912 183751 316193 18093 253381 137683 79900 57783 298100 35778 115698 106531 262322 35257 7653 23763 227065 223440 115052 46010 159988 147937 82415 46252 40240 36163 17400 10440 24116 18109 69688 58909 10779 10440 16848 62500 12755 6007 108388 90318 42138 18058 5483 41669 2681 34210 29162 96994 45028 32270 48180 36122 18073 3350 99713 89492 14759 18089
internal_count=877949 518037 201844 18093 359912 183751 316193 18093 253381 137683 79900 57783 298100 35778 115698 106531 262322 35257 7653 23763 227065 223440 115052 46010 159988 147937 82415 46252 40240 36163 17400 10440 24116 18109 69688 58909 10779 10440 16848 62500 12755 6007 108388 90318 42138 18058 5483 41669 2681 34210 29162 96994 45028 32270 48180 36122 18073 3350 99713 89492 14759 18089
is_linear=0
shrinkage=0.05


Tree=7
num_leaves=63
num_cat=0
split_feature=3 3 1 6 3 3 0 6 0 6 1 0 3 0 2 3 2 0 3 0 0 0 0 0 0 0 0 0 3 2 6 6 22 0 3 0 1 6 0 0 2 0 0 3 3 0 0 3 6 0 2 3 0 3 3 3 1 3 3 0 0 0
split_gain=377490 106746 71986.8 72362 48627.2 34216 21005 67300.6 20837.9 19329.3 50338.6 15229.6 12014 13402.8 9628.34 7520.11 7094.11 7776.82 6396.33 5859.25 5062.42 6318.24 5497.48 5057.99 4883.25 6253.9 4696.49 6414.14 7425.83 4768.16 4573.97 4430.49 4353.24 9635.67 4292.18 7672.25 4381.4 4091.28 3911.84 3900.87 3444.35 3383.25 3371.17 3102.72 3057.28 3270.53 2801.08 2608.66 2608.61 2535.58 2450.11 2437.48 2320.83 2780.38 2239.38 2374.82 2181.07 3534.59 2653.39 2889.18 2163.72 2572.35
threshold=-0.41558174788951868 0.31276594102382665 -0.99470815062522877 0.23542753793299201 -0.55416440963745106 2.7999460697174077 -1.3655410408973692 0.23542753793299201 -0.37105621397495264 0.23542753793299201 -1.1897694468498228 -1.3365979194641111 0.15903349965810779 -0.1128837652504444 1.0000000180025095e-35 -0.47164988517761225 1.1728230714797976 -1.0000000180025095e-35 1.9536987543106081 0.3965147733688355 1.7035850882530215 0.45671640336513525 0.85381576418876659 0.5458611547946931 -1.1085263490676878 -0.20087077468633649 -0.34327083826065058 -0.27959600090980524 -0.49729524552822107 0.6059766709804536 1.0000000180025095e-35 1.0000000180025095e-35 1.1219155192375185 -0.15108864009380338 -0.61470600962638844 1.0000000180025095e-35 -1.0000000180025095e-35 1.0000000180025095e-35 0.33631311357021337 -0.47525136172771448 -1.0000000180025095e-35 -1.5449882149696348 0.43819281458854681 -0.2678180187940597 -0.078671745955944047 -0.92676365375518788 -0.74500101804733265 -0.67612668871879567 0.23542753793299201 0.75193604826927196 0.6059766709804536 -0.18013582378625867 -0.81562218070030201 -0.65138506889343251 -0.37020635604858393 -0.1616052761673927 -1.0000000180025095e-35 0.85678997635841381 0.72558912634849559 0.53312620520591747 -0.97423034906387318 -1.0900027751922605
decision_type=2 2 2 2 2 2 2 2 2 2 2 2 2 2 2 2 2 2 2 2 2 2 2 2 2 2 2 2 2 2 2 2 2 2 2 2 2 2 2 2 2 2 2 2 2 2 2 2 2 2 2 2 2 2 2 2 2 2 2 2 2 2
left_child=4 6 3 31 8 24 7 37 9 10 30 41 16 -14 34 26 20 -18 -5 -7 21 44 -23 38 -4 60 29 -28 49 -6 -1 -3 33 -17 35 -10 -36 -2 -16 47 51 -11 48 -42 45 54 -47 -12 -34 -29 -25 -24 -13 -54 -8 -56 -27 58 59 -58 61 -26
right_child=1 2 5 18 15 19 12 -9 14 11 39 52 13 -15 23 32 17 -19 -20 -21 -22 22 40 50 25 56 27 28 -30 -31 -32 -33 42 -35 36 -37 -38 -39 -40 -41 43 -43 -44 -45 -46 46 -48 -49 -50 -51 -52 -53 53 -55 55 -57 57 -59 -60 -61 -62 -63
leaf_value=-0.14262325527582165 -0.14200187615077217 -0.14202065874784314 0.087396052650946257 0.10968906383848993 0.00086056086700760787 0.1455509181490465 0.043412466147183623 0.069515351156899927 -0.094546427154572885 -0.019349661082001385 -0.056745511540338592 -0.047792439389425158 0.0092586176119803694 0.070467296640218502 -0.03767840888675833 -0.12433770476882139 -0.035086116094335491 0.011895148362564409 0.012721630325166692 0.09588957474405875 0.070515532358761498 -0.018449326518645729 0.040142497748247574 -0.054991727647629135 0.026518799159843516 0.08138869755952316 0.054921811518240139 -0.022332682180573438 0.050712970530808865 -0.035450871009056244 -0.080094931412053871 -0.062573122884410581 -0.11040318643904304 -0.030407076237139525 -0.079337472507189352 -0.05797659233313357 -0.14354935696045754 -0.065656229664027482 -0.088397056105923549 -0.01543150977240626 -0.036327671505005765 0.045028197343175563 -0.032293366218721906 0.004523612602465526 0.038387139274297009 -0.01469666784312397 0.013837569969591047 -0.031366157847829285 0.058907082183861439 0.0049350290719858726 -0.025156852401668556 0.011681887178218393 -0.030788287674477888 0.0037094639073235419 0.012812159464892789 0.047286988320494848 0.024405235429629149 0.06934580618109891 0.027961058513507234 0.062452651053393739 0.031309292618275968 0.066518639098420942
leaf_weight=13680 8208 8208 12051 5102 18074 12058 12058 7653 24692 2551 17345 12758 18073 17705 5795 3350 18086 17171 2551 11705 3625 24088 11132 11127 6029 12053 6012 18066 6030 18089 3720 2232 251 14759 6031 34217 4748 2232 11053 20831 5109 10204 3326 51518 18070 12042 30096 24324 2430 16144 18035 23205 24612 7658 30134 5988 6017 41282 11140 29221 30137 12058
leaf_count=13680 8208 8208 12051 5102 18074 12058 12058 7653 24692 2551 17345 12758 18073 17705 5795 3350 18086 17171 2551 11705 3625 24088 11132 11127 6029 12053 6012 18066 6030 18089 3720 2232 251 14759 6031 34217 4748 2232 11053 20831 5109 10204 3326 51518 18070 12042 30096 24324 2430 16144 18035 23205 24612 7658 30134 5988 6017 41282 11140 29221 30137 12058
internal_value=5.9636e-11 0.0273279 0.0557355 -0.0394231 -0.0393342 0.0651053 0.00919371 -0.0431159 -0.0512511 -0.0381069 -0.0540387 -0.0160771 0.0123686 0.0395482 -0.0668929 -0.0109903 0.00866159 -0.0122051 0.0773666 0.121089 0.0119016 0.0109507 0.00278993 -0.0491414 0.05679 0.0542968 -0.00380415 0.00674994 -0.000447115 -0.0173027 -0.129255 -0.125035 -0.0355484 -0.0477834 -0.078613 -0.073305 -0.107622 -0.12568 -0.070952 -0.0330985 0.00841425 0.0321526 0.00133599 0.000837929 0.0196132 0.0158571 0.00568319 -0.0419305 0.043056 -0.00946481 -0.0365406 0.0209088 -0.0297391 -0.0226016 0.0247552 0.0185271 0.0614461 0.058704 0.0492316 0.0559559 0.0395142 0.0531854
internal_weight=877949 518037 201844 18093 359912 183751 316193 18093 253381 137683 79900 57783 298100 35778 115698 106531 262322 35257 7653 23763 227065 223440 115052 46010 159988 147937 82415 46252 40240 36163 17400 10440 24116 18109 69688 58909 10779 10440 16848 62500 90964 12755 6007 56627 108388 90318 42138 41669 2681 34210 29162 34337 45028 32270 48180 36122 99713 87660 46378 35238 48224 18087
internal_count=877949 518037 201844 18093 359912 183751 316193 18093 253381 137683 79900 57783 298100 35778 115698 106531 262322 35257 7653 23763 227065 223440 115052 46010 159988 147937 82415 46252 40240 36163 17400 10440 24116 18109 69688 58909 10779 10440 16848 62500 90964 12755 6007 56627 108388 90318 42138 41669 2681 34210 29162 34337 45028 32270 48180 36122 99713 87660 46378 35238 48224 18087
is_linear=0
shrinkage=0.05


Tree=8
num_leaves=63
num_cat=0
split_feature=3 3 0 6 3 3 0 0 6 22 0 6 3 0 3 2 22 3 2 0 3 0 0 0 0 0 0 3 0 0 0 0 3 2 6 3 0 0 6 6 0 0 3 0 0 6 0 0 0 2 3 0 6 3 0 0 3 0 6 6 3 3
split_gain=340978 98175.6 64968.1 65306.8 41387.5 30879.9 18806.2 18740.5 60738.8 17475.9 39660.6 11694.3 11092.9 12096 9378.59 8689.58 6387.19 6218.76 6190.65 7018.58 5772.69 5606.36 5346.24 4863.71 5896.85 4832.25 4564.84 4443.61 4407.13 5644.14 4238.58 5788.76 6701.81 4303.27 3998.52 3873.69 6924.2 3954.21 3808.68 3692.38 3683.58 3165.89 2759.19 2951.65 2682.31 2621.78 2691.59 2577.35 2527.98 2468.17 2986.85 2488.78 2354.27 2332.51 2288.36 2198.47 2153.38 2152.71 2106.02 2067.11 2021.04 2181.58
threshold=-0.43878702819347376 0.31276594102382665 -1.149046719074249 0.23542753793299201 -0.55416440963745106 2.7999460697174077 -0.37105621397495264 -1.3655410408973692 0.23542753793299201 1.2510103583335879 -1.3365979194641111 0.23542753793299201 0.15903349965810779 -0.1128837652504444 -0.47164988517761225 1.0000000180025095e-35 1.1219155192375185 -0.67935135960578907 1.1728230714797976 0.92791008949279796 1.9536987543106081 -0.15108864009380338 1.1721898317337038 0.45671640336513525 1.7035850882530215 0.82371494174003612 0.5458611547946931 -0.72433647513389576 -1.1085263490676878 -0.20087077468633649 -0.34327083826065058 -0.27959600090980524 -0.49729524552822107 0.6059766709804536 1.0000000180025095e-35 -0.61470600962638844 1.0000000180025095e-35 1.5032989382743838 1.0000000180025095e-35 1.0000000180025095e-35 0.36757166683673864 0.43819281458854681 -0.078671745955944047 -0.92676365375518788 -1.457001209259033 0.6487882286310197 0.69404986500740062 -0.47525136172771448 -0.74500101804733265 1.0000000180025095e-35 -0.18533226102590558 1.5415037870407107 0.23542753793299201 -0.57429704070091236 0.75193604826927196 0.69404986500740062 0.18189372867345813 0.19391308724880221 1.0621489584445956 1.0000000180025095e-35 -0.37020635604858393 -0.19826379418373105
decision_type=2 2 2 2 2 2 2 2 2 2 2 2 2 2 2 2 2 2 2 2 2 2 2 2 2 2 2 2 2 2 2 2 2 2 2 2 2 2 2 2 2 2 2 2 2 2 2 2 2 2 2 2 2 2 2 2 2 2 2 2 2 2
left_child=4 7 3 34 6 28 9 8 39 10 11 38 18 56 30 35 21 -11 23 -20 -5 59 -7 42 25 45 40 -12 -4 -30 33 -32 54 -6 -3 36 -8 -37 -1 -2 -17 52 43 60 -19 55 -47 -29 -45 50 -27 -52 -18 -28 -33 -25 -14 -44 -48 -16 -9 -62
right_child=1 2 5 20 14 22 15 12 -10 17 27 -13 13 -15 16 26 41 44 19 -21 -22 -23 -24 24 -26 49 53 47 29 -31 31 32 -34 -35 -36 37 -38 -39 -40 -41 -42 -43 57 48 -46 46 58 -49 -50 -51 51 -53 -54 -55 -56 -57 -58 -59 -60 -61 61 -63
leaf_value=-0.13546328392611648 -0.13490178278605644 -0.13491963554921671 0.08302625101221979 0.10420461397213546 0.0008175326372850066 0.12867990998916518 -0.089819107323380457 0.041241842761814314 0.066039583782854391 -0.025873028858245335 -0.061964812316455758 0.027207982119678675 0.033238073715045814 0.066943929118731038 -0.13821588754653932 -0.051474207820357526 -0.10488302679175875 0.071554620788315954 -0.03333181040459432 0.011300390815675042 0.012085549533034021 -0.042797302784944265 0.073814883559891825 -0.023804348283379517 0.066989756687756238 0.038135373492080071 -0.041900905593823812 -0.034361489911980091 0.03753846890287503 0.058373775533014594 0.052175719370781706 -0.021216047958662755 0.048177323359409184 -0.033678327210291584 -0.059444463573476325 -0.075370597989156476 -0.055077762511191244 -0.13637188512081846 -0.075811723164471934 -0.062373420457258882 -0.10171599842242558 -0.036190049569330161 0.048673383388815057 -0.013961834477795761 0.01331964819046514 -0.025654709380075181 -0.035089567030904115 -0.015994659142090632 0.013145692147621358 0.00024093268758757348 0.00098616898719879726 0.039392602508625092 0.055961729940563566 -0.0068921764235987809 0.0046882776905232655 0.020530444357303643 -0.003391052433120479 0.012066707948559081 -0.144333943565467 -0.041354775866158579 0.005332103732084207 0.029907496135255292
leaf_weight=13540 8208 8208 12051 5102 18074 17853 24692 12058 7653 11960 10688 1390 6013 17705 2655 11506 251 2378 18086 17171 2551 9408 5910 8378 3625 11132 23175 52696 48224 99713 6012 18066 6030 18089 2232 6031 34217 4748 3335 2232 5342 2646 12045 12042 11736 3654 743 29960 30096 62658 24123 5112 2430 5987 16144 4197 12060 6025 1086 695 18089 18033
leaf_count=13540 8208 8208 12051 5102 18074 17853 24692 12058 7653 11960 10688 1390 6013 17705 2655 11506 251 2378 18086 17171 2551 9408 5910 8378 3625 11132 23175 52696 48224 99713 6012 18066 6030 18089 2232 6031 34217 4748 3335 2232 5342 2646 12045 12042 11736 3654 743 29960 30096 62658 24123 5112 2430 5987 16144 4197 12060 6025 1086 695 18089 18033
internal_value=-1.66587e-10 0.0256055 0.0529487 -0.037452 -0.0379196 0.06185 -0.0486885 0.00847751 -0.0409601 -0.0362016 -0.0448116 -0.112192 0.0114186 0.0375708 -0.010769 -0.0635483 -0.0433751 0.000653327 0.00793187 -0.0115949 0.0734983 -0.0625758 0.115035 0.0108854 0.00415205 0.00227081 -0.0466843 -0.031627 0.0539505 0.051582 -0.00361394 0.00641244 -0.000424759 -0.0164376 -0.118784 -0.0746823 -0.0696398 -0.102241 -0.123674 -0.119396 -0.0674044 0.00260982 0.0186326 0.0150642 0.0231314 -0.0215875 -0.0504396 -0.0277041 0.00539903 0.00645264 0.0160945 0.00770188 0.0409032 -0.0347136 -0.00899157 -0.00900728 0.00879569 0.0364678 -0.0999553 -0.118121 0.0235174 0.0176008
internal_weight=877949 524068 201844 18093 353881 183751 253381 322224 18093 137683 111609 18265 304131 35778 100500 115698 18085 26074 268353 35257 7653 12758 23763 233096 124708 121083 46010 93344 159988 147937 82415 46252 40240 36163 10440 69688 58909 10779 16875 10440 16848 5327 108388 90318 14114 18058 5483 82656 42138 103025 40367 29235 2681 29162 34210 12575 18073 18070 1829 3350 48180 36122
internal_count=877949 524068 201844 18093 353881 183751 253381 322224 18093 137683 111609 18265 304131 35778 100500 115698 18085 26074 268353 35257 7653 12758 23763 233096 124708 121083 46010 93344 159988 147937 82415 46252 40240 36163 10440 69688 58909 10779 16875 10440 16848 5327 108388 90318 14114 18058 5483 82656 42138 103025 40367 29235 2681 29162 34210 12575 18073 18070 1829 3350 48180 36122
is_linear=0
shrinkage=0.05


Tree=9
num_leaves=63
num_cat=0
split_feature=3 3 0 6 3 3 3 0 6 2 6 1 0 3 0 3 22 0 2 0 3 0 0 0 1 0 0 0 6 6 6 0 0 3 0 3 3 0 4 6 0 0 22 0 6 8 0 0 0 0 0 3 0 0 1 3 2 0 0 0 6 6
split_gain=307733 88603.5 58633.7 58939.3 37352.3 27869.1 16980.7 16913.3 54816.8 15339.2 11520.4 33699.7 15873.6 10011.4 10916.7 8464.18 5764.44 5712.51 8619.77 5527.17 5209.85 5059.74 4982.04 4449.26 4361.11 3977.44 5093.84 3834.19 3608.66 3533.51 3332.38 3229.14 2857.22 2759.66 3568.67 2605.76 2490.17 2663.86 2403.08 2366.15 2429.16 2281.5 2197.17 3564.76 2124.73 2107.15 2081.96 5261.83 1984.12 1978.25 5224.36 6048.38 3751.55 2065.25 1968.42 3200.21 2817.34 1952.76 2321.55 1942.82 1924.75 1900.69
threshold=-0.43878702819347376 0.31276594102382665 -1.149046719074249 0.23542753793299201 -0.55416440963745106 2.7999460697174077 -0.72815677523612965 -1.3655410408973692 0.23542753793299201 -0.81113922595977772 0.23542753793299201 -1.1897694468498228 -1.3365979194641111 0.15903349965810779 -0.1128837652504444 -0.47164988517761225 1.1219155192375185 1.7035850882530215 1.1728230714797976 0.45671640336513525 1.9536987543106081 -0.15108864009380338 0.3965147733688355 -0.24023338407278058 0.76084354519844066 -1.1085263490676878 -0.20087077468633649 -1.127049922943115 1.0000000180025095e-35 -1.0000000180025095e-35 1.0000000180025095e-35 -0.14414230734109876 0.43819281458854681 -0.61470600962638844 1.5032989382743838 -0.77242308855056752 -0.078671745955944047 -0.92676365375518788 -0.72038355469703663 0.6487882286310197 0.69404986500740062 -0.74500101804733265 1.0205361247062685 -1.1640971302986143 0.23542753793299201 -0.18441987375263122 0.36757166683673864 0.5458611547946931 0.69404986500740062 -0.34327083826065058 -0.27959600090980524 -0.49729524552822107 -0.49609039723873133 0.75193604826927196 -1.0000000180025095e-35 0.94304263591766369 1.4562462568283083 -0.97423034906387318 -1.0900027751922605 0.19391308724880221 0.23542753793299201 1.0621489584445956
decision_type=2 2 2 2 2 2 2 2 2 2 2 2 2 2 2 2 2 2 2 2 2 2 2 2 2 2 2 2 2 2 2 2 2 2 2 2 2 2 2 2 2 2 2 2 2 2 2 2 2 2 2 2 2 2 2 2 2 2 2 2 2 2
left_child=4 7 3 28 6 25 35 8 30 23 11 29 -12 17 45 27 21 18 19 36 -5 60 -7 -8 39 -4 57 -6 -3 -11 -2 -20 44 -25 -35 -1 37 -9 -26 48 -41 -39 43 -37 -18 -15 -13 -48 -21 52 -51 53 -29 -52 -28 -56 -57 58 -27 -38 -17 -42
right_child=1 2 5 20 15 22 9 13 -10 10 12 46 -14 14 -16 16 32 -19 31 24 -22 -23 -24 33 38 26 54 49 -30 -31 -32 -33 -34 34 -36 42 59 41 -40 40 61 -43 -44 -45 -46 -47 47 -49 -50 50 51 -53 -54 -55 55 56 -58 -59 -60 -61 -62 -63
leaf_value=-0.10078606476809854 -0.12815669468562307 -0.12817365337911174 0.078874936871278223 0.098994381238039414 -0.041813686927877798 0.13183938221742431 -0.040945301760268824 0.022341531630789863 0.062737605671253402 -0.12814653289193909 0.041386519426326422 -0.025236199346053773 -0.026535077997754716 0.026927182941746088 0.063596734757503853 -0.11955136209495594 -0.099638878254301524 0.047301523227527259 -0.038982198511636569 -0.022614130347133006 0.011481271778377877 -0.04065743699021971 0.086046201371067055 -0.065059592087340176 -0.005744348605350379 0.023315936967450594 0.07440057168197399 -0.0015484175969533369 -0.056472241927245405 -0.066701277676889534 -0.059254738549605071 -0.0055780514979454979 -0.034380547561241391 -0.071602069818838349 -0.12955329251956593 -0.12379600091824866 0.046239713842861761 -0.013263743759217395 0.011040854817887486 -0.024371973395609609 -0.03333508890137217 0.012488406970177819 -0.050641376828178424 -0.06808444440781948 0.053163643533310281 -0.0073391526737909387 -0.10045377824689959 -0.032303003785570536 0.019503921180061931 0.049566932789317113 -0.020155245998070628 0.045768455329967379 -0.045647663381493668 0.0044538636768656614 0.046092427793091043 0.079363947482275821 0.047834310281813411 0.027866904211605023 0.061315785350106379 0.011463372731947724 0.083568795062293699 -0.13711723997557801
leaf_weight=6029 8208 8208 12051 5102 6031 12058 12057 48180 7653 10944 10204 54750 54791 8278 17705 3229 251 8737 12058 8378 2551 9408 11705 17764 30142 6029 12053 24103 2232 2976 2232 18087 2646 6031 4748 3134 12045 12042 72883 3654 743 30096 16058 34255 2430 9795 3432 16208 4197 6012 18066 6030 6029 16144 58426 17173 12061 30137 12058 6025 121 1086
leaf_count=6029 8208 8208 12051 5102 6031 12058 12057 48180 7653 10944 10204 54750 54791 8278 17705 3229 251 8737 12058 8378 2551 9408 11705 17764 30142 6029 12053 24103 2232 2976 2232 18087 2646 6031 4748 3134 12045 12042 72883 3654 743 30096 16058 34255 2430 9795 3432 16208 4197 6012 18066 6030 6029 16144 58426 17173 12061 30137 12058 6025 121 1086
internal_value=-2.59458e-10 0.0243252 0.0503013 -0.0355794 -0.0360236 0.0587575 -0.0462541 0.00805363 -0.0389121 -0.0390855 -0.0318484 -0.0436071 -0.0158716 0.0108477 0.0356922 -0.0102305 -0.0412064 0.00753527 0.006197 0.00949914 0.0698233 -0.059447 0.109283 -0.0664125 0.00215727 0.051253 0.0490029 -0.00343325 -0.112844 -0.11501 -0.113426 -0.0189397 0.00247933 -0.0771702 -0.0971288 -0.0696255 0.0177009 0.014311 0.00613001 -0.0205081 -0.0479177 0.00512908 -0.0661105 -0.0727543 0.038858 0.0083559 -0.0302461 -0.044212 -0.00855692 -0.000402867 0.00609182 -0.000403522 -0.0103721 -0.00854199 0.0554551 0.0528501 0.0663558 0.0356615 0.0486492 0.0346444 -0.112215 -0.0949575
internal_weight=877949 524068 201844 18093 353881 183751 253381 322224 18093 193905 153305 88310 64995 304131 35778 100500 18085 268353 259616 229471 7653 12758 23763 40600 121083 159988 147937 82415 10440 13920 10440 30145 5327 28543 10779 59476 108388 90318 103025 18058 5483 42138 53447 37389 2681 18073 74390 19640 12575 76384 46252 40240 30132 34210 99713 87660 29234 48224 18087 18070 3350 1829
internal_count=877949 524068 201844 18093 353881 183751 253381 322224 18093 193905 153305 88310 64995 304131 35778 100500 18085 268353 259616 229471 7653 12758 23763 40600 121083 159988 147937 82415 10440 13920 10440 30145 5327 28543 10779 59476 108388 90318 103025 18058 5483 42138 53447 37389 2681 18073 74390 19640 12575 76384 46252 40240 30132 34210 99713 87660 29234 48224 18087 18070 3350 1829
is_linear=0
shrinkage=0.05


Tree=10
num_leaves=63
num_cat=0
split_feature=3 3 0 6 3 3 0 1 6 6 0 0 3 0 3 0 2 2 0 22 3 0 0 0 0 3 2 0 6 6 0 6 0 3 3 0 14 0 3 0 6 3 13 6 3 0 0 0 3 3 0 3 0 0 0 0 0 6 0 0 0 0
split_gain=277729 79964.7 52916.9 53192.8 33710.4 25151.9 15718 15264.3 49472.2 14492.2 37303.4 11524.7 9035.25 9852.3 7638.92 7295.13 7396.74 5383.07 7579.08 5202.41 4701.89 4566.41 4542.92 3589.64 4597.19 3514.05 3468.17 3460.35 3328.44 3256.82 3079.34 3007.47 2914.3 2837.33 2772.64 3220.73 2659.7 2578.64 2565.48 2385.9 2362.52 2129.11 2047.54 1917.57 1912.67 2466.72 2245.36 2166.82 2050.73 3018.68 1898.22 2374.59 1877.86 1817.61 2244.57 2216.98 2284.17 1794.56 1791.3 2487 2738.48 2350.19
threshold=-0.43878702819347376 0.31276594102382665 -1.149046719074249 0.23542753793299201 -0.55416440963745106 2.7999460697174077 -0.37105621397495264 -1.1897694468498228 0.23542753793299201 0.23542753793299201 -1.3365979194641111 -1.3365979194641111 0.15903349965810779 -0.1128837652504444 -0.47164988517761225 1.0000000180025095e-35 -0.81113922595977772 1.0000000180025095e-35 1.7035850882530215 1.1219155192375185 1.9536987543106081 -0.15108864009380338 1.1721898317337038 -1.1085263490676878 -0.20087077468633649 -0.57429704070091236 1.1728230714797976 -1.127049922943115 1.0000000180025095e-35 1.0000000180025095e-35 -0.47525136172771448 -1.0000000180025095e-35 -0.14414230734109876 -0.2678180187940597 -0.61470600962638844 1.5032989382743838 1.228543817996979 0.43819281458854681 0.10062799602746965 -1.5449882149696348 1.0621489584445956 -0.67612668871879567 1.5572178363800051 0.23542753793299201 -0.078671745955944047 -0.92676365375518788 -0.74500101804733265 0.69404986500740062 -0.18533226102590558 -0.18847476691007611 -0.81562218070030201 -0.65138506889343251 0.62690186500549328 1.59591680765152 1.3782647252082827 0.41966924071311956 0.44977006316185003 1.0000000180025095e-35 0.33631311357021337 0.5458611547946931 0.36757166683673864 0.3478903621435166
decision_type=2 2 2 2 2 2 2 2 2 2 2 2 2 2 2 2 2 2 2 2 2 2 2 2 2 2 2 2 2 2 2 2 2 2 2 2 2 2 2 2 2 2 2 2 2 2 2 2 2 2 2 2 2 2 2 2 2 2 2 2 2 2
left_child=4 7 3 29 6 23 9 8 31 10 28 39 17 42 27 -8 34 36 26 21 -5 57 -7 -4 -25 58 33 -6 -1 -3 41 -2 -28 52 -17 -36 44 43 -38 -11 -40 -12 -14 -21 45 -9 -47 -46 49 -48 -13 -52 -19 54 55 -26 -57 -16 -18 60 61 -60
right_child=1 2 5 20 14 22 15 12 -10 11 30 50 13 -15 19 16 25 18 -20 37 -22 -23 -24 24 53 -27 32 -29 -30 -31 -32 -33 -34 -35 35 -37 38 -39 40 -41 -42 -43 -44 -45 47 46 48 -49 -50 -51 51 -53 -54 -55 -56 56 -58 -59 59 -61 -62 -63
leaf_value=-0.1224738300491495 -0.12174886158625751 -0.12176496197286174 0.074931189591630296 0.094044661556959439 -0.03972300267935077 0.11639715807548606 -0.081629892683786259 0.022711930721933362 0.05960072565570184 -0.014745318718823728 -0.04952578801204735 -0.041662141272457431 0.012776965631627533 0.060416898505014742 -0.12532752752304077 -0.059919969601477399 -0.027771239722315561 0.010385879014331653 0.044936446915606505 -0.094656932069010949 0.010907207953729764 -0.038624565827462119 0.065821829173468099 0.033878468912213834 0.070680544311689908 -0.005053180776390831 -0.037033088909245802 -0.00038272342990854189 -0.069134104039359809 -0.053648627606157122 -0.012597717607633603 -0.056292006234541427 -0.0052991483854171323 0.0065802305986365998 -0.068021965103958665 -0.12307562667110711 0.0032657055460408135 -0.032661520054061262 -0.01207293527059821 0.039317194462897394 -0.11460969760874791 -0.026597528125502052 -0.050594548197846513 0.050505461137235898 0.055086173407770778 -0.014103988664219306 0.01170427515418123 0.019561724782759304 -0.0026617530810681259 0.050785443863189256 -0.026445717923201519 0.0054353496654379191 -0.022053858320010177 0.032707194796692381 0.071213507861715056 0.017961663346702721 0.050431817409439583 -0.035077630144229037 -0.064690688388173156 -0.038320715033092582 -0.092928970504994254 -0.024839464000221453
leaf_weight=13680 8208 8208 12051 5102 6031 17853 24692 41929 7653 2551 17345 12758 16693 17705 2655 17174 11590 6029 8737 251 2551 9408 5910 48224 12053 5987 12058 76384 3720 2232 20831 2232 18087 69538 6031 4748 6919 2646 1255 10204 1017 24324 1380 2430 6030 10430 30535 14897 17842 5895 24612 7658 17155 10221 17173 6017 54249 695 11506 23175 5342 5453
leaf_count=13680 8208 8208 12051 5102 6031 17853 24692 41929 7653 2551 17345 12758 16693 17705 2655 17174 11590 6029 8737 251 2551 9408 5910 48224 12053 5987 12058 76384 3720 2232 20831 2232 18087 69538 6031 4748 6919 2646 1255 10204 1017 24324 1380 2430 6030 10430 30535 14897 17842 5895 24612 7658 17155 10221 17173 6017 54249 695 11506 23175 5342 5453
internal_value=-8.86905e-11 0.023109 0.0477862 -0.0338004 -0.0342225 0.0558196 -0.0439414 0.00765095 -0.0369665 -0.0325257 -0.0463207 -0.0134504 0.0103053 0.0339076 -0.009719 -0.0575264 -0.0509865 0.00715851 -6.01984e-05 -0.0391461 0.0663322 -0.0564746 0.103819 0.0486903 0.0465527 -0.0414954 -0.00325988 -0.00326158 -0.11107 -0.107202 -0.0282945 -0.107755 -0.0179927 0.00152993 -0.0723954 -0.0922723 0.0141056 0.00235536 -0.0118719 0.0285047 -0.0579708 -0.0361416 0.00793811 0.0369151 0.0159774 0.013265 0.00714313 0.0297979 0.0112264 0.0180283 -0.025335 -0.01888 -0.0136179 0.0526823 0.0549637 0.051105 0.04719 -0.106604 -0.0453187 -0.0497909 -0.0617106 -0.0518769
internal_weight=877949 524068 201844 18093 353881 183751 253381 322224 18093 137683 79900 57783 304131 35778 100500 115698 91006 268353 131604 18085 7653 12758 23763 159988 147937 63053 122867 82415 17400 10440 62500 10440 30145 92722 27953 10779 136749 5327 9191 12755 2272 41669 18073 2681 127558 106631 64702 20927 54272 36430 45028 32270 23184 99713 89492 72319 60266 3350 57066 45476 22301 16959
internal_count=877949 524068 201844 18093 353881 183751 253381 322224 18093 137683 79900 57783 304131 35778 100500 115698 91006 268353 131604 18085 7653 12758 23763 159988 147937 63053 122867 82415 17400 10440 62500 10440 30145 92722 27953 10779 136749 5327 9191 12755 2272 41669 18073 2681 127558 106631 64702 20927 54272 36430 45028 32270 23184 99713 89492 72319 60266 3350 57066 45476 22301 16959
is_linear=0
shrinkage=0.05


Tree=11
num_leaves=63
num_cat=0
split_feature=3 3 0 6 3 3 0 0 6 22 0 6 3 0 3 0 2 2 0 22 3 0 3 0 0 0 0 3 2 0 0 3 2 6 6 6 0 3 3 0 14 3 0 6 0 6 3 3 0 22 4 19 0 0 19 0 3 0 2 2 0 15
split_gain=250651 72168.1 47757.5 48006.5 30423.6 22699.6 14185.5 13776 44648.6 13118.7 29250.7 8620.1 8154.32 8891.7 6894.12 6583.85 6675.56 4858.22 6840.12 4695.37 4534.58 4514.29 4243.46 4236.23 3406.07 3343.39 4714.98 5458.66 3410.35 3239.65 4148.96 3171.43 3130.03 2939.28 2824.84 2714.24 2630.16 2560.69 2502.31 2906.71 2400.38 2315.35 2240.98 2132.17 2110.24 2349.91 1949.77 1908.86 1863.88 1838.36 1806.07 1766.72 1762.37 2095.2 1716.53 1694.77 1678.38 2632.66 2429.48 1658.67 1645.83 1640.55
threshold=-0.43878702819347376 0.31276594102382665 -1.149046719074249 0.23542753793299201 -0.55416440963745106 2.7999460697174077 -0.37105621397495264 -1.3655410408973692 0.23542753793299201 1.2510103583335879 -1.3365979194641111 0.23542753793299201 0.15903349965810779 -0.1128837652504444 -0.47164988517761225 -1.0000000180025095e-35 -0.81113922595977772 1.0000000180025095e-35 1.7035850882530215 1.0205361247062685 -0.67935135960578907 -0.15108864009380338 1.9536987543106081 0.3965147733688355 -0.52850666642189015 -0.34327083826065058 -0.27959600090980524 -0.49729524552822107 0.6059766709804536 -1.1085263490676878 -0.20087077468633649 -0.57429704070091236 1.1728230714797976 1.0000000180025095e-35 1.0000000180025095e-35 1.0000000180025095e-35 -0.14414230734109876 -0.2678180187940597 -0.61470600962638844 1.5032989382743838 1.228543817996979 0.10062799602746965 -1.457001209259033 1.0621489584445956 0.43819281458854681 0.23542753793299201 -0.65138506889343251 0.18189372867345813 0.75193604826927196 0.71890398859977733 -0.72038355469703663 -0.7719002068042754 -0.97423034906387318 -1.0900027751922605 -0.67850741744041432 0.62690186500549328 0.94304263591766369 0.41966924071311956 1.4562462568283083 1.4562462568283083 -0.77394410967826832 -1.0164967775344846
decision_type=2 2 2 2 2 2 2 2 2 2 2 2 2 2 2 2 2 2 2 2 2 2 2 2 2 2 2 2 2 2 2 2 2 2 2 2 2 2 2 2 2 2 2 2 2 2 2 2 2 2 2 2 2 2 2 2 2 2 2 2 2 2
left_child=4 7 3 33 6 29 9 8 35 10 11 34 17 47 25 -8 38 40 32 21 -11 -16 -5 -7 46 28 -27 48 -6 -4 52 -18 37 -3 -1 -2 -34 55 -17 -40 50 -42 -22 -43 45 -21 -12 -14 -28 -49 -9 61 53 -31 -36 -19 57 -32 -58 -30 -48 -35
right_child=1 2 5 22 14 23 15 12 -10 20 24 -13 13 -15 19 16 31 18 -20 44 42 -23 -24 -25 -26 26 27 -29 59 30 56 -33 36 51 54 -37 -38 -39 39 -41 41 43 -44 -45 -46 -47 60 49 -50 -51 -52 -53 -54 -55 -56 -57 58 -59 -60 -61 -62 -63
leaf_value=-0.1162361057338194 -0.11566141537348895 -0.11567671705785319 0.071184632350657348 0.089342428846062055 0.0008732132169169311 0.11942755056887762 -0.077548397012624615 0.0059204699569435819 0.056620689992513379 -0.02161914236606655 -0.044702690853889337 0.023457503283376265 0.03055401964894823 0.057396051738052449 -0.10629976357178242 -0.056923971696085519 -0.043052790430660043 0.0098665850984772548 0.042689625713831933 -0.079632781847165185 0.064487339947231687 -0.036888992615607956 0.010361848355041652 0.077200840105808285 -0.014577009827310345 0.047107722803563665 -0.019128347342822771 0.043499169385255262 -0.040541033740734339 0.020456216463628305 0.067146519357600493 -0.0048005221096171164 -0.035181433088400528 -0.079404984136204157 -0.018830322444527633 -0.05347740338267392 -0.005034190939940713 0.0062512190072935847 -0.064620865068081929 -0.11692184077752044 0.0031024201197835288 -0.011469289834102787 0.011258323723001508 -0.10887921220218194 -0.030646549502327571 0.048780433446204939 -0.033661244237214435 0.0037324146696237816 0.0042503066915829651 -0.053649396573088752 0.019001890504199606 -0.08062961881889881 0.024779635759558223 0.056556073811672491 -0.092816208119313404 -0.020951165496908467 0.07219999355355064 0.041481190549623737 0.042921004180112146 -0.0084220675436583337 -0.0093706560558729831 0.078487391417153218
leaf_weight=13540 8208 8208 12051 5102 18074 12058 24692 37282 7653 11960 25666 1390 6013 17705 3134 17174 57066 6029 8737 416 2378 9275 2551 11705 34550 6012 18066 6030 12060 6029 12053 5987 12058 273 1260 2232 18087 69538 6031 4748 6919 1255 11736 1017 2779 2481 23148 10449 16144 1611 90276 1545 30137 12058 2075 17155 17173 58426 12061 6029 9980 414
leaf_count=13540 8208 8208 12051 5102 18074 12058 24692 37282 7653 11960 25666 1390 6013 17705 3134 17174 57066 6029 8737 416 2378 9275 2551 11705 34550 6012 18066 6030 12060 6029 12053 5987 12058 273 1260 2232 18087 69538 6031 4748 6919 1255 11736 1017 2779 2481 23148 10449 16144 1611 90276 1545 30137 12058 2075 17155 17173 58426 12061 6029 9980 414
internal_value=8.91445e-11 0.0219535 0.0453969 -0.0321104 -0.0325113 0.0530286 -0.0417443 0.0072684 -0.0351181 -0.0308994 -0.0383592 -0.0962251 0.00979001 0.0322122 -0.00923305 -0.0546501 -0.0484372 0.00680058 -5.71883e-05 -0.0371888 0.0010322 -0.0544193 0.0630156 0.0986278 -0.0270364 -0.0030985 0.00580636 -0.000364209 -0.0144877 0.0462558 0.0442251 -0.0394207 -0.00309689 -0.101842 -0.106083 -0.102367 -0.0170931 0.00145344 -0.0687756 -0.0876587 0.0134003 -0.0112783 0.0202266 -0.0550722 0.000481018 0.0303407 -0.0343581 0.0075412 -0.00809575 -0.00393277 0.0151785 -0.0509662 0.0321845 0.0445228 -0.0648635 -0.012937 0.0500482 0.0458704 0.0601204 -0.0298359 -0.0263436 0.0157441
internal_weight=877949 524068 201844 18093 353881 183751 253381 322224 18093 137683 111609 18265 304131 35778 100500 115698 91006 268353 131604 18085 26074 12409 7653 23763 93344 82415 46252 40240 36163 159988 147937 63053 122867 10440 16875 10440 30145 92722 27953 10779 136749 9191 14114 2272 5676 2897 58794 18073 34210 12060 127558 2232 48224 18087 3335 23184 99713 70479 29234 18089 33128 687
internal_count=877949 524068 201844 18093 353881 183751 253381 322224 18093 137683 111609 18265 304131 35778 100500 115698 91006 268353 131604 18085 26074 12409 7653 23763 93344 82415 46252 40240 36163 159988 147937 63053 122867 10440 16875 10440 30145 92722 27953 10779 136749 9191 14114 2272 5676 2897 58794 18073 34210 12060 127558 2232 48224 18087 3335 23184 99713 70479 29234 18089 33128 687
is_linear=0
shrinkage=0.05


Tree=12
num_leaves=63
num_cat=0
split_feature=3 3 0 6 3 3 3 1 6 2 6 0 0 3 0 3 2 0 22 0 0 3 0 0 0 3 2 0 0 0 3 6 6 3 0 0 6 14 3 3 6 0 6 8 3 3 3 0 0 0 3 0 22 0 22 0 22 19 0 0 0 0
split_gain=226212 65131.7 43101.1 43325.8 27457.3 20486.4 12833.9 12432.9 40295.4 11574.4 8603.3 24837 11844.7 7359.27 8024.76 6221.95 4384.55 6173.21 4237.57 4074.15 3860.22 3829.72 3164.14 3017.41 4255.27 4926.44 3077.84 2923.78 3744.44 2877.5 3573.19 2652.7 2603.87 2577.66 2623.3 2484.99 2449.6 2172.18 2075.89 2055.42 1965.09 1904.5 2120.79 1855.46 1824.67 2229.66 2189.71 1867.02 1936.07 1862.4 1778 1702.62 1701.99 1682.16 1670.17 2764.34 1633.89 1607.08 1604.3 4249.49 1590.54 1890.92
threshold=-0.43878702819347376 0.31276594102382665 -1.149046719074249 0.23542753793299201 -0.55416440963745106 2.7999460697174077 -0.72815677523612965 -1.1897694468498228 0.23542753793299201 -0.81113922595977772 0.23542753793299201 -1.3365979194641111 -1.3365979194641111 0.15903349965810779 -0.1128837652504444 -0.47164988517761225 1.0000000180025095e-35 1.7035850882530215 1.0205361247062685 -0.15108864009380338 1.1721898317337038 1.9536987543106081 -1.0205392837524412 -0.34327083826065058 -0.27959600090980524 -0.49729524552822107 0.6059766709804536 -1.1085263490676878 -0.20087077468633649 0.11866103112697603 -0.2678180187940597 1.0000000180025095e-35 1.0000000180025095e-35 -0.61470600962638844 1.5032989382743838 -0.88971650600433339 1.0000000180025095e-35 1.1890759468078616 -0.77242308855056752 0.10062799602746965 1.0621489584445956 0.43819281458854681 0.23542753793299201 -0.18441987375263122 -0.078671745955944047 -0.37020635604858393 -0.23112254589796064 1.1629280447959902 0.99505805969238292 0.69404986500740062 -0.1616052761673927 1.5415037870407107 0.37700127065181738 0.75193604826927196 1.1219155192375185 -1.1640971302986143 0.37700127065181738 -0.7719002068042754 0.36757166683673864 0.5458611547946931 -0.97423034906387318 -1.0900027751922605
decision_type=2 2 2 2 2 2 2 2 2 2 2 2 2 2 2 2 2 2 2 2 2 2 2 2 2 2 2 2 2 2 2 2 2 2 2 2 2 2 2 2 2 2 2 2 2 2 2 2 2 2 2 2 2 2 2 2 2 2 2 2 2 2
left_child=4 7 3 31 6 27 38 8 36 22 11 32 -12 16 43 23 37 29 19 -17 -7 -5 -8 26 -25 53 -6 -4 60 35 -31 -3 -11 -24 -35 -18 -2 44 -1 -39 -41 42 -20 -15 45 -9 -47 48 50 -46 -48 -42 -33 -26 55 -40 -34 -38 -13 -60 61 -29
right_child=1 2 5 21 15 20 9 13 -10 10 12 58 -14 14 -16 18 17 -19 41 -21 -22 -23 33 24 25 -27 -28 28 -30 30 -32 52 56 34 -36 -37 57 39 54 40 51 -43 -44 -45 49 46 47 -49 -50 -51 -52 -53 -54 -55 -56 -57 -58 -59 59 -61 -62 -63
leaf_value=-0.087787846844475909 -0.10987834623973046 -0.10989288498464152 0.067625400593034277 0.08487530450980274 0.00082955214884059567 0.10529125544485081 -0.023737978198077735 0.026129674218008665 0.053789653996385106 -0.10987575174859406 0.036129092086946778 -0.021431844733615799 -0.02254312670941782 0.024591033516787104 0.054526249027372554 -0.10098478148792987 0.0093732557519172009 0.040555143348273308 -0.075651143878125229 -0.03504454346176724 0.058670696785607317 0.0098437558869078831 -0.053802142061699879 0.044752336373268878 -0.018171930184496386 0.041324211704123093 -0.028344100173307015 0.019433406070164933 0.047545805532082604 -0.019903607390263436 0.0052001397043988243 -0.1549497072013368 -0.14752372737242797 -0.061389822223830881 -0.11107575708118339 -0.027693296851797125 0.012821442400697712 0.0034434856578342632 -0.10564612292415643 -0.0089121018168206445 -0.1211996187806858 -0.029114222759096076 0.046341411170580854 -0.0075637613128933332 0.051573003608097218 -0.0009264806808417927 0.009620022118528665 -0.0018395738855702651 0.04744296702810772 0.018531749935313396 0.0403448119676523 0.054222121701130402 -0.030523214882609114 0.0040377913986521276 -0.042327506579882761 -0.058139397596536573 -0.041945073465864929 -0.079095035610075526 -0.08863200332734969 -0.027386973992677741 0.023540654020802573 0.053728268980351372
leaf_weight=6029 8208 8208 12051 5102 18074 17853 6029 21889 7653 10944 10204 54750 54791 8278 17705 3134 6029 8737 416 9275 5910 2551 23792 6012 18066 6030 18089 6029 99713 17155 81597 321 428 6031 4748 18086 687 8424 3350 1457 982 2779 2481 9795 6030 36744 22981 11734 5856 14569 5922 161 1911 16144 14464 35633 2548 1545 3432 16208 30137 12058
leaf_count=6029 8208 8208 12051 5102 18074 17853 6029 21889 7653 10944 10204 54750 54791 8278 17705 3134 6029 8737 416 9275 5910 2551 23792 6012 18066 6030 18089 6029 99713 17155 81597 321 428 6031 4748 18086 687 8424 3350 1457 982 2779 2481 9795 6030 36744 22981 11734 5856 14569 5922 161 1911 16144 14464 35633 2548 1545 3432 16208 30137 12058
internal_value=1.28945e-11 0.0208559 0.0431271 -0.0305049 -0.0308858 0.0503772 -0.0396571 0.00690498 -0.0333622 -0.033425 -0.0271385 -0.0373 -0.0133318 0.00930051 0.0306016 -0.0087714 0.00646055 -5.43289e-05 -0.0353293 -0.0516983 0.0936964 0.0598648 -0.0571627 -0.00294358 0.00551604 -0.000345999 -0.0137633 0.043943 0.0420138 -0.00294204 0.000839167 -0.09675 -0.0985989 -0.0629918 -0.0832758 -0.0184263 -0.0972486 0.0127303 -0.0599753 -0.00855091 -0.0474128 0.000456966 0.0288237 0.00716414 0.0145963 0.01193 0.00819585 0.0154053 0.0212269 0.028204 0.0159153 -0.0964902 -0.0484179 -0.00769097 -0.056838 -0.0622219 -0.0571291 -0.0508035 -0.0258296 -0.0380893 0.0305753 0.0422966
internal_weight=877949 524068 201844 18093 353881 183751 253381 322224 18093 193905 153305 88310 64995 304131 35778 100500 268353 131604 18085 12409 23763 7653 40600 82415 46252 40240 36163 159988 147937 122867 98752 10440 13920 34571 10779 24115 10440 136749 59476 11024 2600 5676 2897 18073 125725 105126 83237 46493 34759 20599 28903 1143 2232 34210 53447 38983 2976 2232 74390 19640 48224 18087
internal_count=877949 524068 201844 18093 353881 183751 253381 322224 18093 193905 153305 88310 64995 304131 35778 100500 268353 131604 18085 12409 23763 7653 40600 82415 46252 40240 36163 159988 147937 122867 98752 10440 13920 34571 10779 24115 10440 136749 59476 11024 2600 5676 2897 18073 125725 105126 83237 46493 34759 20599 28903 1143 2232 34210 53447 38983 2976 2232 74390 19640 48224 18087
is_linear=0
shrinkage=0.05


Tree=13
num_leaves=63
num_cat=0
split_feature=3 3 0 6 3 3 0 1 6 6 0 0 3 0 3 0 2 2 0 22 0 0 3 3 0 0 3 2 0 0 0 3 0 6 6 0 6 3 1 14 3 6 3 0 6 0 3 22 4 0 0 0 0 22 19 0 0 19 0 3 0 4
split_gain=204156 58781.4 38898.8 39101.6 24780.3 18489 11894.9 11220.7 36366.6 10884.3 27646.8 8717.36 6641.74 7242.35 5615.31 5535.63 5394.55 3957.05 5571.32 3824.41 3676.92 3602.15 3456.32 2777.26 2723.21 3840.38 4446.12 2777.75 2638.71 3379.36 2596.95 3224.8 2454.12 2424.14 2394.06 2242.71 2210.77 2036.12 2367.53 1962.47 1890.8 1736.16 1722.62 1718.81 1914.02 1669.9 1663.23 1651.64 1629.32 1620.66 2025.28 2327.5 1959.54 1593.8 1580.92 1567.17 1971.69 1552.1 1531.54 1970.67 1518.15 1509.91
threshold=-0.43878702819347376 0.31276594102382665 -1.149046719074249 0.23542753793299201 -0.55416440963745106 2.7999460697174077 -0.37105621397495264 -1.1897694468498228 0.23542753793299201 0.23542753793299201 -1.3365979194641111 -1.3365979194641111 0.15903349965810779 -0.1128837652504444 -0.47164988517761225 1.0000000180025095e-35 -0.81113922595977772 1.0000000180025095e-35 1.7035850882530215 1.0205361247062685 -0.15108864009380338 0.3965147733688355 1.9536987543106081 -0.57429704070091236 -0.34327083826065058 -0.27959600090980524 -0.49729524552822107 0.6059766709804536 -1.1085263490676878 -0.20087077468633649 0.11866103112697603 -0.2678180187940597 -0.47525136172771448 1.0000000180025095e-35 1.0000000180025095e-35 -0.88971650600433339 -1.0000000180025095e-35 -0.61470600962638844 -1.0000000180025095e-35 1.228543817996979 0.10062799602746965 1.0621489584445956 0.18189372867345813 0.43819281458854681 0.23542753793299201 -1.5449882149696348 -0.67612668871879567 0.69267791509628307 -0.72038355469703663 0.33631311357021337 0.5458611547946931 0.36757166683673864 0.3478903621435166 0.37700127065181738 -0.7719002068042754 1.59591680765152 1.5716046094894411 -0.7719002068042754 -0.81562218070030201 -0.65138506889343251 0.75193604826927196 -0.72038355469703663
decision_type=2 2 2 2 2 2 2 2 2 2 2 2 2 2 2 2 2 2 2 2 2 2 2 2 2 2 2 2 2 2 2 2 2 2 2 2 2 2 2 2 2 2 2 2 2 2 2 2 2 2 2 2 2 2 2 2 2 2 2 2 2 2
left_child=4 7 3 34 6 28 9 8 36 10 33 45 17 42 24 -8 37 39 30 20 -16 -7 -5 49 27 -26 60 -6 -4 -30 35 -32 46 -1 -3 -19 -2 -17 -39 48 -41 -42 -14 44 -21 -11 -12 -44 -9 -18 51 52 -51 -38 -36 56 -31 -35 -13 -60 -27 -33
right_child=1 2 5 22 14 21 15 12 -10 11 32 58 13 -15 19 16 23 18 -20 43 -22 -23 -24 -25 25 26 -28 -29 29 55 31 61 -34 57 54 -37 53 38 -40 40 41 -43 47 -45 -46 -47 -48 -49 -50 50 -52 -53 -54 -55 -56 -57 -58 -59 59 -61 -62 -63
leaf_value=-0.10517291200047703 -0.10438443115870624 -0.10439824272622492 0.064244130422822551 0.080631543206717629 0.00078807504122847631 0.10819161076152438 -0.070488684070324853 0.0049082515640006888 0.051100169581467118 -0.010906168365609772 -0.043014896027726388 -0.036214087970242302 0.028667347203029887 0.051799938521725097 -0.095935540893082427 -0.051387665726792681 -0.022398094403082075 0.0089045929776798757 0.038527386083270665 -0.071868585379650962 -0.033292316163730289 0.069253200033646975 0.0093515679616078019 -0.0032925624913448348 0.042514720606956574 -0.017263333392537623 0.039258000886262356 -0.026926895876033776 0.029046551778572235 0.045460376275046621 -0.018908426865856066 -0.005638978636339614 -0.010167073668013119 -0.011218892860482549 0.017107931395458516 -0.026308632465122463 -0.1513536227455009 -0.058320331852577637 -0.10552196352552456 0.0027751248995685289 -0.010450220004584922 -0.09834984172227712 0.003319185254596695 -0.027658511263316019 0.044024340226399422 0.034322639166874273 -0.022749850621363088 -0.050279419201184408 0.017333093330506651 -0.056733780530780459 -0.03299186841164721 -0.082879764127267164 -0.020345013533202585 -0.030946783929642181 -0.074057244255318996 0.026620485868187244 0.077442407660511373 -0.081188636192183916 -0.022642657241132458 0.0064006147712135225 0.0038359016305539065 0.0093130198779993231
leaf_weight=13680 8208 8208 12051 5102 18074 12058 24692 37282 7653 2551 17345 12758 6013 17705 3134 17174 11590 6029 8737 416 9275 11705 2551 5987 6012 18066 6030 18089 48224 84381 17155 23864 20831 1145 687 18086 321 6031 4748 6919 1255 1017 10392 2779 2481 10204 24324 1668 90276 11506 23175 5342 5453 1911 1545 10221 5111 2575 24612 7658 16144 57733
leaf_count=13680 8208 8208 12051 5102 18074 12058 24692 37282 7653 2551 17345 12758 6013 17705 3134 17174 11590 6029 8737 416 9275 11705 2551 5987 6012 18066 6030 18089 48224 84381 17155 23864 20831 1145 687 18086 321 6031 4748 6919 1255 1017 10392 2779 2481 10204 24324 1668 90276 11506 23175 5342 5453 1911 1545 10221 5111 2575 24612 7658 16144 57733
internal_value=-1.10803e-10 0.0198131 0.0409707 -0.0289796 -0.0293415 0.0478583 -0.0376743 0.00655973 -0.0316941 -0.0277434 -0.0396987 -0.0112123 0.00883549 0.0290715 -0.00833283 -0.0494922 -0.0437953 0.00613753 -5.16127e-05 -0.0335629 -0.0491134 0.0890116 0.0568716 -0.0356899 -0.0027964 0.00524024 -0.000328699 -0.0130752 0.0417459 0.0399131 -0.00279494 0.000797208 -0.02418 -0.0954409 -0.0919125 -0.017505 -0.0923861 -0.0620785 -0.079112 0.0120938 -0.0102204 -0.0497961 0.00680593 0.000434118 0.0273825 0.0252769 -0.0311853 -0.00409396 0.0137016 -0.0390889 -0.0433427 -0.0540991 -0.0450333 -0.0482634 -0.045997 0.0451685 0.0472869 -0.0596523 -0.0215485 -0.0157504 -0.00730642 0.00494013
internal_weight=877949 524068 201844 18093 353881 183751 253381 322224 18093 137683 79900 57783 304131 35778 100500 115698 91006 268353 131604 18085 12409 23763 7653 63053 82415 46252 40240 36163 159988 147937 122867 98752 62500 17400 10440 24115 10440 27953 10779 136749 9191 2272 18073 5676 2897 12755 41669 12060 127558 57066 45476 22301 16959 2232 2232 99713 89492 3720 45028 32270 34210 81597
internal_count=877949 524068 201844 18093 353881 183751 253381 322224 18093 137683 79900 57783 304131 35778 100500 115698 91006 268353 131604 18085 12409 23763 7653 63053 82415 46252 40240 36163 159988 147937 122867 98752 62500 17400 10440 24115 10440 27953 10779 136749 9191 2272 18073 5676 2897 12755 41669 12060 127558 57066 45476 22301 16959 2232 2232 99713 89492 3720 45028 32270 34210 81597
is_linear=0
shrinkage=0.05


Tree=14
num_leaves=63
num_cat=0
split_feature=3 3 0 6 3 3 0 0 6 22 1 6 3 3 0 2 0 1 0 22 2 0 3 0 3 8 0 3 0 0 3 2 0 0 3 0 6 6 0 6 0 3 0 3 0 3 3 3 8 5 0 6 22 22 2 8 22 0 0 0 0 1
split_gain=184251 53050.2 35106.1 35289.2 22364.2 16686.3 10735.1 10126.6 32820.8 9831.98 21564.5 6356.44 6059.37 5067.81 4995.91 4868.59 4359.93 3970.38 4349.27 3451.53 3367.5 3318.42 3300.34 3280.05 3119.33 2764.29 2706.53 2506.48 2457.7 3465.95 4012.62 2506.92 2381.44 3049.87 2299.75 2173.68 2160.64 2103.91 2032.5 1995.22 1902.46 1887.9 1880.61 1837.6 2136.7 1677.05 1806 1661.73 1653.3 1631.44 1551.22 1727.4 1523.23 1517.25 1496.95 1495.04 1495.01 1462.64 1827.81 2100.57 1768.49 1444.37
threshold=-0.43878702819347376 0.31276594102382665 -1.149046719074249 0.23542753793299201 -0.55416440963745106 2.7999460697174077 -0.37105621397495264 -1.3655410408973692 0.23542753793299201 1.2510103583335879 -1.1897694468498228 0.23542753793299201 0.13408648967742923 -0.47164988517761225 1.0000000180025095e-35 -0.81113922595977772 1.0610483288764956 -0.79964685440063465 1.7035850882530215 1.0205361247062685 1.1728230714797976 -0.15108864009380338 -0.67935135960578907 1.1721898317337038 1.9536987543106081 -0.18441987375263122 -0.47525136172771448 -0.57429704070091236 -0.34327083826065058 -0.27959600090980524 -0.49729524552822107 0.6059766709804536 -1.1085263490676878 -0.20087077468633649 0.18189372867345813 0.19391308724880221 1.0000000180025095e-35 1.0000000180025095e-35 -0.14414230734109876 1.0000000180025095e-35 -0.41852289438247675 0.13338815420866015 -1.457001209259033 -0.61470600962638844 1.5032989382743838 -0.37020635604858393 -0.1616052761673927 -0.67612668871879567 0.53518827259540569 0.74835324287414562 0.43819281458854681 0.23542753793299201 0.37700127065181738 0.37700127065181738 1.4562462568283083 1.0000000180025095e-35 0.73115441203117382 0.33631311357021337 0.5458611547946931 0.36757166683673864 0.3478903621435166 -1.0000000180025095e-35
decision_type=2 2 2 2 2 2 2 2 2 2 2 2 2 2 2 2 2 2 2 2 2 2 2 2 2 2 2 2 2 2 2 2 2 2 2 2 2 2 2 2 2 2 2 2 2 2 2 2 2 2 2 2 2 2 2 2 2 2 2 2 2 2
left_child=4 7 3 36 6 32 9 8 39 10 11 37 17 28 -8 43 34 45 20 21 25 -15 -11 -7 -5 49 47 57 31 -30 -31 -6 -4 55 35 -14 -3 -1 -22 -2 -28 -27 -24 -16 -45 -9 -47 -12 -43 -19 51 -21 -38 -39 -33 -34 -36 -17 59 60 -59 -35
right_child=1 2 5 24 13 23 14 12 -10 22 26 -13 16 19 15 27 -18 18 -20 50 38 -23 42 -25 -26 41 40 -29 29 30 -32 54 33 61 56 -37 52 53 -40 -41 -42 48 -44 44 -46 46 -48 -49 -50 -51 -52 -53 -54 -55 -56 -57 -58 58 -60 -61 -62 -63
leaf_value=-0.099726553138461072 -0.099165210043594187 -0.099178324237494911 0.061031922869401047 0.076599962522630974 0.00074867115683720014 0.095249073997466294 -0.066964249610926993 0.034202809887864831 0.048545161585610591 -0.018036947112908774 -0.038760060969656285 0.02027449044951727 0.03808218143101666 -0.091138761788701741 -0.048818282375085204 -0.021278189699927598 0.04466133258416588 0.015098429447425661 0.0366010173106232 -0.068275162620613214 -0.030722264918055128 -0.031627700896761334 0.058208644571827686 0.052274504034400197 0.0088839896246703277 -0.0012980048611268892 0.0070960801590075236 -0.0031279344275113551 0.040388984312950897 -0.0069410980216615542 0.037295100724519185 -0.03575043241421115 0.03570169656018448 0.059138880453841303 0.0029635862155415042 0.0079367258063250835 -0.14447917748834485 -0.13254426367232733 -0.0042206686166699125 -0.04585019334563218 -0.019624779013413737 0.014784744822860124 0.0094469935681928321 -0.055404316842987134 -0.10024586751944878 0.0076836381362412696 0.037747576580895587 -0.022267538826812441 -0.06893912134665546 -0.0011796791050411668 -0.026275585341108437 0.041823122641676043 -0.026768294737826839 -0.040649665715023209 -0.0052374142722568101 0.018034515041864027 -0.049112840538978561 -0.053897091434864132 -0.031342275043757077 -0.07873577711868715 -0.01932776268147535 0.040678675995846091
leaf_weight=13540 8208 8208 12051 5102 18074 17853 24692 12058 7653 11960 25666 1390 11865 3134 17174 11590 16965 53558 8737 416 12058 9275 2378 5910 2551 86194 9997 5987 6012 34210 6030 12060 26094 12053 10473 12056 321 535 18087 2232 19963 851 11736 6031 4748 30134 5988 37718 1920 21600 2779 2481 1911 2800 6029 22130 1587 11506 23175 5342 5453 87660
leaf_count=13540 8208 8208 12051 5102 18074 17853 24692 12058 7653 11960 25666 1390 11865 3134 17174 11590 16965 53558 8737 416 12058 9275 2378 5910 2551 86194 9997 5987 6012 34210 6030 12060 26094 12053 10473 12056 321 535 18087 2232 19963 851 11736 6031 4748 30134 5988 37718 1920 21600 2779 2481 1911 2800 6029 22130 1587 11506 23175 5342 5453 87660
internal_value=-1.35052e-10 0.0188224 0.0389222 -0.0275306 -0.0278744 0.0454654 -0.0357906 0.00623175 -0.0301094 -0.0263563 -0.0328144 -0.0824991 0.00839371 -0.00791619 -0.0470175 -0.0416056 0.0237658 0.0051535 0.00209105 -0.0318847 0.000539002 -0.0466577 0.00128742 0.084561 0.054028 0.00336028 -0.0230924 -0.0339054 -0.00265658 0.00497823 -0.000312264 -0.0124214 0.0396586 0.0379175 0.0139136 0.0228891 -0.0873168 -0.0909646 -0.0148213 -0.0877668 -0.0107086 -0.00260396 0.0176626 -0.0589746 -0.0751564 0.0180571 0.0126674 -0.0289458 -0.0432267 0.0104202 0.000412412 0.0260134 -0.0436971 -0.0553914 -0.0255806 0.0275942 -0.00388926 -0.0371344 -0.0411755 -0.0513941 -0.0427817 0.0429101
internal_weight=877949 524068 201844 18093 353881 183751 253381 322224 18093 137683 111609 18265 304131 100500 115698 91006 52946 251185 203005 18085 194268 12409 26074 23763 7653 164123 93344 63053 82415 46252 40240 36163 159988 147937 35981 23921 10440 16875 30145 10440 29960 88965 14114 27953 10779 48180 36122 63384 2771 75158 5676 2897 2232 3335 18089 48224 12060 57066 45476 22301 16959 99713
internal_count=877949 524068 201844 18093 353881 183751 253381 322224 18093 137683 111609 18265 304131 100500 115698 91006 52946 251185 203005 18085 194268 12409 26074 23763 7653 164123 93344 63053 82415 46252 40240 36163 159988 147937 35981 23921 10440 16875 30145 10440 29960 88965 14114 27953 10779 48180 36122 63384 2771 75158 5676 2897 2232 3335 18089 48224 12060 57066 45476 22301 16959 99713
is_linear=0
shrinkage=0.05


Tree=15
num_leaves=63
num_cat=0
split_feature=3 3 0 6 3 3 0 1 6 6 0 0 3 0 3 0 2 0 0 22 0 2 0 3 3 8 3 0 3 0 0 3 0 0 6 6 3 0 6 3 0 3 3 3 3 0 3 1 2 0 0 2 22 0 0 19 19 15 0 6 19 15
split_gain=166287 47877.8 31683.3 31848.5 20183.7 15059.4 9688.43 9139.29 29620.8 8917.82 22618.2 7289.44 5468.58 4576.54 4573.7 3934.84 3881.11 3583.27 3925.22 3115.01 3063.04 3039.16 2994.88 2815.2 2670.56 2497.83 2426.18 2252.25 3146.19 2149.25 2752.51 2075.53 2015.84 1961.75 1949.98 1940.59 1842.89 1834.33 1800.68 1658.43 1928.37 1513.54 1689.56 1500.94 1558.33 2356.85 1457.48 2168.7 2118.22 1621.4 1978.89 2194.84 1438.4 1435.43 1706.55 1424.43 1414.65 1425.07 1399.98 1558.98 1399.26 1465.91
threshold=-0.43878702819347376 0.31276594102382665 -1.149046719074249 0.23542753793299201 -0.55416440963745106 2.7999460697174077 -0.37105621397495264 -1.1897694468498228 0.23542753793299201 0.23542753793299201 -1.3365979194641111 -1.3365979194641111 0.13408648967742923 -0.089729286730289445 -0.47164988517761225 1.0610483288764956 -0.81113922595977772 -0.92676365375518788 1.7035850882530215 1.0205361247062685 0.3965147733688355 1.1728230714797976 -0.15108864009380338 1.9536987543106081 -0.61042973399162281 -1.0000000180025095e-35 0.13338815420866015 -0.95802223682403553 -0.49729524552822107 -1.1085263490676878 -0.20087077468633649 0.18189372867345813 -0.47525136172771448 0.19391308724880221 -1.0000000180025095e-35 1.0000000180025095e-35 -0.68251031637191761 -0.14414230734109876 1.0000000180025095e-35 -0.61470600962638844 1.5032989382743838 -0.37020635604858393 -0.19826379418373105 -0.25424566864967341 -0.18533226102590558 0.11866103112697603 0.94304263591766369 -1.0000000180025095e-35 1.4562462568283083 0.44977006316185003 1.0529443025588991 -1.0000000180025095e-35 0.37700127065181738 -0.97423034906387318 -1.0900027751922605 -0.7719002068042754 -0.7719002068042754 -1.0164967775344846 0.43819281458854681 0.23542753793299201 -0.7719002068042754 -1.0164967775344846
decision_type=2 2 2 2 2 2 2 2 2 2 2 2 2 2 2 2 2 2 2 2 2 2 2 2 2 2 2 2 2 2 2 2 2 2 2 2 2 2 2 2 2 2 2 2 2 2 2 2 2 2 2 2 2 2 2 2 2 2 2 2 2 2
left_child=4 7 3 34 6 29 9 8 38 10 35 -11 17 -8 27 31 39 41 21 22 -7 25 -16 -5 36 43 -27 -6 -29 -4 53 33 -12 -14 -3 -1 -18 -23 -2 -15 -41 -9 -43 -19 -45 -46 47 -32 -48 -49 -51 -52 -40 54 -31 -54 57 -36 59 -21 61 -37
right_child=1 2 5 23 14 20 13 12 -10 11 32 -13 15 16 19 -17 24 18 -20 58 -22 37 -24 -25 -26 26 -28 28 -30 30 46 -33 -34 -35 56 60 -38 -39 52 40 -42 42 -44 44 45 -47 48 49 -50 50 51 -53 55 -55 -56 -57 -58 -59 -60 -61 -62 -63
leaf_value=-0.094985975803077674 -0.094206949984237232 -0.094219408527045689 0.057980325990106565 0.072769964748123903 -0.022501410775030942 0.098019575642143475 -0.067343222699573518 0.032492669358531928 0.046117905368007445 0.023292096812983644 -0.028172403776984933 -0.019526810572662666 0.036178073089306033 -0.046377366305470707 -0.086581824817852232 0.042428266777557677 -0.034199218591557563 0.0007880245865852435 0.034770966129626164 -0.064861403348354205 0.062113005718401698 -0.029186151810754259 -0.030046316474564318 0.0084397897959562415 -0.01250821867451723 -0.0018985516140589442 -0.053557070272003848 -0.0023405385505907966 0.035430345570863185 0.015629592966287582 0.056181939859998753 -0.0036947945516513873 -0.0091231955489607247 0.0075398897040366026 -0.070498628472233871 -0.077939838172642745 -0.057426921416146019 -0.0040096352834074261 -0.1414934290161014 -0.05263410153708914 -0.095233575746074967 0.0012371582837535852 0.022864399931146317 0.032144474470658976 0.050982908639765859 0.0068326504028997787 0.061429827614008239 0.0083052784546375057 0.034090711819681763 0.049106790718005472 0.040643260730140789 0.015327294259598962 0.035333313602459858 0.019531644762556099 0.048209712503159863 -0.056950763907436246 -0.068055993293480416 0.076659930033096374 -0.024961806410677616 0.0397319674203589 -0.074706118290140788 0.037670385154011408
leaf_weight=13680 8208 8208 12051 5102 12046 12058 18661 12058 7653 12755 41669 45028 11865 17174 3134 16965 46626 34884 8737 416 11705 12058 9275 2551 12004 72939 2346 64339 6030 6029 12053 12060 20831 12056 273 455 10454 18087 321 6031 4748 18089 18033 9790 3264 40900 17173 6017 12061 18064 18093 16252 618 30137 12058 1293 1545 414 2779 2481 2575 690
leaf_count=13680 8208 8208 12051 5102 12046 12058 18661 12058 7653 12755 41669 45028 11865 17174 3134 16965 46626 34884 8737 416 11705 12058 9275 2551 12004 72939 2346 64339 6030 6029 12053 12060 20831 12056 273 455 10454 18087 321 6031 4748 18089 18033 9790 3264 40900 17173 6017 12061 18064 18093 16252 618 30137 12058 1293 1545 414 2779 2481 2575 690
internal_value=3.06004e-11 0.0178813 0.0369761 -0.0261541 -0.0264807 0.0431922 -0.034001 0.00592016 -0.0286039 -0.0250385 -0.0358599 -0.010075 0.00797403 -0.0446667 -0.00752038 0.0225775 -0.0403058 0.00489583 0.0019865 -0.0302905 0.080333 0.000512052 -0.0443248 0.0513266 -0.0339451 0.00319227 -0.00350831 -0.00252375 0.000896092 0.0376756 0.0360216 0.0132179 -0.0218234 0.0217446 -0.082951 -0.0862785 -0.0384533 -0.0140802 -0.0833785 -0.0560258 -0.0713986 0.0171542 0.012034 0.00887061 0.0140964 0.0100956 0.0407646 0.0368714 0.0501506 0.0328877 0.03571 0.0286638 -0.0435577 0.0262145 0.0373497 -0.0271069 -0.0415123 0.0181821 0.000391791 0.0247127 -0.0542576 -0.0082708
internal_weight=877949 524068 201844 18093 353881 183751 253381 322224 18093 137683 79900 57783 304131 115698 100500 52946 97037 251185 203005 18085 23763 194268 12409 7653 69084 164123 75285 82415 70369 159988 147937 35981 62500 23921 10440 17400 57080 30145 10440 27953 10779 48180 36122 88838 53954 44164 99713 70479 29234 58426 52409 34345 2232 48224 18087 1911 2232 687 5676 2897 3720 1145
internal_count=877949 524068 201844 18093 353881 183751 253381 322224 18093 137683 79900 57783 304131 115698 100500 52946 97037 251185 203005 18085 23763 194268 12409 7653 69084 164123 75285 82415 70369 159988 147937 35981 62500 23921 10440 17400 57080 30145 10440 27953 10779 48180 36122 88838 53954 44164 99713 70479 29234 58426 52409 34345 2232 48224 18087 1911 2232 687 5676 2897 3720 1145
is_linear=0
shrinkage=0.05


Tree=16
num_leaves=63
num_cat=0
split_feature=3 3 0 6 3 3 3 0 6 2 6 1 0 3 0 3 2 0 1 0 22 0 0 0 3 0 3 0 0 0 3 2 4 0 0 3 0 6 6 8 6 3 0 3 0 0 8 22 19 15 3 1 2 0 0 0 2 22 19 3 0 6
split_gain=150074 43209.7 28594.2 28743.2 18215.8 13591.1 9117.32 8248.21 26732.8 8150.66 5870.69 16549.8 8034.1 4965.16 5605.48 4127.77 2989.69 3136.82 2830.29 3792.25 2811.29 2787.01 2774.32 2702.88 2540.71 2235.27 2163.62 2131.87 2064.63 3173.97 3303.22 2262.38 1996.33 1939.7 2484.14 1813.27 1769.08 1759.86 1750.14 1659.08 1625.12 1596.07 1740.35 1511.48 1450.71 1370.13 1349.25 1338.07 1319.88 1361.72 1315.38 1957.25 1911.69 1463.31 1785.95 1994.31 1304.42 1298.16 1285.54 1276.64 1756.35 1274.88
threshold=-0.43878702819347376 0.31276594102382665 -1.149046719074249 0.23542753793299201 -0.55416440963745106 2.7999460697174077 -0.72815677523612965 -1.3655410408973692 0.23542753793299201 -0.81113922595977772 0.23542753793299201 -1.1897694468498228 -1.3365979194641111 0.15903349965810779 -0.1128837652504444 -0.47164988517761225 1.1728230714797976 0.92791008949279796 0.37072099745273596 0.85381576418876659 1.0205361247062685 1.1721898317337038 1.7035850882530215 -0.15108864009380338 1.9536987543106081 -1.0205392837524412 -0.078671745955944047 1.0263165831565859 -0.34327083826065058 -0.27959600090980524 -0.49729524552822107 0.6059766709804536 -0.57599145174026478 -1.1085263490676878 -0.20087077468633649 -0.37020635604858393 0.99505805969238292 1.0000000180025095e-35 1.0000000180025095e-35 -0.18441987375263122 1.0000000180025095e-35 -0.61470600962638844 1.5032989382743838 -0.77242308855056752 0.19391308724880221 0.75193604826927196 1.0000000180025095e-35 0.37700127065181738 -0.7719002068042754 -1.0164967775344846 0.94304263591766369 -1.0000000180025095e-35 1.4562462568283083 0.44977006316185003 1.0529443025588991 1.2949085831642153 1.4562462568283083 0.37700127065181738 -0.7719002068042754 -0.30077947676181788 -0.16613905131816861 0.6487882286310197
decision_type=2 2 2 2 2 2 2 2 2 2 2 2 2 2 2 2 2 2 2 2 2 2 2 2 2 2 2 2 2 2 2 2 2 2 2 2 2 2 2 2 2 2 2 2 2 2 2 2 2 2 2 2 2 2 2 2 2 2 2 2 2 2
left_child=4 7 3 37 6 33 43 8 40 25 11 38 -12 16 39 28 18 -18 26 61 23 -7 27 -17 -5 -8 35 36 31 -30 45 -6 -29 -4 46 -9 -21 -3 -11 -15 -2 -27 -43 -1 -28 -31 -35 -39 49 -40 51 -36 -52 -53 -55 -56 -33 -42 -59 60 -37 -20
right_child=1 2 5 24 15 21 9 13 -10 10 12 -13 -14 14 -16 20 17 -19 19 22 -22 -23 -24 -25 -26 41 44 32 29 30 -32 56 -34 34 50 59 -38 47 48 -41 57 42 -44 -45 -46 -47 -48 -49 -50 -51 52 53 -54 54 55 -57 -58 58 -60 -61 -62 -63
leaf_value=-0.073158647181046976 -0.089496597563430536 -0.089508442178397624 0.055081311036532701 0.069131470726155289 0.0011637399290625656 0.086168394548458427 -0.018874600702729654 0.024202822768721502 0.043812010211094404 -0.089449793658061341 0.030367458351553519 -0.020803608305484347 -0.017953861092510792 0.021962226517797435 0.045067483975986783 -0.082252734361291324 -0.0228589868516198 0.0069789150997860002 -0.0080659258600594679 0.0053603040077043196 0.00037220217098191203 0.046555128424174697 0.049371161643390005 -0.028544000385653231 0.0080178004883669479 -0.044636133243828917 0.039018190410954917 -0.0087894110045192743 0.038486561617867919 -0.015936085453318753 0.033658827825559068 -0.033341778623076579 0.0074593099277425433 0.032605813161537406 0.053372841080565572 -0.0050683144375510093 0.043674681792128522 -0.13389492484267998 -0.071344188428842104 -0.0084433898141005603 -0.13441876299284702 -0.050002395775952606 -0.090471892143247995 -0.046749277017790469 0.0089672804789145948 0.0041081884340315325 0.015822148996376843 -0.023570056673683216 -0.068410417217652772 0.053233929151210238 0.058358336072052576 0.0078900144717850961 0.032386176091813504 0.046651450270992649 0.0011246058426944835 0.032791279900926361 -0.004858516600552947 0.033566643852246232 -0.054103223538085277 0.013155428583571001 0.024495456575490647 -0.033081400611882
leaf_weight=6029 8208 8208 12051 5102 18074 17853 6029 18087 7653 10944 10204 74390 54791 8278 17705 3134 18086 17171 16774 6031 5676 5910 3625 9275 2551 23792 12045 28395 6012 18066 6030 12060 56549 26094 12053 30131 6020 321 364 9795 321 6031 4748 53447 6025 16144 22130 1911 2060 552 17173 6017 12061 18064 6031 28314 6029 618 1293 36071 6029 7314
leaf_count=6029 8208 8208 12051 5102 18074 17853 6029 18087 7653 10944 10204 74390 54791 8278 17705 3134 18086 17171 16774 6031 5676 5910 3625 9275 2551 23792 12045 28395 6012 18066 6030 12060 56549 26094 12053 30131 6020 321 364 9795 321 6031 4748 53447 6025 16144 22130 1911 2060 552 17173 6017 12061 18064 6031 28314 6029 618 1293 36071 6029 7314
internal_value=-7.65569e-11 0.0169872 0.0351273 -0.0248464 -0.0251567 0.0410325 -0.032301 0.00562415 -0.0271737 -0.0270482 -0.0217727 -0.0301668 -0.0103676 0.00757532 0.0250718 -0.00714436 0.00524261 -0.00832722 0.00729512 0.00215869 -0.0287759 0.0763163 0.00642478 -0.0421086 0.0487602 -0.0469681 0.0132049 0.00481974 -0.00239756 0.00460013 -0.000462624 -0.0113475 0.0020277 0.0357918 0.0342205 0.0100451 0.0245 -0.0788034 -0.0802046 0.00548333 -0.0792096 -0.0518674 -0.0678286 -0.0494264 0.0289984 -0.00647702 0.0249038 -0.0394367 -0.0462062 0.00372909 0.0387264 0.0350278 0.0476431 0.0312433 0.0339245 0.0272306 -0.0238484 -0.0413798 -0.0257516 0.00649997 -0.000139112 -0.0156615
internal_weight=877949 524068 201844 18093 353881 183751 253381 322224 18093 193905 153305 88310 64995 304131 35778 100500 268353 35257 233096 124708 18085 23763 100620 12409 7653 40600 108388 96995 82415 46252 40240 36163 84944 159988 147937 90318 12051 10440 13920 18073 10440 34571 10779 59476 18070 34210 48224 2232 2976 916 99713 70479 29234 58426 52409 34345 18089 2232 1911 72231 36160 24088
internal_count=877949 524068 201844 18093 353881 183751 253381 322224 18093 193905 153305 88310 64995 304131 35778 100500 268353 35257 233096 124708 18085 23763 100620 12409 7653 40600 108388 96995 82415 46252 40240 36163 84944 159988 147937 90318 12051 10440 13920 18073 10440 34571 10779 59476 18070 34210 48224 2232 2976 916 99713 70479 29234 58426 52409 34345 18089 2232 1911 72231 36160 24088
is_linear=0
shrinkage=0.05


Tree=17
num_leaves=63
num_cat=0
split_feature=3 3 0 6 3 3 3 1 6 2 6 0 0 3 3 0 0 0 0 22 0 2 3 3 0 3 0 0 3 8 3 0 0 3 0 0 0 6 6 0 6 3 0 0 3 22 0 0 2 0 19 15 22 7 0 22 0 19 3 0 2 0
split_gain=135442 38996.8 25806.2 25940.8 16439.7 12266 8228.38 7444.01 24126.3 7355.97 5298.3 14936.1 7250.78 4545.23 3725.31 3304.63 3065.57 3366.29 2604.68 2555.18 2620.55 2345.41 2407.65 3854.24 4664.23 2293 2017.33 1888.43 2555.18 1805.88 1792.35 1750.58 2241.93 1736.42 1656.21 1632.24 2002.31 1588.27 1579.5 1520.65 1466.67 1440.46 1570.67 1420.42 1364.11 1342.46 1295.45 1540.16 1272.78 1489.96 1265.97 1262.44 1254.59 1253.76 1246.2 1204.59 1675.18 1195.24 1187.13 1766.42 1725.3 1320.64
threshold=-0.43878702819347376 0.31276594102382665 -1.149046719074249 0.23542753793299201 -0.55416440963745106 2.7999460697174077 -0.72815677523612965 -1.1897694468498228 0.23542753793299201 -0.81113922595977772 0.23542753793299201 -1.3365979194641111 -1.3365979194641111 0.13408648967742923 -0.47164988517761225 1.0610483288764956 -0.92676365375518788 1.6665380001068117 0.3965147733688355 0.93363687396049511 -0.15108864009380338 1.1728230714797976 -0.25424566864967341 -0.18533226102590558 0.11866103112697603 1.9536987543106081 -1.0205392837524412 -0.95802223682403553 -0.49729524552822107 1.0000000180025095e-35 0.18189372867345813 -1.1085263490676878 -0.20087077468633649 0.13338815420866015 0.19391308724880221 -1.0000000180025095e-35 -0.74500101804733265 1.0000000180025095e-35 -1.0000000180025095e-35 -0.14414230734109876 1.0000000180025095e-35 -0.61470600962638844 1.5032989382743838 0.99505805969238292 -0.77242308855056752 0.69267791509628307 -0.97423034906387318 -1.0900027751922605 -0.81113922595977772 -1.1189458370208738 -0.7719002068042754 -1.0164967775344846 0.34840300679206854 -0.85499599575996388 -1.457001209259033 0.80309319496154796 -1.1640971302986143 -0.7719002068042754 0.94304263591766369 0.41966924071311956 1.4562462568283083 0.44977006316185003
decision_type=2 2 2 2 2 2 2 2 2 2 2 2 2 2 2 2 2 2 2 2 2 2 2 2 2 2 2 2 2 2 2 2 2 2 2 2 2 2 2 2 2 2 2 2 2 2 2 2 2 2 2 2 2 2 2 2 2 2 2 2 2 2
left_child=4 7 3 37 6 31 44 8 40 26 11 38 54 16 27 30 48 21 -7 20 -16 22 35 43 -25 -5 -8 -6 -29 -26 34 -4 46 -31 -15 36 -18 -3 -11 -23 -2 -28 -43 -24 -1 -32 47 -33 49 -9 51 -39 -40 -35 -12 56 -46 -54 59 -34 -60 -61
right_child=1 2 5 25 14 18 9 13 -10 10 12 -13 -14 15 19 -17 17 -19 -20 -21 -22 39 23 24 29 -27 41 28 -30 33 45 32 58 53 -36 -37 -38 50 52 -41 -42 42 -44 -45 55 -47 -48 -49 -50 -51 -52 -53 57 -55 -56 -57 -58 -59 60 61 -62 -63
leaf_value=-0.069500714622661636 -0.085021766935988993 -0.085033015504508647 0.05232724415574086 0.065674896052626372 -0.020570743482791885 0.088810181186569526 -0.017930870068979657 0.0084192529187176405 0.041621408562371738 -0.084977305554158514 0.059114001580940795 -0.019763427987469245 -0.017056167900282339 0.033118461327545083 -0.08154176360267705 0.038701986079980877 -0.013225794990273149 0.025494678818603844 0.055698997609218641 -0.00063433329679073148 -0.027345132960274205 -0.026583895892322674 0.0082014530223231633 0.044818554204297555 0.0062394698274280324 0.007616909788333695 -0.042404326642847018 -0.0020630539460808708 0.031975886857408917 -0.0062574157228506211 0.0028995074723807412 0.013602824736977366 0.050704200799600134 0.0091276637252413594 0.0068047501297461401 -0.014016930670883918 0.013088745139248639 -0.064461591566875309 -0.12824045581122145 -0.00366088340723272 -0.039310806450237087 -0.047502273941891902 -0.085948298871752565 0.037927882985892655 -0.087920339959773691 -0.04542268747549974 0.017309932011238476 0.044553938460202634 0.0052396283437303789 0.031118331582378464 -0.062574952275621862 0.07404540931976937 0.018157698437211597 -0.073099208687451164 0.018760778818759708 -0.034549240890242638 -0.046850723859280546 -0.054662343460956664 0.055440419731227542 0.0074955136377154053 0.030766867037729184 0.032228229888024706
leaf_weight=6029 8208 8208 12051 5102 12046 12058 6029 12061 7653 10944 2551 74390 54791 11865 2950 16965 12042 13849 11705 5991 9144 12058 6029 6030 40900 2551 23792 64339 6030 32323 10392 6029 12053 636 12056 29203 18087 273 384 18087 2232 6031 4748 12051 2698 1668 30137 12058 18073 18046 1545 414 828 1710 7653 19604 31145 1764 17173 6017 12061 52409
leaf_count=6029 8208 8208 12051 5102 12046 12058 6029 12061 7653 10944 2551 74390 54791 11865 2950 16965 12042 13849 11705 5991 9144 12058 6029 6030 40900 2551 23792 64339 6030 32323 10392 6029 12053 636 12056 29203 18087 273 384 18087 2232 6031 4748 12051 2698 1668 30137 12058 18073 18046 1545 414 828 1710 7653 19604 31145 1764 17173 6017 12061 52409
internal_value=7.78625e-11 0.0161379 0.0333709 -0.0236041 -0.0238988 0.0389809 -0.0306859 0.00534294 -0.0258151 -0.0256957 -0.0206841 -0.0286584 -0.0098492 0.00719656 -0.00678714 0.0205102 0.00439024 0.00169927 0.0725005 -0.0273372 -0.0405649 -4.2904e-05 0.00238127 0.00712801 0.0025 0.0463222 -0.0446196 -0.00227768 0.000853782 -0.000876796 0.0119328 0.0340023 0.0325095 -0.00927206 0.0198566 -0.00559336 0.00257131 -0.0748633 -0.0761944 -0.0128301 -0.0752491 -0.049274 -0.0644372 0.0280152 -0.046955 -0.00378386 0.0236586 0.0342369 0.0157286 0.022025 -0.0374648 0.0190055 -0.0438959 -0.0508075 0.0288491 -0.0444118 -0.0501248 -0.0314004 0.03679 0.0332764 0.0452609 0.0296811
internal_weight=877949 524068 201844 18093 353881 183751 253381 322224 18093 193905 153305 88310 64995 304131 100500 52946 251185 203005 23763 18085 12094 189156 159011 99679 81599 7653 40600 82415 70369 75569 35981 159988 147937 34669 23921 59332 30129 10440 13920 30145 10440 34571 10779 18080 59476 12060 48224 18087 48180 30107 2232 687 2976 2346 10204 53447 33843 2592 99713 70479 29234 58426
internal_count=877949 524068 201844 18093 353881 183751 253381 322224 18093 193905 153305 88310 64995 304131 100500 52946 251185 203005 23763 18085 12094 189156 159011 99679 81599 7653 40600 82415 70369 75569 35981 159988 147937 34669 23921 59332 30129 10440 13920 30145 10440 34571 10779 18080 59476 12060 48224 18087 48180 30107 2232 687 2976 2346 10204 53447 33843 2592 99713 70479 29234 58426
is_linear=0
shrinkage=0.05


Tree=18
num_leaves=63
num_cat=0
split_feature=3 3 1 6 3 3 0 22 0 0 6 6 3 0 3 0 1 0 2 0 22 0 4 3 3 0 3 3 0 0 0 3 2 0 4 3 0 6 5 6 0 3 6 0 0 3 0 22 22 22 22 8 19 2 0 19 2 0 6 3 3 3
split_gain=122236 35194.6 23290.1 23411.6 14836.9 11070 7702.5 6821.88 14738.4 6718.22 21774 4265.3 4102.07 3550.94 3362.09 2982.43 2766.68 3053.33 2728.35 2368.03 2307 2388.95 2252.89 2243.81 2213.34 2092.29 2069.43 1859.91 1754.36 1735.21 2904.13 2720.96 2041.7 1716.93 1660.71 1617.6 1494.73 1433.41 1420.41 1415.21 1399.41 1356.85 1323.67 1314.82 1236.54 1225.51 1417.53 1214.7 1179.94 1177.42 1175.89 1161.77 1161.61 1148.68 1344.68 1137.98 1137.32 1134.83 1815.89 1099.03 1071.04 1104.61
threshold=-0.43878702819347376 0.31276594102382665 -0.99470815062522877 0.23542753793299201 -0.55416440963745106 2.7999460697174077 -0.37105621397495264 1.2510103583335879 -1.3365979194641111 -1.3655410408973692 0.23542753793299201 0.23542753793299201 0.13408648967742923 -0.089729286730289445 -0.47164988517761225 1.0610483288764956 -0.79964685440063465 1.7035850882530215 -0.81113922595977772 1.1721898317337038 0.91351509094238292 -0.15108864009380338 -0.57599145174026478 -0.67935135960578907 -0.61042973399162281 -0.47525136172771448 1.9536987543106081 -0.68251031637191761 -0.85266935825347889 -0.34327083826065058 -0.27959600090980524 -0.49729524552822107 0.6059766709804536 -0.41852289438247675 -0.57599145174026478 0.18189372867345813 0.19391308724880221 1.0000000180025095e-35 0.74835324287414562 -1.0000000180025095e-35 -1.457001209259033 -0.67612668871879567 1.0000000180025095e-35 1.6862192749977114 0.75193604826927196 -0.61470600962638844 1.5032989382743838 0.73115441203117382 0.34840300679206854 0.37700127065181738 0.34840300679206854 -1.0000000180025095e-35 -0.7719002068042754 -0.81113922595977772 -1.1189458370208738 -0.7719002068042754 1.4562462568283083 0.43819281458854681 0.23542753793299201 4.5974376201629648 0.77002382278442394 0.69440227746963512
decision_type=2 2 2 2 2 2 2 2 2 2 2 2 2 2 2 2 2 2 2 2 2 2 2 2 2 2 2 2 2 2 2 2 2 2 2 2 2 2 2 2 2 2 2 2 2 2 2 2 2 2 2 2 2 2 2 2 2 2 2 2 2 2
left_child=4 9 3 37 6 34 7 8 11 10 42 39 16 -8 29 35 53 22 45 59 21 -16 -18 -9 27 41 -5 -20 -24 32 -31 44 -6 -27 -4 36 -14 -3 51 -1 -25 -10 -2 -29 -32 -15 -47 -37 -39 -41 -44 -30 -52 54 -11 -50 -34 58 -22 -7 61 -36
right_child=1 2 5 26 14 19 13 23 25 12 -12 -13 15 18 20 -17 17 -19 24 -21 57 -23 28 40 -26 33 -28 43 38 30 31 -33 56 -35 60 47 -38 48 -40 49 -42 -43 50 -45 -46 46 -48 -49 55 -51 52 -53 -54 -55 -56 -57 -58 -59 -60 -61 -62 -63
leaf_value=-0.081735538326787108 -0.080770680224105537 -0.08078136850896403 0.025109811741467005 0.0623911509987643 0.0015166720903224697 0.09533001147093198 -0.058636208854339802 -0.014067552860647418 -0.032517245276823127 0.0079982904821727565 0.039540338288619289 0.016573121549256761 0.03146253770434701 -0.03970647537171728 -0.0779259639377268 0.036766886147712993 -0.0072887713532477265 0.030529306033414711 -0.029317690632824529 0.04144242081119854 -0.058707028354165518 -0.026002360131205066 -0.018503497409004237 0.050344415541653677 -0.0099714614225996333 0.00930013314853834 0.0072360650319136938 -0.069998631917863527 0.012967103060274564 0.036665386786400599 -0.015036127969382033 0.030377093038303937 -0.031108767825593305 -0.0160844218600944 0.033850233585466905 0.0025824110167456888 0.0064645126688602011 -0.13004223977526028 -0.0028955073788116629 -0.11333941937049836 0.0082812784541525606 -0.01761430907856187 -0.13163380275170009 -0.034525739974193496 0.004005931797401518 -0.04512716007758448 -0.081650887177121406 -0.044358720148052151 0.034238363584074616 -0.032387421190497277 0.033037283416723476 0.00046481231928987524 -0.049856584556879469 0.0049776469595623199 0.029562415036802448 -0.047808239138766126 -0.0045124382014478425 -0.023073647568257066 0.038818065642742206 0.069098365851028937 0.041085394969331779 0.013086320517025596
leaf_weight=13540 8208 8208 53447 5102 18074 6029 18661 11960 25666 12061 7653 1390 11865 17174 2925 16965 64893 8737 46626 5910 589 9129 8032 2378 12004 9997 2551 5342 59455 6012 18066 6030 12060 19963 47562 10473 12056 288 34859 535 11736 37718 288 5112 16144 6031 4748 1587 621 2800 621 27029 1323 18073 18046 1323 6029 2925 2517 11824 51577 7402
leaf_count=13540 8208 8208 53447 5102 18074 6029 18661 11960 25666 12061 7653 1390 11865 17174 2925 16965 64893 8737 46626 5910 589 9129 8032 2378 12004 9997 2551 5342 59455 6012 18066 6030 12060 19963 47562 10473 12056 288 34859 535 11736 37718 288 5112 16144 6031 4748 1587 621 2800 621 27029 1323 18073 18046 1323 6029 2925 2517 11824 51577 7402
internal_value=1.37406e-11 0.015331 0.0317023 -0.0224239 -0.0227039 0.0370319 -0.0291516 -0.0211603 -0.0265397 0.0050758 -0.0245243 -0.0676148 0.00683673 -0.0386615 -0.00644779 0.0194847 0.00417073 0.00161431 -0.0348202 0.0688755 -0.0259703 -0.038602 0.000313884 0.00186623 -0.0294872 -0.0185024 0.0440061 -0.0335914 0.00412729 -0.0021638 0.00425139 -0.000591378 -0.0103687 -0.00761415 0.0323021 0.0113362 0.0188637 -0.0711201 0.00562528 -0.0745494 0.0153683 -0.0236489 -0.0714866 -0.0526524 -0.00605001 -0.0480005 -0.0612154 -0.00359467 -0.0355916 -0.0453737 -0.0373453 0.00905974 -0.0233766 0.0149421 0.0209237 -0.0215989 -0.0222443 -0.00072356 0.0203241 0.0779569 0.0359102 0.031054
internal_weight=877949 524068 201844 18093 353881 183751 253381 137683 111609 322224 18093 18265 304131 115698 100500 52946 251185 203005 97037 23763 18085 12054 194268 26074 69084 93344 7653 57080 129375 82415 46252 40240 36163 29960 159988 35981 23921 10440 121343 16875 14114 63384 10440 10454 34210 27953 10779 12060 2232 3335 2232 86484 1944 48180 30107 1944 18089 6031 3106 17853 106541 54964
internal_count=877949 524068 201844 18093 353881 183751 253381 137683 111609 322224 18093 18265 304131 115698 100500 52946 251185 203005 97037 23763 18085 12054 194268 26074 69084 93344 7653 57080 129375 82415 46252 40240 36163 29960 159988 35981 23921 10440 121343 16875 14114 63384 10440 10454 34210 27953 10779 12060 2232 3335 2232 86484 1944 48180 30107 1944 18089 6031 3106 17853 106541 54964
is_linear=0
shrinkage=0.05


Tree=19
num_leaves=63
num_cat=0
split_feature=3 3 0 6 3 3 0 22 0 1 6 6 3 0 0 3 2 4 0 22 0 3 0 3 3 2 0 0 3 0 0 0 8 0 0 0 0 2 6 0 0 0 6 0 3 3 8 6 0 3 0 19 15 22 22 0 0 1 0 0 0 19
split_gain=110318 31763.1 21019.3 21128.9 13390.3 9990.7 6951.5 6156.75 13301.4 6063.19 19651.1 3849.44 3711.26 4342.26 3284.42 3034.29 2837.61 2490.46 2152.71 2082.06 2156.03 2025.04 1888.29 1867.66 1861.86 1668.14 2352.18 1582.47 2075.23 1549.53 1548.79 1984.78 1507.29 1368.74 1319.99 1386.99 1849.1 1356.16 1293.65 1283.06 1725.86 1365.67 1277.23 1262.97 1234.4 1224.55 1201.14 1194.61 1157.46 1106.02 1279.32 1065.3 1087.71 1064.9 1062.66 1062.65 1464.23 1227.06 1470.52 1044.3 1042.68 1027.03
threshold=-0.43878702819347376 0.31276594102382665 -1.149046719074249 0.23542753793299201 -0.55416440963745106 2.7999460697174077 -0.37105621397495264 1.2510103583335879 -1.3365979194641111 -1.1897694468498228 0.23542753793299201 0.23542753793299201 0.15903349965810779 -0.1128837652504444 1.0000000180025095e-35 -0.47164988517761225 -0.81113922595977772 -0.57599145174026478 0.3965147733688355 0.91351509094238292 -0.15108864009380338 -0.67935135960578907 -0.47525136172771448 1.9536987543106081 -0.57429704070091236 1.1728230714797976 0.92791008949279796 -0.95802223682403553 -0.49729524552822107 -0.41852289438247675 -1.1085263490676878 -0.20087077468633649 -0.53798767924308766 0.33631311357021337 1.7035850882530215 0.45671640336513525 0.85381576418876659 1.0000000180025095e-35 1.0000000180025095e-35 0.5458611547946931 0.36757166683673864 0.3478903621435166 1.0000000180025095e-35 -1.457001209259033 -0.078671745955944047 -0.67612668871879567 0.53518827259540569 1.0000000180025095e-35 -0.99622708559036244 -0.61470600962638844 1.5032989382743838 -0.67850741744041432 -1.0164967775344846 0.34840300679206854 0.34840300679206854 1.59591680765152 1.3782647252082827 -1.0000000180025095e-35 0.44977006316185003 -0.77394410967826832 -1.1224189996719358 -0.7719002068042754
decision_type=2 2 2 2 2 2 2 2 2 2 2 2 2 2 2 2 2 2 2 2 2 2 2 2 2 2 2 2 2 2 2 2 2 2 2 2 2 2 2 2 2 2 2 2 2 2 2 2 2 2 2 2 2 2 2 2 2 2 2 2 2 2
left_child=4 9 3 38 6 30 7 8 11 10 47 42 17 32 -8 27 49 48 -7 20 -17 -9 45 -5 33 34 -27 -6 -29 -24 60 46 -14 -18 35 44 -37 -38 -3 40 41 -35 -1 -23 -19 -10 -32 -2 -11 -16 -51 52 -49 -40 -44 56 57 -33 -59 -47 -4 -55
right_child=1 2 5 23 15 18 14 21 22 12 -12 -13 13 -15 16 19 24 25 -20 -21 -22 43 29 -25 -26 26 -28 28 -30 -31 31 55 -34 39 -36 36 37 -39 53 -41 -42 -43 54 -45 -46 59 -48 51 -50 50 -52 -53 -54 61 -56 -57 -58 58 -60 -61 -62 -63
leaf_value=-0.077648757869154872 -0.076732149635229285 -0.076742295519272724 0.033224759640755726 0.059271592906483109 -0.018801320446633272 0.080258962080910809 -0.052901550562865156 -0.013364175142081373 -0.030891383761782711 0.010839236602520924 0.037563321668852803 0.015744466380796792 0.023032020961821512 0.039220602192790527 -0.037721151962626293 -0.074029667890988859 -0.013905932863307813 0.011298212488450343 0.050157319849809749 -0.00068738200642166057 -0.024702241480221619 0.047827192214204048 0.0088351261138969947 0.0068742618593414691 6.4450401596272846e-05 -0.019946713062506675 0.011715068895932747 -0.0018176787964473791 0.028858238331117139 -0.015280200945506453 0.027073459459235477 0.046501773313685602 -0.006798018531976667 -0.043676647605196711 0.046476264924045822 -0.010507616601477381 0.018243585991916358 0.0030921778948630172 -0.1235401241729657 -0.024915325608678887 -0.066498700914557882 -0.0132984210366779 -0.11193886347115041 0.0078672147564778083 0.028837191435721922 -0.023334149112188146 0.010777712353142321 -0.070337657090071795 -0.0047751307050053864 -0.042870802421620342 -0.077568338861987995 -0.061321780425031058 0.052588530313788046 0.032526443833890167 -0.031532278322172723 0.018037157959040609 0.048179509175880285 0.0055739242761066827 0.031626805735888226 -0.0062470015608002 0.062639395318546787 -0.045417829859193674
leaf_weight=13540 8208 8208 6029 5102 12046 12058 24692 11960 25666 14080 7653 1390 6773 17705 17174 2925 11590 60151 11705 6031 9129 2378 9997 2551 5987 12048 11432 64339 6030 19963 30118 12053 11300 11506 2411 16048 22864 41713 288 23175 5342 5453 480 11736 12040 23148 18106 273 75566 6031 4748 1431 528 621 2855 10221 17173 6017 54249 14570 6022 1323
leaf_count=13540 8208 8208 6029 5102 12046 12058 24692 11960 25666 14080 7653 1390 6773 17705 17174 2925 11590 60151 11705 6031 9129 2378 9997 2551 5987 12048 11432 64339 6030 19963 30118 12053 11300 11506 2411 16048 22864 41713 288 23175 5342 5453 480 11736 12040 23148 18106 273 75566 6031 4748 1431 528 621 2855 10221 17173 6017 54249 14570 6022 1323
internal_value=-1.94677e-11 0.0145644 0.0301172 -0.0213027 -0.0215687 0.0351803 -0.0276941 -0.0201022 -0.0252127 0.00482201 -0.0232981 -0.064234 0.00649489 0.0216216 -0.0367285 -0.0061254 -0.0323403 0.00447813 0.0654317 -0.0246718 -0.0366719 0.00177292 -0.0175772 0.0418058 -0.0264617 0.00788968 -0.00453115 -0.00205561 0.000810976 -0.00723344 0.030687 0.0292829 0.00438103 -0.0292447 0.00976848 0.00918934 0.00468191 0.00845665 -0.0675641 -0.0331539 -0.0417154 -0.0339088 -0.0708219 0.0145999 0.0142234 -0.0224665 0.0209551 -0.0679123 -0.0023227 -0.0456005 -0.0581546 -0.035478 0.0106923 -0.033812 -0.043105 0.0333105 0.0350549 0.0319383 0.0290257 -0.0167336 0.0479235 -0.020519
internal_weight=877949 524068 201844 18093 353881 183751 253381 137683 111609 322224 18093 18265 304131 35778 115698 100500 91006 268353 23763 18085 12054 26074 93344 7653 63053 178707 23480 82415 70369 29960 159988 147937 18073 57066 155227 152816 80625 64577 10440 45476 22301 16959 16875 14114 72191 63384 48224 10440 89646 27953 10779 2232 801 2232 3335 99713 89492 72319 60266 37718 12051 1944
internal_count=877949 524068 201844 18093 353881 183751 253381 137683 111609 322224 18093 18265 304131 35778 115698 100500 91006 268353 23763 18085 12054 26074 93344 7653 63053 178707 23480 82415 70369 29960 159988 147937 18073 57066 155227 152816 80625 64577 10440 45476 22301 16959 16875 14114 72191 63384 48224 10440 89646 27953 10779 2232 801 2232 3335 99713 89492 72319 60266 37718 12051 1944
is_linear=0
shrinkage=0.05


Tree=20
num_leaves=63
num_cat=0
split_feature=3 3 0 6 3 3 3 1 6 2 6 0 0 3 3 0 0 0 0 0 0 22 0 2 1 3 0 0 0 3 0 3 0 8 6 0 0 0 3 2 0 0 8 3 0 6 6 6 0 8 5 0 0 0 6 6 19 15 0 0 0 22
split_gain=99562 28701.6 19683.5 19068.9 12084.7 8383.84 6276.69 5641.12 17735.1 5641.06 3987.61 11062.7 5518.34 3847.37 2738.45 2516.52 2338.51 2715.24 2172.6 2826.23 2013.72 1879.06 1945.82 1864.4 2031.69 4060.02 1789.91 3054.45 1688.2 1685.56 1548.53 1536.21 2461.21 1525.28 1489.48 1650.6 1459.04 2655.13 2242.81 1842.55 1436.25 1412.26 1289.15 1285.05 1236.68 1167.52 1165.69 1142.21 1115.98 1095.82 1845.86 1516.89 1085.71 1824.03 1169.73 1078.14 1074.44 1156.6 1040.34 1311.82 1031.01 1029.93
threshold=-0.43878702819347376 0.35635852813720709 -1.149046719074249 0.23542753793299201 -0.55416440963745106 2.7999460697174077 -0.72815677523612965 -1.1897694468498228 0.23542753793299201 -0.81113922595977772 0.23542753793299201 -1.3365979194641111 -1.3365979194641111 0.13408648967742923 -0.47164988517761225 1.0610483288764956 -0.92676365375518788 1.6248599290847781 1.4488858580589297 1.3481638431549074 1.1721898317337038 0.91351509094238292 -0.15108864009380338 1.1728230714797976 -1.0000000180025095e-35 -0.078671745955944047 -0.97423034906387318 -0.20087077468633649 0.82371494174003612 1.9536987543106081 -1.0205392837524412 -0.18533226102590558 1.0899914503097536 -0.18441987375263122 0.6487882286310197 0.69404986500740062 -0.34327083826065058 -0.27959600090980524 -0.49729524552822107 0.6059766709804536 -0.74500101804733265 0.69404986500740062 -1.0000000180025095e-35 0.18189372867345813 -0.14414230734109876 1.0000000180025095e-35 1.0621489584445956 1.0000000180025095e-35 0.75193604826927196 -0.18441987375263122 0.74835324287414562 1.5032989382743838 0.28421554714441305 0.33631311357021337 0.23542753793299201 -1.0000000180025095e-35 -0.7719002068042754 -1.0164967775344846 1.59591680765152 1.5716046094894411 -1.1640971302986143 0.34840300679206854
decision_type=2 2 2 2 2 2 2 2 2 2 2 2 2 2 2 2 2 2 2 2 2 2 2 2 2 2 2 2 2 2 2 2 2 2 2 2 2 2 2 2 2 2 2 2 2 2 2 2 2 2 2 2 2 2 2 2 2 2 2 2 2 2
left_child=4 7 3 45 6 26 52 8 55 30 11 47 -12 16 36 42 -9 18 19 23 -7 22 -16 24 25 40 -4 -28 34 -5 -8 32 -30 -33 41 -36 39 -38 48 -6 -18 -26 -15 -44 -25 -3 -37 -11 -39 50 51 -32 54 -54 -1 -2 57 -49 59 -29 -56 -57
right_child=1 2 5 29 14 20 9 13 -10 10 12 -13 -14 15 21 -17 17 -19 -20 -21 -22 -23 -24 44 28 -27 27 58 31 -31 49 33 -34 -35 35 46 37 38 -40 -41 -42 -43 43 -45 -46 -47 -48 56 -50 -51 -52 -53 53 -55 60 61 -58 -59 -60 -61 -62 -63
leaf_value=-0.051985416867079762 -0.072895541702184763 -0.072905180946747694 0.04262877637160685 0.056308014202835238 0.0018143288692141252 0.070534604687229316 -0.015139850550132485 0.013670429082077565 0.035685155455908495 -0.072859535754075611 0.02559754698019432 -0.016825032075151382 -0.014449845003705847 0.018231519879945743 -0.070328183681536954 0.03071172470627212 -0.012524531658489269 0.019432909225309405 -0.018460856080895701 0.024520228886418541 0.036862435620120537 -0.00065301321232248211 -0.023467130064702153 -0.024174593337794193 -0.019038757937159555 0.03498613949173867 0.013891771996525651 0.032434674073278637 0.039000037466098522 0.0065305486948385276 -0.010496476118581566 0.0062129113689053817 -0.00014348731277973018 -0.014391891455940548 -0.018999021490513163 -0.028925101882195249 0.034923000312246093 -0.014193437526388637 0.027415326275333964 -0.020758081854724011 0.0079078114434720063 0.016495102434186098 0.011823218445832041 -0.014210240113088119 -0.0035024765062573421 -0.03212141258822334 -0.11020055335310064 -0.062059139075515038 0.0038965193620657396 -0.050782573673506554 -0.05976557708198238 -0.051152899966552548 -0.0070948717027430113 -0.041492814866072529 -0.0057036397661499004 -0.12194674337903406 -0.057958290929933202 0.052753204830746726 0.017135299669543694 0.058578932710973003 -0.040035188956179218 -0.020631123374028462
leaf_weight=24305 8208 8208 24109 5102 18074 17853 6029 48180 7653 10944 10204 74390 54791 22657 2925 22996 12042 18961 15330 12062 5910 6031 9129 12058 8378 12045 30137 78350 6020 2551 8067 16565 12062 19619 3654 743 6012 18066 6030 18089 30096 4197 11054 8299 18087 2232 1086 364 16144 18740 4558 3206 5795 11506 2551 288 2060 552 10221 5111 15319 1944
leaf_count=24305 8208 8208 24109 5102 18074 17853 6029 48180 7653 10944 10204 74390 54791 22657 2925 22996 12042 18961 15330 12062 5910 6031 9129 12058 8378 12045 30137 78350 6020 2551 8067 16565 12062 19619 3654 743 6012 18066 6030 18089 30096 4197 11054 8299 18087 2232 1086 364 16144 18740 4558 3206 5795 11506 2551 288 2060 552 10221 5111 15319 1944
internal_value=4.85181e-11 0.0138362 0.0293657 -0.0202375 -0.0204903 0.034593 -0.0263093 0.0050196 -0.0221332 -0.021951 -0.0175622 -0.0244803 -0.00816254 0.00657333 -0.00581913 0.017415 0.00376752 0.00141722 -0.000438829 0.00119872 0.0621601 -0.0234382 -0.0348383 -0.000597004 0.00206569 0.00938636 0.0301646 0.0277377 -0.00341873 0.0397155 -0.0385228 0.000987945 0.0128885 -0.00495903 -0.0166612 -0.0384081 -0.00195283 0.00392974 -0.000700766 -0.00947656 0.00206875 -0.00717907 0.0101365 0.000659488 -0.0117713 -0.0641859 -0.0771838 -0.0653907 -0.00565663 -0.0426007 -0.0329153 -0.022059 -0.0405186 -0.0299712 -0.0448454 -0.0645167 -0.0379247 0.00712909 0.0321918 0.0340357 -0.0351342 -0.0337041
internal_weight=877949 524068 189784 18093 353881 171691 253381 334284 18093 193905 153305 88310 64995 316191 100500 65006 251185 203005 184044 168714 23763 18085 12054 156652 126507 54183 147928 123819 72324 7653 40600 54266 18082 36184 18058 5483 82415 46252 40240 36163 42138 12575 42010 19353 30145 10440 1829 13920 34210 34571 15831 11273 59476 17301 42175 10440 2976 916 93682 83461 17870 2232
internal_count=877949 524068 189784 18093 353881 171691 253381 334284 18093 193905 153305 88310 64995 316191 100500 65006 251185 203005 184044 168714 23763 18085 12054 156652 126507 54183 147928 123819 72324 7653 40600 54266 18082 36184 18058 5483 82415 46252 40240 36163 42138 12575 42010 19353 30145 10440 1829 13920 34210 34571 15831 11273 59476 17301 42175 10440 2976 916 93682 83461 17870 2232
is_linear=0
shrinkage=0.05


Tree=21
num_leaves=63
num_cat=0
split_feature=3 3 0 6 3 3 0 0 6 22 1 3 0 6 0 3 4 2 3 3 22 8 3 0 0 0 0 9 3 0 0 3 3 2 2 0 6 0 6 6 3 0 0 2 3 0 6 19 15 22 0 19 15 4 0 19 19 1 8 6 0 0
split_gain=89854.7 25903.2 17764.4 17209.6 10906.4 7566.42 5920.81 5091.11 16005.9 5035.08 11058 3529.35 3472.32 3135.19 2692.7 2471.45 2212.48 1955.74 1856.94 1816.96 1697.57 1666.24 1655.98 1628.1 1619.75 1615.39 2756.64 1540.21 1521.22 1398.47 1361.34 1680.73 1150.31 1389.87 1937.47 1138.52 1272.27 1095.16 1053.69 1053.03 1024.8 1016.84 1007.09 1470 988.473 1108.55 973.017 967.482 1217.48 964.946 963.647 961.601 961.923 942.568 927.143 926.592 1036.8 912.632 903.922 901.554 894.469 826.009
threshold=-0.43878702819347376 0.35635852813720709 -1.149046719074249 0.23542753793299201 -0.55416440963745106 2.7999460697174077 -0.37105621397495264 -1.3655410408973692 0.23542753793299201 1.2510103583335879 -1.1897694468498228 0.15903349965810779 -0.1128837652504444 0.23542753793299201 -0.089729286730289445 -0.47164988517761225 -0.57599145174026478 -0.81113922595977772 3.4478085041046147 -0.57429704070091236 1.0205361247062685 0.53518827259540569 -0.67935135960578907 -0.15108864009380338 -0.47525136172771448 -0.97423034906387318 -0.20087077468633649 -0.85614114999771107 1.9536987543106081 -0.41852289438247675 -0.95802223682403553 -0.49729524552822107 -0.73797869682312001 1.4562462568283083 0.88939985632896434 0.43819281458854681 0.23542753793299201 -1.457001209259033 1.0000000180025095e-35 -1.0000000180025095e-35 -0.67612668871879567 0.3478903621435166 1.7035850882530215 1.1728230714797976 -0.61470600962638844 1.5032989382743838 1.0000000180025095e-35 -0.7719002068042754 -1.0164967775344846 0.37700127065181738 -0.99622708559036244 -0.67850741744041432 -1.0164967775344846 -0.28720723092555994 0.92791008949279796 -0.7719002068042754 0.53559884428977977 -0.79964685440063465 -0.18441987375263122 1.0000000180025095e-35 1.1721898317337038 1.6248599290847781
decision_type=2 2 2 2 2 2 2 2 2 2 2 2 2 2 2 2 2 2 2 2 2 2 2 2 2 2 2 2 2 2 2 2 2 2 2 2 2 2 2 2 2 2 2 2 2 2 2 2 2 2 2 2 2 2 2 2 2 2 2 2 2 2
left_child=4 7 3 38 6 25 9 8 46 10 13 16 21 39 -8 30 50 44 -7 32 23 -13 -11 59 40 -4 58 -18 -5 -26 -6 -32 -19 34 41 36 -22 -24 -3 -1 -12 -34 43 -29 -16 -46 -2 48 -48 -40 -9 52 -41 -28 -45 -51 -57 -42 -27 -17 -20 -52
right_child=1 2 5 28 15 18 14 11 -10 22 24 12 -14 -15 17 20 27 19 60 -21 35 -23 37 -25 29 26 53 42 -30 -31 31 -33 33 -35 -36 -37 -38 -39 49 51 57 -43 -44 54 45 -47 47 -49 -50 55 61 -53 -54 -55 -56 56 -58 -59 -60 -61 -62 -63
leaf_value=-0.070332085000711503 -0.069250765357885588 -0.069259921804825791 0.040497337905839398 0.053492612651356158 -0.017386911044329465 0.083023833850610906 -0.050725785726193073 0.0096137533370984404 0.033900896777974136 -0.011893470082621233 -0.027882560813887482 0.015576515328589662 0.032330404704796249 0.013990377234441576 -0.033696894639618398 -0.076155624070403757 -8.0202123450066727e-05 -0.0067401281681855555 0.058841416383170336 0.00085275018090563812 -0.058602856042293407 -0.011575489064416808 0.044335491155705807 -0.02209898181320627 0.0091981873054981927 0.022624614690569873 0.024655029997415492 0.01134373578306916 0.0062040205992705709 -0.013711501163210821 -0.0015620594555124183 0.026044559941093632 -0.039356013232076104 -0.01484590910303075 -0.062374975550982537 -0.022479907521383503 0.035884591637960803 0.0071248575340522625 -0.11072971958237646 -0.06415177662941543 -0.021101334631308852 -0.023310645290115194 0.034473330814446999 -0.016084560937917845 -0.038786781934088264 -0.071085654031301918 -0.064620198915292928 -0.053970115709459122 0.071398444135407899 0.033319027239643639 -0.0062160126123236977 -0.0598879939606074 0.027489723393909361 0.034825952377223073 0.0098878255768714181 -0.072660842041174567 0.022428440248771706 -0.005127625580595702 0.0052433291436514576 -0.0056558599688790066 0.035019313715738694 0.012634446715450942
leaf_weight=13540 8208 8208 24109 5102 12046 6029 18661 14080 7653 11960 25666 15058 23736 1390 17174 2584 51352 5795 11824 5987 416 9044 2378 9275 9997 13791 39088 108910 2551 19963 64339 6030 17537 11826 5342 2779 2481 11736 321 440 23148 22597 4127 8592 6031 4748 273 1545 414 618 69222 2075 820 54594 5726 864 429 14570 16346 550 5910 6344
leaf_count=13540 8208 8208 24109 5102 12046 6029 18661 14080 7653 11960 25666 15058 23736 1390 17174 2584 51352 5795 11824 5987 416 9044 2378 9275 9997 13791 39088 108910 2551 19963 64339 6030 17537 11826 5342 2779 2481 11736 321 440 23148 22597 4127 8592 6031 4748 273 1545 414 618 69222 2075 820 54594 5726 864 429 14570 16346 550 5910 6344
internal_value=9.44495e-11 0.0131444 0.0278974 -0.0192257 -0.0194657 0.0328633 -0.0249939 0.00476862 -0.0210265 -0.0179875 -0.022609 0.00624466 0.0187562 -0.0581879 -0.0333317 -0.00552817 0.00401429 -0.0299866 0.0590521 -0.0254714 -0.0222663 0.00538804 0.00179494 -0.0326267 -0.0156471 0.0286564 0.0263508 0.00722981 0.0377297 -0.00606704 -0.00185519 0.000803583 -0.0279692 -0.0301161 -0.0340871 0.000383936 0.0223165 0.0133943 -0.0609766 -0.0641333 -0.0201754 -0.0303218 0.0101774 0.00936366 -0.0411458 -0.053014 -0.0612908 -0.0320189 0.0173474 -0.0305153 -0.00239576 -0.0389664 -0.00451207 0.0305822 -0.00569778 -0.0170413 -0.0411115 -0.0149309 0.0131972 -0.0637833 0.0509025 -0.00463346
internal_weight=877949 524068 189784 18093 353881 171691 253381 334284 18093 137683 111609 316191 47838 18265 115698 100500 268353 97037 23763 69084 18085 24102 26074 12409 93344 147928 123819 178707 7653 29960 82415 70369 63097 57302 45476 5676 2897 14114 10440 16875 63384 40134 127355 123228 27953 10779 10440 2232 687 2232 89646 3335 1260 93682 14318 1911 1293 37718 30137 3134 17734 75566
internal_count=877949 524068 189784 18093 353881 171691 253381 334284 18093 137683 111609 316191 47838 18265 115698 100500 268353 97037 23763 69084 18085 24102 26074 12409 93344 147928 123819 178707 7653 29960 82415 70369 63097 57302 45476 5676 2897 14114 10440 16875 63384 40134 127355 123228 27953 10779 10440 2232 687 2232 89646 3335 1260 93682 14318 1911 1293 37718 30137 3134 17734 75566
is_linear=0
shrinkage=0.05


Tree=22
num_leaves=63
num_cat=0
split_feature=3 3 0 6 3 3 0 1 6 22 0 3 6 0 3 0 0 0 0 0 2 3 3 8 5 22 0 3 0 0 0 3 3 0 0 3 13 6 0 2 0 0 6 6 6 0 0 0 6 3 0 22 8 2 19 6 22 19 19 15 3 0
split_gain=81093.9 23377.7 16032.4 15531.7 9843.07 6828.69 5343.54 4594.73 14445.3 4544.16 9979.88 3193.96 2829.51 2433.68 2230.48 2074.27 2024.91 2289.15 1975.76 2534.06 1828.32 1770.63 1675.89 1621.38 1543.87 1537.26 1588.88 1494.52 1461.82 1457.89 2487.87 1372.9 1333.94 1262.12 1228.61 1516.85 1087.74 1049.19 1119.22 1012.83 1213.6 967.427 954.232 950.955 950.361 938.864 1183.96 925.698 1579.98 924.882 918.235 907.951 903.433 1115.7 878.179 878.148 908.046 867.146 973.537 861.873 850.432 823.651
threshold=-0.43878702819347376 0.35635852813720709 -1.149046719074249 0.23542753793299201 -0.55416440963745106 2.7999460697174077 -0.37105621397495264 -1.1897694468498228 0.23542753793299201 1.2510103583335879 -1.3365979194641111 0.13408648967742923 0.23542753793299201 -0.36063669621944422 -0.47164988517761225 1.0610483288764956 -0.92676365375518788 1.6248599290847781 1.4488858580589297 1.3481638431549074 -0.81113922595977772 -0.61042973399162281 3.4478085041046147 -0.18441987375263122 0.74835324287414562 0.91351509094238292 -0.15108864009380338 -0.67935135960578907 -0.47525136172771448 -0.97423034906387318 -0.20087077468633649 1.9536987543106081 -0.68251031637191761 -0.41852289438247675 -0.95802223682403553 -0.49729524552822107 1.5572178363800051 0.23542753793299201 -1.457001209259033 -0.81113922595977772 -1.1189458370208738 -0.85266935825347889 -0.59129387140274037 1.0000000180025095e-35 1.0000000180025095e-35 1.59591680765152 1.5716046094894411 0.43819281458854681 1.0000000180025095e-35 -0.67612668871879567 1.6862192749977114 0.37700127065181738 0.53518827259540569 0.32255351543426519 -0.67850741744041432 1.0000000180025095e-35 0.37700127065181738 -0.7719002068042754 0.53559884428977977 -1.0164967775344846 -0.72815677523612965 -0.77394410967826832
decision_type=2 2 2 2 2 2 2 2 2 2 2 2 2 2 2 2 2 2 2 2 2 2 2 2 2 2 2 2 2 2 2 2 2 2 2 2 2 2 2 2 2 2 2 2 2 2 2 2 2 2 2 2 2 2 2 2 2 2 2 2 2 2
left_child=4 7 3 43 6 29 9 8 55 10 12 16 44 -8 34 36 39 18 19 23 42 32 -7 24 41 26 -16 -11 49 -4 -31 -5 60 -30 -6 -36 -13 -29 -39 40 -9 -18 -15 -3 -1 46 -32 48 -27 -12 -34 -46 53 -20 59 -2 -57 -58 -59 -45 -22 -51
right_child=1 2 5 31 14 22 13 11 -10 27 28 15 -14 20 25 -17 17 -19 52 -21 21 -23 -24 -25 -26 47 -28 37 33 30 45 -33 50 -35 35 -37 -38 38 -40 -41 -42 -43 -44 54 51 -47 -48 -49 -50 61 -52 -53 -54 -55 -56 56 57 58 -60 -61 -62 -63
leaf_value=-0.066815482482996444 -0.0657882242559749 -0.065796927705436201 0.038472471244361012 0.050817980874594132 -0.016517565808236944 0.078872638571433396 -0.05292515635254768 0.0059284422725327836 0.032205853120336352 -0.011298796651461935 -0.026488432464400465 0.011325306177995608 0.013290858128754652 -0.02425692776511252 -0.063534249470784107 0.027882588688485272 -0.014275759276007716 0.017730784616471467 -0.032434034856658654 0.023129478711598737 -0.030868563591181442 -0.0074958578369254143 0.048357380907141284 -0.0053297516049134316 -0.0066812644437207434 -0.10180551590197591 -0.021188823326135364 -0.060245227946179813 0.0087382778852296769 0.012537324181680585 0.029283765209370691 0.0058938200937756367 -0.059256227904158736 -0.013025926663489527 -0.0014839565144940531 0.024742332103074905 -0.021291803197544805 0.047299951474230245 0.0088657027763340973 0.0032342571464156252 0.026414589323190758 0.011519333390314633 -0.045284750616483578 -0.059199074838624334 -0.096701710502677993 0.014749740737859654 0.054121221220323049 -0.020729901168459599 0.029039291740246706 -0.020046267671841117 -0.02961195083388217 -0.025614197701980757 -0.033347111417901441 0.0037841962841050425 -0.052454050494439956 -0.10823139501880635 0.031370897335527788 -0.071204124694621118 0.020938372056245248 0.050224154654212975 -0.018073140774028537 -0.00487124417987951
leaf_weight=13540 8208 8208 24109 5102 12046 6029 12058 12061 7653 11960 25666 39276 1390 7223 2925 22996 3938 18961 3189 12062 29345 12004 17734 84911 20589 251 9129 476 9997 30137 78350 2551 5342 19963 64339 6030 2734 2273 11365 18073 18046 47214 21320 273 535 10221 5111 2925 2855 23148 5112 2800 5760 6381 1431 321 618 864 429 528 23294 14570
leaf_count=13540 8208 8208 24109 5102 12046 6029 12058 12061 7653 11960 25666 39276 1390 7223 2925 22996 3938 18961 3189 12062 29345 12004 17734 84911 20589 251 9129 476 9997 30137 78350 2551 5342 19963 64339 6030 2734 2273 11365 18073 18046 47214 21320 273 535 10221 5111 2925 2855 23148 5112 2800 5760 6381 1431 321 618 864 429 528 23294 14570
internal_value=-2.49251e-11 0.0124872 0.0265025 -0.0182644 -0.0184925 0.0312201 -0.0237442 0.00453019 -0.0199752 -0.0170881 -0.0214786 0.00593243 -0.0552785 -0.0316651 -0.00525176 0.0158107 0.00337596 0.00118892 -0.00051529 0.00104632 -0.0291916 -0.0250974 0.0560995 -0.000654056 0.00487999 -0.021153 -0.0314643 0.00170519 -0.0148648 0.0272235 0.0250332 0.0358433 -0.0284462 -0.00576369 -0.00176243 0.000763404 0.00920259 0.0127246 0.0152714 0.012591 0.0182077 0.00953347 -0.0399635 -0.0579278 -0.0609266 0.0290531 0.0308048 -0.000544017 0.0184655 -0.0191666 -0.0447602 -0.037018 -0.0177015 -0.00828476 -0.0289896 -0.0582263 -0.030418 -0.0173472 -0.0406325 0.0129301 -0.0252063 -0.0141843
internal_weight=877949 524068 189784 18093 353881 171691 253381 334284 18093 137683 111609 316191 18265 115698 100500 65006 251185 203005 184044 168714 103640 75097 23763 156652 71741 18085 12054 26074 93344 147928 123819 7653 63093 29960 82415 70369 42010 14114 13638 48180 30107 51152 28543 10440 16875 93682 83461 6031 3106 63384 10454 3335 15330 9570 2232 10440 2232 1911 1293 801 52639 37718
internal_count=877949 524068 189784 18093 353881 171691 253381 334284 18093 137683 111609 316191 18265 115698 100500 65006 251185 203005 184044 168714 103640 75097 23763 156652 71741 18085 12054 26074 93344 147928 123819 7653 63093 29960 82415 70369 42010 14114 13638 48180 30107 51152 28543 10440 16875 93682 83461 6031 3106 63384 10454 3335 15330 9570 2232 10440 2232 1911 1293 801 52639 37718
is_linear=0
shrinkage=0.05


Tree=23
num_leaves=63
num_cat=0
split_feature=3 3 0 6 3 3 0 0 22 0 6 0 1 6 0 3 2 0 2 4 0 0 3 22 0 3 3 0 6 0 3 22 0 0 3 2 14 3 6 19 19 3 3 0 3 3 0 6 0 0 10 6 0 2 8 5 0 0 0 6 2 2
split_gain=73187.2 21117.2 18784.6 12542.6 8883.37 6925.91 4822.54 4673.27 4121.23 8154.95 3903.23 3436.04 3001.94 7552.17 2234.95 2013.01 1938.89 2541.95 1824.9 1814.68 1585.04 1403.52 1391.57 1387.38 1433.96 1284.65 1258.94 1242.59 1194 1179.46 2144.2 1151.68 1144.01 2453.72 1692.17 1662.76 1126.12 1533.22 1424.94 1061.01 1176.38 1037 1980.74 1398.85 2326.66 1119.46 1026.01 1014.38 1007.17 985.654 955.205 954.247 946.693 931.536 925.56 940.167 1229.69 914.529 905.258 891.644 889.275 1673.46
threshold=-0.43878702819347376 0.15903349965810779 -1.149046719074249 0.23542753793299201 -0.55416440963745106 2.7999460697174077 -0.37105621397495264 -1.2185100913047788 1.3378776311874392 -1.3365979194641111 0.23542753793299201 -1.2185100913047788 -1.1897694468498228 0.23542753793299201 1.0000000180025095e-35 -0.47164988517761225 -1.0000000180025095e-35 1.7035850882530215 -0.81113922595977772 -0.57599145174026478 1.1721898317337038 -0.47525136172771448 -0.57429704070091236 0.91351509094238292 -0.15108864009380338 1.9536987543106081 -0.67935135960578907 -0.41852289438247675 1.0000000180025095e-35 0.11866103112697603 -0.2678180187940597 0.34840300679206854 -0.34327083826065058 -0.27959600090980524 -0.49729524552822107 0.6059766709804536 1.228543817996979 0.10062799602746965 1.0621489584445956 -0.7719002068042754 0.53559884428977977 -0.19826379418373105 -0.37020635604858393 -1.0000000180025095e-35 -0.18533226102590558 -0.1616052761673927 0.33631311357021337 0.6487882286310197 0.75193604826927196 -0.88971650600433339 1.0000000180025095e-35 1.0000000180025095e-35 1.5415037870407107 1.4562462568283083 -0.53798767924308766 0.74835324287414562 1.5032989382743838 -0.70216521620750416 0.49029040336608892 0.23542753793299201 2.5899389982223515 0.88939985632896434
decision_type=2 2 2 2 2 2 2 2 2 2 2 2 2 2 2 2 2 2 2 2 2 2 2 2 2 2 2 2 2 2 2 2 2 2 2 2 2 2 2 2 2 2 2 2 2 2 2 2 2 2 2 2 2 2 2 2 2 2 2 2 2 2
left_child=4 12 3 7 6 19 8 28 9 10 51 25 13 -2 -8 32 36 29 54 -4 -7 -11 46 24 -17 -5 -10 -23 -3 49 -31 -30 35 -34 48 -6 41 -38 -39 -33 -41 42 -14 45 -45 -43 -20 -13 58 -18 -42 -1 -40 -37 55 56 -16 -44 -35 -28 61 -48
right_child=1 2 5 11 15 20 14 -9 26 21 -12 47 16 -15 18 23 17 -19 22 -21 -22 27 -24 -25 -26 -27 59 -29 31 30 -32 39 33 34 -36 53 37 38 52 40 50 43 57 44 -46 -47 60 -49 -50 -51 -52 -53 -54 -55 -56 -57 -58 -59 -60 -61 -62 -63
leaf_value=-0.063658707587213384 -0.055767935952064612 -0.06251208044218215 0.017766900756155869 0.046570196035141016 0.0023893957201794134 0.060724359453713531 -0.043423123060744757 0.0099123975332069889 -0.0096977911259095058 -0.018221981605669464 0.013533928114212708 0.021729038224083425 0.01668839484214096 0.024315128665470736 -0.00085408232995712796 -0.060357536480976984 0.0050130603306699851 0.025330385255233713 -0.010873422318897945 0.028129074411570244 0.030850478737235273 0.0087625075078825998 0.0011849058258769866 -0.00051681559751852002 -0.020129383237746871 0.0055991290645365016 -0.081769960755640178 -0.012393167297809204 -0.10760520879800123 -0.016229029807845737 0.0032175264652702148 0.031870495628763512 0.033329151442530985 -0.0054231185308219586 0.023505214675314953 -0.027075989409249046 0.0025721334808285982 -0.0091224244659774897 -0.1058105351584675 -0.066054182159122329 -0.036548765156283435 0.012264076395066815 -0.0086769150542483249 0.036614987588692159 0.002492019349606698 0.033882995341212072 -0.026196268893006698 -0.048322161950503137 0.0038539941444491743 -0.018331294482482201 0.090350036567716452 -0.034516776348306341 0.047690579260542862 -0.0030057273511764921 -0.044135148123919568 -0.048911684674906288 -0.043381320710349364 0.0059618416337910126 -0.029171820064290473 0.016379324769272018 -0.0096570466790664375 -0.056293416072348446
leaf_weight=13605 6960 10944 63509 7653 18074 17853 24692 3479 9723 65329 2170 720 22190 5102 4833 2925 6029 8737 11590 126227 5910 10417 5987 6031 9129 2551 236 20800 384 17155 81597 828 6012 12050 6030 12060 6919 1255 904 1164 332 11971 22453 5895 32739 11981 34103 1831 16144 18086 268 3540 113 6029 17486 3012 2622 20329 6016 11863 6031 5342
leaf_count=13605 6960 10944 63509 7653 18074 17853 24692 3479 9723 65329 2170 720 22190 5102 4833 2925 6029 8737 11590 126227 5910 10417 5987 6031 9129 2551 236 20800 384 17155 81597 828 6012 12050 6030 12060 6919 1255 904 1164 332 11971 22453 5895 32739 11981 34103 1831 16144 18086 268 3540 113 6029 17486 3012 2622 20329 6016 11863 6031 5342
internal_value=-4.22705e-11 0.0118628 0.0226302 -0.014311 -0.0175678 0.0278476 -0.022557 -0.0419211 -0.0162337 -0.0199879 -0.0496452 0.0233518 0.00250704 -0.0218943 -0.0300818 -0.00498917 0.00360383 -0.000728496 -0.026462 0.0246606 0.0532945 -0.0140547 -0.0217478 -0.0200953 -0.0298911 0.0363274 0.00369895 -0.0053336 -0.0548758 -0.00258153 -0.00016069 -0.026794 -0.00167431 0.00353463 -0.000916772 -0.00833648 0.00777316 -0.00913021 -0.0447678 -0.014822 -0.0367389 0.00899111 0.00456644 0.0135845 0.0076987 0.023078 -0.0241537 -0.0285508 -0.0052215 -0.012495 0.0201327 -0.0576417 -0.0887549 -0.0190535 -0.0370959 -0.0253364 -0.0158113 -0.00172092 -0.0133315 0.0144648 -0.0275383 -0.0302723
internal_weight=877949 524068 243653 30154 353881 213499 253381 17399 137683 115861 19315 12755 280415 12062 115698 100500 268353 131604 91006 189736 23763 96546 63053 18085 12054 10204 21822 31217 13920 122867 98752 2976 82415 46252 40240 36163 136749 9191 2272 2592 1764 127558 64972 62586 38634 23952 57066 2551 34210 24115 600 17145 1017 18089 27953 10467 7455 42782 18066 12099 45476 39445
internal_count=877949 524068 243653 30154 353881 213499 253381 17399 137683 115861 19315 12755 280415 12062 115698 100500 268353 131604 91006 189736 23763 96546 63053 18085 12054 10204 21822 31217 13920 122867 98752 2976 82415 46252 40240 36163 136749 9191 2272 2592 1764 127558 64972 62586 38634 23952 57066 2551 34210 24115 600 17145 1017 18089 27953 10467 7455 42782 18066 12099 45476 39445
is_linear=0
shrinkage=0.05


Tree=24
num_leaves=63
num_cat=0
split_feature=3 3 0 6 3 3 0 1 6 0 2 0 4 6 0 0 0 9 4 0 3 3 3 4 6 13 19 10 6 19 15 6 2 3 5 8 0 19 3 9 22 6 19 15 0 0 3 3 13 8 22 0 0 0 2 10 19 22 9 5 0 0
split_gain=66060 25667.1 16953.1 11319.7 6250.64 4541.95 4217.63 3596.88 6066.66 4006.13 3286.09 3101.02 2876.91 2724.75 7315.38 3837.83 2161.59 1813.55 1637.75 1487.65 1159.4 1130.42 1740.21 1112.5 1077.59 1071.73 1203.33 1054.3 973.08 966.49 1074.84 915.48 884.89 1323.44 853.062 1161.46 848.323 843.744 811.532 768.973 960.743 768.934 897.99 946.557 750.297 749.957 805.804 884.547 736.424 734.825 718.367 719.118 714.528 844.383 830.003 712.417 757.501 752.032 863.241 703.514 703.025 1265.29
threshold=-0.54680722951889027 0.15903349965810779 -1.149046719074249 0.23542753793299201 2.7999460697174077 -0.72815677523612965 -1.2185100913047788 -0.99470815062522877 0.23542753793299201 -1.3655410408973692 -0.81113922595977772 -1.2185100913047788 -0.72038355469703663 0.23542753793299201 -1.3365979194641111 -1.3365979194641111 -1.2891312837600706 -0.85614114999771107 -0.57599145174026478 0.3965147733688355 1.9536987543106081 -0.57843363285064686 -0.61470600962638844 1.1567137837409975 1.0000000180025095e-35 0.28357230126857763 -0.7719002068042754 -0.79733012616634358 1.0000000180025095e-35 -0.7719002068042754 -1.0164967775344846 0.6487882286310197 -0.24429284036159513 0.052134748548269279 0.74835324287414562 -0.18441987375263122 1.7035850882530215 0.53559884428977977 -0.77242308855056752 1.244215786457062 0.53442355990409862 1.0000000180025095e-35 -0.7719002068042754 -1.0164967775344846 -1.457001209259033 -0.39305296540260309 -0.57429704070091236 -0.69208568334579457 -0.94808486104011525 -0.53798767924308766 0.56505450606346141 -1.1640971302986143 -0.99622708559036244 1.6248599290847781 -0.81113922595977772 -0.79733012616634358 0.53559884428977977 0.53442355990409862 1.244215786457062 0.74835324287414562 -1.1085263490676878 -0.1128837652504444
decision_type=2 2 2 2 2 2 2 2 2 2 2 2 2 2 2 2 2 2 2 2 2 2 2 2 2 2 2 2 2 2 2 2 2 2 2 2 2 2 2 2 2 2 2 2 2 2 2 2 2 2 2 2 2 2 2 2 2 2 2 2 2 2
left_child=5 7 3 6 18 38 24 8 9 28 21 20 52 14 41 44 -10 -14 60 -6 -5 22 34 32 -3 -26 -27 -28 -2 30 -30 -13 -19 36 35 -7 -34 -29 -1 40 -39 -12 43 -43 -15 -17 47 -47 -16 -33 51 -40 54 -54 -9 -44 -57 -58 -59 -20 -4 -62
right_child=1 2 4 11 19 10 -8 12 16 -11 13 31 17 15 48 45 -18 23 59 -21 -22 -23 -24 -25 25 26 27 37 29 -31 -32 49 33 -35 -36 -37 -38 39 50 -41 -42 42 55 -45 -46 46 -48 -49 -50 -51 -52 -53 53 -55 -56 56 57 58 -60 -61 61 -63
leaf_value=-0.050748537701736408 -0.062647550293111906 -0.059386473965193878 0.037096625971389317 0.044241685283880339 0.062955683038543264 -0.0097054944490142566 0.0094167779179762309 0.017540594892676366 0.020588488476373266 -0.0057148808291346293 -0.059219038209262657 0.020642586210225192 -0.0017387110954655248 0.04530279499696592 -0.0065522653973805528 -0.0062043688443551613 -0.030869934517745647 0.014233043889932743 0.029090629509798384 0.037932230535427582 0.0053191723818596867 -0.019224712762921835 -0.063117052483071895 0.0005763397250261713 -0.099067328420450115 0.039104667725041509 -0.11439365052379842 -0.046610508667098149 -0.053089646847693475 -0.047354444107191467 0.074712428608954246 -0.0048883376427080582 0.0017434592781847167 0.020303050977073162 -0.04485787127586402 -0.035978970669145641 0.041297528564715559 -0.10955221464759426 -0.064622754165661128 -0.13631549477577209 0.084222306930782781 -0.05195848910690664 -0.10401752559762252 0.051906935050003766 0.013991524246355145 -0.01225672754748137 0.0089467730892533841 -0.03222609575076129 -0.017110737791392508 -0.070366488294213894 -0.024883789171160926 -0.034408407618676744 -0.0079855076094383672 0.010040039054597789 -0.0086801072984014627 -0.059332360233378227 -0.099694770574569713 0.067634939291689664 -0.13000661693513393 0.020838555324460953 0.0060421442813077151 0.021126741126061742
leaf_weight=6029 8208 10944 4027 7653 12058 7761 3479 7038 10204 6960 10944 720 70294 2551 24747 29715 2551 63954 90005 11705 2551 17108 4748 41038 424 768 344 900 273 1545 414 684 54710 13231 6847 9184 1390 76 2120 60 404 364 456 552 7653 12763 2507 9806 49643 1147 23622 27705 81715 7058 5284 1016 120 404 64 36222 22149 37333
leaf_count=6029 8208 10944 4027 7653 12058 7761 3479 7038 10204 6960 10944 720 70294 2551 24747 29715 2551 63954 90005 11705 2551 17108 4748 41038 424 768 344 900 273 1545 414 684 54710 13231 6847 9184 1390 76 2120 60 404 364 456 552 7653 12763 2507 9806 49643 1147 23622 27705 81715 7058 5284 1016 120 404 64 36222 22149 37333
internal_value=4.44619e-11 0.00885825 0.0214987 -0.0135955 0.0264553 -0.0212355 -0.0398251 0.000664183 -0.0158971 -0.0350984 -0.0176112 0.0221842 0.00210875 -0.0141048 -0.0198234 -0.0063348 0.0102968 0.00504098 0.0234276 0.0506298 0.0345111 -0.0293873 -0.0354792 0.00777482 -0.052132 -0.0254543 -0.013224 -0.0357511 -0.0546874 -0.0254145 0.0239265 -0.0271232 0.00999121 0.00607835 -0.0299637 -0.0239454 0.0027235 -0.0169643 -0.0333589 0.0324461 0.0535413 -0.053091 -0.0305555 0.0106329 0.0218193 -0.0115781 -0.0179459 -0.0209332 -0.0135983 -0.0459061 -0.0313973 -0.0365561 -0.00498628 -0.00655237 0.00629646 -0.0488704 -0.0331926 0.011974 0.040607 0.0267226 0.0168786 0.0155098
internal_weight=877949 619520 243653 30154 213499 258429 17399 375867 30155 17400 198953 12755 345712 153305 88310 64995 12755 244617 189736 23763 10204 45648 28540 174323 13920 2976 2552 1784 10440 2232 687 2551 133285 69331 23792 16945 56100 1440 59476 540 480 13920 2976 916 10204 54791 25076 22569 74390 1831 53447 29825 101095 88773 12322 2060 1604 588 468 126227 63509 59482
internal_count=877949 619520 243653 30154 213499 258429 17399 375867 30155 17400 198953 12755 345712 153305 88310 64995 12755 244617 189736 23763 10204 45648 28540 174323 13920 2976 2552 1784 10440 2232 687 2551 133285 69331 23792 16945 56100 1440 59476 540 480 13920 2976 916 10204 54791 25076 22569 74390 1831 53447 29825 101095 88773 12322 2060 1604 588 468 126227 63509 59482
is_linear=0
shrinkage=0.05


Tree=25
num_leaves=63
num_cat=0
split_feature=3 3 1 6 3 3 0 22 1 0 6 6 2 0 0 3 3 0 0 4 2 3 3 8 0 0 0 0 3 22 0 3 0 3 0 3 3 3 0 0 0 3 0 0 0 14 0 13 0 0 0 0 3 3 0 6 0 6 3 6 13 19
split_gain=59839.2 17373.6 11814.8 11453.1 7163.18 4976.81 4033.42 3385.03 6723.47 3362.44 10591.4 3194.51 2404.24 1984.42 1907.18 1762.56 1481.89 1469.67 1525.94 1426.85 1388.1 1395.96 1377.53 1328.54 2445.61 1299.09 2178.28 1211.19 1211.07 1181.67 1145.16 1121.41 1115.77 1111.81 1107.98 1061.75 1017.95 1014.5 1007.66 2223.03 1511.4 1503.82 1050.91 986.631 939.767 908.123 885.809 850.524 849.243 1068.43 1039.84 1403.78 936.071 2746.23 825.74 820.681 812.721 1338.82 807.394 776.046 777.934 868.187
threshold=-0.43878702819347376 0.35635852813720709 -0.99470815062522877 0.23542753793299201 -0.55416440963745106 2.7999460697174077 -0.37105621397495264 1.3378776311874392 -1.1897694468498228 -1.3655410408973692 0.23542753793299201 0.23542753793299201 1.0000000180025095e-35 1.7035850882530215 -0.36063669621944422 -0.47164988517761225 0.072571337223052992 1.0899914503097536 1.5241379737854006 -0.57599145174026478 -0.81113922595977772 -0.61042973399162281 3.4478085041046147 0.53518827259540569 1.4488858580589297 -0.97423034906387318 -0.20087077468633649 -0.47525136172771448 -0.19826379418373105 0.91351509094238292 1.3481638431549074 -0.37020635604858393 -0.41852289438247675 -0.69208568334579457 -0.15108864009380338 -0.72815677523612965 1.9536987543106081 -0.67935135960578907 -0.34327083826065058 -0.27959600090980524 -0.49609039723873133 -0.49729524552822107 -0.95802223682403553 1.5507655739784243 0.75193604826927196 1.3321472406387331 0.55512294173240673 1.5572178363800051 1.59591680765152 1.3782647252082827 0.41966924071311956 0.44977006316185003 0.81717792153358471 0.85678997635841381 -1.0000000180025095e-35 -0.59129387140274037 0.43819281458854681 1.0000000180025095e-35 -0.67612668871879567 1.0000000180025095e-35 0.28357230126857763 -0.7719002068042754
decision_type=2 2 2 2 2 2 2 2 2 2 2 2 2 2 2 2 2 2 2 2 2 2 2 2 2 2 2 2 2 2 2 2 2 2 2 2 2 2 2 2 2 2 2 2 2 2 2 2 2 2 2 2 2 2 2 2 2 2 2 2 2 2
left_child=4 9 3 -3 6 25 7 8 11 10 -2 59 19 16 -8 38 17 -14 30 -11 55 33 -7 -18 47 -4 -27 58 31 34 -19 -21 -29 35 -17 -22 -5 -9 40 -40 42 44 -6 -20 54 -30 -35 -25 49 50 -28 -52 -53 -54 -41 -16 57 -31 -10 -1 -61 -62
right_child=1 2 5 36 15 22 14 37 27 12 -12 -13 13 -15 20 29 23 18 43 28 21 -23 -24 24 -26 26 48 32 45 56 -32 -33 -34 46 -36 -37 -38 -39 39 41 -42 -43 -44 -45 -46 -47 -48 -49 -50 -51 51 52 53 -55 -56 -57 -58 -59 -60 60 61 -63
leaf_value=-0.057574115359292521 -0.049849680410947922 -0.049680989544224993 0.034065453446627363 0.04373648862939683 -0.014610419219303028 0.068745004765066536 -0.046067485064530143 -0.0085437904840680676 -0.023166149562785593 0.0026287652039537427 0.027585241235618785 0.012242452597662953 -0.009237722316791739 0.02337436115848323 -0.019877286990449206 -0.054546085860994131 0.015197988575014252 0.00012192460209115979 -0.027099460475750837 0.017220724775566913 -0.026308585688859795 -0.005861260651449071 0.041079108607127102 0.0081598138484286035 -0.057060017526770639 0.0096866365983408909 0.037211202368564247 0.0088613758209273915 0.017507140468801391 -0.093557022885972285 0.021909499769806828 0.00082588145732580157 -0.011185662559439029 -0.052366922262990494 -0.019184829476867976 -0.010685728961101584 0.0050532136044911498 0.013146657308515927 0.031759934454316095 -0.0051753701610621474 -0.030593155736617396 0.022186286564510754 0.0044514466721344631 -0.00019006725636823516 0.0038720557968704677 -0.019411624013759621 -0.027596535137225205 -0.041208129116793148 0.011537111310921304 0.03792126931605639 -0.0017966083438159413 0.035888107517871623 -0.011002778668909127 0.02595898648391709 -0.027857052488004838 -0.039378180027726958 -0.01957035655420648 0.02688886757118011 -0.011855445472661734 -0.087151697342688184 0.018084320948557244 -0.039693948193136791
leaf_weight=13605 10440 10440 24109 5102 12046 6029 12058 9723 26646 57763 7653 2170 60230 8737 7223 2925 21841 12062 5109 15448 29345 12004 17734 10321 1920 30137 12053 10417 65705 251 12062 32110 20800 5342 9129 17279 2551 12099 6012 12050 6029 6030 18088 10221 16144 1709 11127 953 10221 17173 6017 12047 6031 30140 6016 21320 2925 2855 38683 530 950 2060
leaf_count=13605 10440 10440 24109 5102 12046 6029 12058 9723 26646 57763 7653 2170 60230 8737 7223 2925 21841 12062 5109 15448 29345 12004 17734 10321 1920 30137 12053 10417 65705 251 12062 32110 20800 5342 9129 17279 2551 12099 6012 12050 6029 6030 18088 10221 16144 1709 11127 953 10221 17173 6017 12047 6031 30140 6016 21320 2925 2855 38683 530 950 2060
internal_value=-1.67966e-13 0.0107266 0.0228089 -0.0156212 -0.0158852 0.0268587 -0.0203654 -0.0145825 -0.0179849 0.00386712 -0.0170962 -0.0449138 0.00506667 0.000282408 -0.0272471 -0.00458991 -0.00121519 -0.00432405 0.0031771 0.00903999 -0.0250574 -0.02149 0.0480983 0.00763037 -0.00489686 0.0234468 0.0213792 -0.0125975 0.012261 -0.0187251 0.0110157 0.00615133 -0.00449604 -0.0244635 -0.0277655 -0.0205187 0.0308421 0.00348227 -0.00148811 0.00340057 -0.00774066 -0.000836418 -0.00316849 -0.00915811 -0.0048945 0.0165712 -0.0356312 0.0039867 0.0251407 0.0268066 0.0239272 0.020975 0.0238166 0.0197961 -0.0127284 -0.0344433 -0.00065634 0.0171555 -0.0164688 -0.0521479 -0.0312937 -0.0214583
internal_weight=877949 524068 189784 18093 353881 171691 253381 137683 115861 334284 18093 19315 316191 143456 115698 100500 134719 99684 39454 172735 103640 75097 23763 35035 13194 147928 123819 96546 114972 18085 24124 47558 31217 63093 12054 46624 7653 21822 82415 46252 36163 40240 30134 15330 34210 67414 16469 11274 93682 83461 66288 54235 48218 36171 18066 28543 6031 3106 65329 17145 3540 3010
internal_count=877949 524068 189784 18093 353881 171691 253381 137683 115861 334284 18093 19315 316191 143456 115698 100500 134719 99684 39454 172735 103640 75097 23763 35035 13194 147928 123819 96546 114972 18085 24124 47558 31217 63093 12054 46624 7653 21822 82415 46252 36163 40240 30134 15330 34210 67414 16469 11274 93682 83461 66288 54235 48218 36171 18066 28543 6031 3106 65329 17145 3540 3010
is_linear=0
shrinkage=0.05


Tree=26
num_leaves=63
num_cat=0
split_feature=3 3 0 6 3 3 2 0 6 6 1 0 4 0 8 5 2 0 3 0 3 3 0 5 0 0 0 6 19 15 3 3 3 0 2 10 19 22 9 13 14 5 0 0 0 8 4 0 0 0 3 3 3 0 0 6 6 13 19 10 2 4
split_gain=54004.9 15679.7 10662.9 10336.4 6520.62 4491.58 4187.88 3034.6 9558.78 2657.76 10001.9 3745.01 2247.27 2041.42 1900.49 2375.81 1850.37 1789.98 1776.44 1301.28 1196.42 1178.99 1354.31 1175.9 1174.45 1172.43 1965.9 1028.98 1168.45 1171.75 993.062 1101.11 918.698 897.084 883.913 842.092 866.999 870.114 1038.2 834.511 792.027 781.334 766.441 1013.97 755.851 748.5 746.089 745.326 726.501 1488.4 851.344 2693.76 724.557 700.166 1413.48 807.107 695.799 723.976 711.214 766.172 685.949 1219.69
threshold=-0.43878702819347376 0.35635852813720709 -1.149046719074249 0.23542753793299201 -0.72815677523612965 2.7999460697174077 -0.81113922595977772 -1.3655410408973692 0.23542753793299201 0.23542753793299201 -1.1897694468498228 -1.3365979194641111 -0.57599145174026478 1.6943233013153078 -0.18441987375263122 0.74835324287414562 -0.24429284036159513 1.5032989382743838 0.15903349965810779 1.1721898317337038 -0.51612976193428028 -0.65138506889343251 -0.95802223682403553 0.74835324287414562 1.6862192749977114 -0.97423034906387318 -0.20087077468633649 1.0000000180025095e-35 -0.7719002068042754 -1.0164967775344846 -0.53287750482559193 -0.53020739555358876 1.9536987543106081 -0.1128837652504444 0.32255351543426519 -0.79733012616634358 0.53559884428977977 0.53442355990409862 1.244215786457062 -0.75213941931724537 1.1890759468078616 -1.2493928074836729 1.59591680765152 1.5716046094894411 -1.457001209259033 -0.18441987375263122 1.445498049259186 -1.0205392837524412 0.41966924071311956 0.44977006316185003 0.81717792153358471 0.85678997635841381 -0.69208568334579457 0.28421554714441305 0.33631311357021337 0.23542753793299201 1.0000000180025095e-35 0.33955676853656774 -0.7719002068042754 -0.79733012616634358 0.6059766709804536 -1.0091677606105802
decision_type=2 2 2 2 2 2 2 2 2 2 2 2 2 2 2 2 2 2 2 2 2 2 2 2 2 2 2 2 2 2 2 2 2 2 2 2 2 2 2 2 2 2 2 2 2 2 2 2 2 2 2 2 2 2 2 2 2 2 2 2 2 2
left_child=4 7 3 56 53 25 13 8 -2 10 27 44 34 14 15 17 -12 -6 23 -7 -15 52 -23 -14 -24 -4 45 -8 29 -29 39 -32 -5 46 -9 -30 -37 -38 -39 -18 41 -31 43 48 -11 -27 -20 -16 -28 -50 -51 -52 -13 55 -55 -1 -3 -58 -59 -60 61 -36
right_child=1 2 5 32 6 19 9 12 -10 11 16 21 18 20 47 -17 30 -19 33 -21 -22 22 24 -25 -26 26 42 28 35 40 31 -33 -34 -35 60 36 37 38 -40 -41 -42 -43 -44 -45 -46 -47 -48 -49 49 50 51 -53 -54 54 -56 -57 57 58 59 -61 -62 -63
leaf_value=-0.039596877942115333 -0.047357197893191226 -0.053928105130820803 0.032362180719601674 0.04154966314374723 -0.0015858100714762566 0.052425382986901817 -0.055221303747585639 0.0021880438785584658 0.026205979270332053 0.037487499121581468 0.005574521056639227 -0.0085735556915259217 0.0084411622881517736 -0.017462193006157055 -0.015480702191124624 -0.043733085723216068 -0.0077343369679982801 -0.058335812804539644 0.014468215617501541 0.025357387006761864 0.012281659955663549 -0.017961730262231815 0.0046775214168131088 -0.00052155702378469608 -0.028869901759743313 0.017781048265621654 0.03535064262012156 -0.045828394536133653 -0.097876581497359699 -0.070511734275256893 0.023762751684649464 -0.0067144419677261829 0.0048005535406891444 0.027209535747041061 -0.07100117884506689 -0.054017284291935724 -0.093220055580139169 0.068274057430796106 -0.12559056937694552 -0.018663931039881686 -0.15841121017932891 0.092084877564843792 0.010960255810008517 0.047044118026002141 0.012642306529171227 0.00196448196340175 -0.018129578269630294 -0.041030901749774092 -0.0017067780306769611 0.033451518942396813 -0.010452639725714854 0.025641876017388099 -0.024082559713750319 -0.0015832514279417341 -0.031863635074518129 -0.025599293800266071 -0.080570841035633181 0.039899629773048874 -0.10635528550428504 -0.0093703076877178944 -0.0059068312156469703 0.016257791661355443
leaf_weight=24305 10440 8208 24109 5102 13967 17853 13680 69219 7653 5102 20076 22971 127355 10160 3269 6256 30096 1543 14046 5910 5067 10211 38226 51352 2800 13791 12053 455 570 85 3455 20837 2551 15680 1070 1270 150 505 80 41613 40 565 10221 5111 7653 16346 2006 22499 6017 18078 6031 36171 11204 5795 11506 17870 432 534 255 1011 34823 640
leaf_count=24305 10440 8208 24109 5102 13967 17853 13680 69219 7653 5102 20076 22971 127355 10160 3269 6256 30096 1543 14046 5910 5067 10211 38226 51352 2800 13791 12053 455 570 85 3455 20837 2551 15680 1070 1270 150 505 80 41613 40 565 10221 5111 7653 16346 2006 22499 6017 18078 6031 36171 11204 5795 11506 17870 432 534 255 1011 34823 640
internal_value=-2.96237e-11 0.0101903 0.0216685 -0.0148402 -0.015091 0.0255158 -0.0120404 0.00367376 -0.0162414 -0.00893632 -0.0135293 -0.00269124 0.00481334 -0.0234971 -0.0286009 -0.0177228 -0.00823013 -0.00723154 0.0078015 0.0456934 -0.0075645 -0.00646518 -0.00166755 0.0058657 0.00238793 0.0222745 0.0203103 -0.0488807 -0.0255638 0.0164595 -0.011117 -0.00237973 0.0293 0.0187035 -0.00113289 -0.0442499 -0.0290044 0.0142152 0.0417627 -0.0140768 0.0575333 0.0708222 0.0238836 0.0254663 0.0225804 0.0092023 0.0103945 -0.0377895 0.0240587 0.0220058 0.0243727 0.0204837 -0.0136581 -0.0301913 -0.0217212 -0.033666 -0.0471969 -0.0224436 -0.0084931 -0.0289052 -0.00742506 -0.0383429
internal_weight=877949 524068 189784 18093 353881 171691 294405 334284 18093 231644 133477 98167 316191 62761 47534 21766 116077 15510 210439 23763 15227 85412 51237 178707 41026 147928 123819 17400 3720 1145 96001 24292 7653 31732 105752 2575 2005 735 585 71709 690 650 93682 83461 12755 30137 16052 25768 78350 66297 60280 42202 34175 59476 17301 42175 10440 2232 1800 1266 36533 1710
internal_count=877949 524068 189784 18093 353881 171691 294405 334284 18093 231644 133477 98167 316191 62761 47534 21766 116077 15510 210439 23763 15227 85412 51237 178707 41026 147928 123819 17400 3720 1145 96001 24292 7653 31732 105752 2575 2005 735 585 71709 690 650 93682 83461 12755 30137 16052 25768 78350 66297 60280 42202 34175 59476 17301 42175 10440 2232 1800 1266 36533 1710
is_linear=0
shrinkage=0.05


Tree=27
num_leaves=63
num_cat=0
split_feature=3 3 0 6 3 3 2 0 0 6 1 0 0 6 0 0 8 5 2 2 0 3 0 3 3 3 0 3 4 8 3 2 3 2 3 0 0 3 6 19 15 6 13 19 3 3 10 3 14 6 10 19 22 9 19 13 3 1 14 5 9 22
split_gain=48739.4 14169.8 12613.3 8219.85 5884.86 4553.14 3779.56 3102.83 2531.81 2398.63 9026.72 3379.88 2018.15 4939.4 1842.38 1718.39 1885.64 2387.04 1669.96 1509.76 1684.32 2637.23 1899.24 1587.52 2992.15 1567.53 1553.25 1552.68 1350.98 1261.84 1200.92 1187.47 1079.77 1076.89 1064.04 1222.26 1059.94 934.138 928.658 1054.53 1057.5 902.586 907.882 1015.27 896.239 993.75 881.797 870.675 840.358 828.444 759.988 782.467 785.278 936.979 759.795 753.146 740.791 1439.64 714.805 705.154 691.945 864.922
threshold=-0.43878702819347376 0.15903349965810779 -1.149046719074249 0.23542753793299201 -0.72815677523612965 2.7999460697174077 -0.81113922595977772 -1.2185100913047788 -1.2185100913047788 0.23542753793299201 -1.1897694468498228 -1.3365979194641111 -1.3655410408973692 0.23542753793299201 1.6943233013153078 1.5032989382743838 -0.18441987375263122 0.74835324287414562 -0.24429284036159513 1.1728230714797976 0.19391308724880221 -0.078671745955944047 1.7035850882530215 -0.2678180187940597 -0.18533226102590558 -0.36534266173839564 0.92791008949279796 -0.25424566864967341 -0.57599145174026478 -1.0000000180025095e-35 3.4478085041046147 0.32255351543426519 -0.51612976193428028 -0.81113922595977772 -0.65138506889343251 -0.95802223682403553 1.6862192749977114 -0.37020635604858393 1.0000000180025095e-35 -0.7719002068042754 -1.0164967775344846 1.0000000180025095e-35 0.28357230126857763 -0.7719002068042754 -0.53287750482559193 -0.53020739555358876 -0.79733012616634358 1.9536987543106081 1.3962825536727907 0.6487882286310197 -0.79733012616634358 0.53559884428977977 0.53442355990409862 1.244215786457062 0.53559884428977977 -0.75213941931724537 -0.30077947676181788 -0.60458552837371815 1.1890759468078616 -1.2493928074836729 1.244215786457062 0.53442355990409862
decision_type=2 2 2 2 2 2 2 2 2 2 2 2 2 2 2 2 2 2 2 2 2 2 2 2 2 2 2 2 2 2 2 2 2 2 2 2 2 2 2 2 2 2 2 2 2 2 2 2 2 2 2 2 2 2 2 2 2 2 2 2 2 2
left_child=4 12 3 7 -1 28 14 41 47 10 38 -11 13 -2 15 16 17 -6 -12 20 21 37 23 25 27 -22 -21 -25 -4 48 -7 33 -16 -31 -13 -36 -37 -14 -8 40 -40 -3 -43 -44 55 -46 -45 -5 -26 -10 -41 -52 -53 -54 -48 -20 57 -39 59 -42 61 -56
right_child=1 2 5 8 6 30 9 -9 49 11 18 34 19 -15 32 -17 -18 -19 44 26 22 -23 -24 24 29 -27 -28 -29 -30 31 -32 -33 -34 -35 35 36 -38 56 39 50 58 42 43 46 45 -47 54 -49 -50 -51 51 52 53 -55 60 -57 -58 -59 -60 -61 -62 -63
leaf_value=-0.028681761586603502 -0.045384828857649336 -0.051316723298575534 0.014244078911057546 0.038290210309374274 -0.0015065197333920862 0.062686484688230279 -0.052460237818590397 0.0081141670022925553 0.019605316423706731 0.021451364281359176 0.005295795050656517 -0.01297515528274122 0.016408995436017867 0.019380386559281718 -0.016589083267223092 -0.055708924578126165 -0.033653878129501262 -0.040068650722808588 -0.0073476200789171081 -0.016952520655413354 0.0037503492482050364 0.031154487028921964 0.036300064806691533 0.0002591237267503803 0.0051850216513206855 -0.020339227218235899 0.0040438462987660009 0.031335346611114971 0.023184857240418355 -0.010835212516146674 0.036854915828558023 -0.020499923121916619 0.011667576967017148 0.010566602681574102 -0.017063643759638272 0.0044436453618247216 -0.027426406081331935 -0.0058172932024014891 -0.043536975200359644 -0.092982752866912322 -0.066986144991482019 -0.088014434938723185 0.039060732702879859 -0.10161876706189887 0.022574613764558618 -0.0063787199101324119 -0.04064873902002971 0.0045605257853828388 -0.045791762078524083 -0.043700899671863191 -0.051316419117094031 -0.088559053421020509 0.064860355535356129 -0.11931104123592379 -0.10036404164213884 -0.017730734466678211 0.0087725475240232158 0.020948603668406136 -0.15049064844846727 0.08748063389178927 -0.12571420550346377 0.083493567840887781
leaf_weight=59476 6960 10944 63509 7653 13967 6029 13680 3479 720 12755 20076 34175 18087 5102 10160 4748 23188 5631 30096 18086 11143 12045 3625 6031 42872 17141 17171 12051 126227 13832 17734 12993 5067 10221 10211 38226 2800 30131 455 570 85 424 768 344 3455 20837 900 2551 824 1831 1270 150 505 80 76 41613 36071 6029 40 565 60 404
leaf_count=59476 6960 10944 63509 7653 13967 6029 13680 3479 720 12755 20076 34175 18087 5102 10160 4748 23188 5631 30096 18086 11143 12045 3625 6031 42872 17141 17171 12051 126227 13832 17734 12993 5067 10221 10211 38226 2800 30131 455 570 85 424 768 344 3455 20837 900 2551 824 1831 1270 150 505 80 76 41613 36071 6029 40 565 60 404
internal_value=3.40732e-11 0.00968078 0.0185009 -0.01177 -0.0143364 0.0227762 -0.0114384 -0.0341215 0.0187196 -0.00848951 -0.0128529 -0.00255668 0.00201699 -0.0179904 -0.0223222 -0.0271709 -0.024004 -0.0125864 -0.00781863 0.00291628 0.00437485 0.0091781 0.000613932 -0.000403803 0.00258559 -0.0108487 -0.00672679 0.0209703 0.0201922 -0.00153163 0.0434087 -0.00832011 -0.00718628 -0.0017408 -0.00614192 -0.00158417 0.00226853 0.00624729 -0.0464367 -0.0242856 0.0156365 -0.0446774 -0.0202619 -0.00900517 -0.0105612 -0.00226075 -0.0296972 0.0298578 0.00422372 -0.0258332 -0.0420374 -0.0275542 0.0135044 0.0396745 -0.012516 -0.013373 0.00370274 -0.00135458 0.0546567 0.0672811 0.034372 0.0543828
internal_weight=877949 524068 243653 30154 353881 213499 294405 17399 12755 231644 133477 98167 280415 12062 62761 47534 42786 19598 116077 268353 233096 102363 130733 127108 98824 28284 35257 18082 189736 80742 23763 37046 15227 24053 85412 51237 41026 90318 17400 3720 1145 13920 2976 2552 96001 24292 1784 10204 43696 2551 2575 2005 735 585 1440 71709 72231 36160 690 650 540 480
internal_count=877949 524068 243653 30154 353881 213499 294405 17399 12755 231644 133477 98167 280415 12062 62761 47534 42786 19598 116077 268353 233096 102363 130733 127108 98824 28284 35257 18082 189736 80742 23763 37046 15227 24053 85412 51237 41026 90318 17400 3720 1145 13920 2976 2552 96001 24292 1784 10204 43696 2551 2575 2005 735 585 1440 71709 72231 36160 690 650 540 480
is_linear=0
shrinkage=0.05


Tree=28
num_leaves=63
num_cat=0
split_feature=3 3 0 6 3 3 0 22 1 1 6 6 4 0 3 3 0 9 0 0 2 3 8 0 0 22 0 0 6 0 3 2 6 0 0 4 6 0 4 6 22 8 19 19 15 3 0 2 4 3 0 0 0 2 0 1 0 6 4 8 0 10
split_gain=43987.3 12866.7 8699.01 8430.62 5330.16 3641.77 3266.2 2549.34 5153.98 2468.98 7774.58 2383.55 1967.96 1550.45 1399.71 1372.73 1134.9 1060.77 1058.12 1774.2 1044.17 1103.52 971.912 968.039 1006.05 793.767 867.383 773.679 1009.38 772.789 750.955 732.678 714.078 691.684 915.134 673.339 669.722 1164.2 661.851 660.793 731.61 657.623 655.049 735.581 665.223 635.894 628.714 726.74 1078.18 655.63 1057.62 634.711 628.665 907.472 682.121 626.927 619.9 1176.84 614.827 605.323 856.124 602.439
threshold=-0.43878702819347376 0.35635852813720709 -1.149046719074249 0.23542753793299201 -0.55416440963745106 2.7999460697174077 -0.37105621397495264 1.3378776311874392 -1.1897694468498228 -1.1897694468498228 0.23542753793299201 0.23542753793299201 -0.57599145174026478 -0.36063669621944422 0.15903349965810779 -0.47164988517761225 1.1721898317337038 -0.85614114999771107 -0.97423034906387318 -0.20087077468633649 -0.81113922595977772 -0.57429704070091236 -0.18441987375263122 -0.47525136172771448 -0.41852289438247675 0.84919226169586193 -0.15108864009380338 -1.1895670294761655 0.23542753793299201 -0.1128837652504444 1.9536987543106081 0.32255351543426519 -0.59129387140274037 1.59591680765152 1.5716046094894411 1.445498049259186 -1.0046545863151548 -0.40463021397590632 -0.28720723092555994 1.0000000180025095e-35 0.34840300679206854 -0.18441987375263122 -0.7719002068042754 0.53559884428977977 -1.0164967775344846 -0.67612668871879567 -0.14414230734109876 0.6059766709804536 -1.0091677606105802 0.072571337223052992 1.3481638431549074 1.1258808970451357 1.7035850882530215 1.1728230714797976 0.92791008949279796 -0.79964685440063465 0.43819281458854681 1.0000000180025095e-35 1.3011059165000918 -1.0000000180025095e-35 0.43819281458854681 1.0000000180025095e-35
decision_type=2 2 2 2 2 2 2 2 2 2 2 2 2 2 2 2 2 2 2 2 2 2 2 2 2 2 2 2 2 2 2 2 2 2 2 2 2 2 2 2 2 2 2 2 2 2 2 2 2 2 2 2 2 2 2 2 2 2 2 2 2 2
left_child=4 9 3 -3 6 18 7 8 11 10 39 -1 31 -8 17 22 -7 -14 -4 41 32 -22 -6 45 -25 26 -17 28 -9 35 -5 -11 -15 34 38 -16 37 -26 -21 -2 -41 -20 44 -44 -42 -10 -33 48 -48 50 -49 -51 53 58 -55 -47 57 -27 -19 -28 -61 -45
right_child=1 2 5 30 15 16 13 27 23 12 -12 -13 14 20 29 25 -18 52 19 33 21 -23 -24 24 36 56 59 -29 -30 -31 -32 46 -34 -35 -36 -37 -38 -39 -40 40 42 -43 43 61 -46 55 47 49 -50 51 -52 -53 -54 54 -56 -57 -58 -59 -60 60 -62 -63
leaf_value=-0.045059055141815262 -0.049291538114189425 -0.042603224555023328 0.029734188425285829 0.037557671177783282 0.0047801809824423967 0.047525199337986643 -0.040646196354200193 -0.085428216854731245 -0.019920779145496531 0.0017805840589426468 0.023611496932086348 0.010560941818761346 -0.00066700852029786335 -0.016256057504545805 0.012953098226780639 -0.048378302560888459 0.022246771801118118 0.010563804319183108 0.015773466287780532 0.016413383122978381 -0.0203925441728788 0.0019841741074506846 -0.0061197502649397188 0.0094102816618144864 0.047596222677988548 -0.076747823107862323 -0.0047298335125801928 -0.0059568338558548739 0.015240956872489409 0.02468981573033396 0.0043324992895103281 -0.021708015044190631 -0.034446371538684267 0.0094025816193261565 0.043682235116082574 -0.018014647624652592 -0.014702599529429121 -0.0077167920858071688 0.025733278903309034 -0.092982184079786145 -0.037624242646353584 0.00094811962916641415 -0.054243346710794983 -0.027525392067001525 0.071763564867404844 -0.014980504304835884 -0.066426123152443464 -0.012951750804728879 0.015615071585061742 0.024082032542424903 0.013496098338168725 -0.0045830348326301911 0.027041566987498645 -0.013540245773413085 0.0087373844328690296 -0.0019346342325813797 -0.01825073566149157 0.023277978559432866 0.00094087372691199788 -0.046490637161574817 0.0026790271080048976 0.088843009780295468
leaf_weight=17145 8208 10440 24109 5102 37662 17853 12058 255 26646 69219 7653 2170 51352 7223 14046 2785 5910 88478 13791 32681 69110 5987 44753 10417 1272 327 4958 10982 10585 15680 2551 6041 21320 10221 5111 2006 15755 3773 45669 288 210 16346 873 249 411 23568 1070 16108 640 4010 4939 3725 4127 8592 5726 15115 3028 2919 20432 2766 1302 201
leaf_count=17145 8208 10440 24109 5102 37662 17853 12058 255 26646 69219 7653 2170 51352 7223 14046 2785 5910 88478 13791 32681 69110 5987 44753 10417 1272 327 4958 10982 10585 15680 2551 6041 21320 10221 5111 2006 15755 3773 45669 288 210 16346 873 249 411 23568 1070 16108 640 4010 4939 3725 4127 8592 5726 15115 3028 2919 20432 2766 1302 201
internal_value=-1.23706e-11 0.00919674 0.0195945 -0.0133812 -0.0136196 0.0230695 -0.0174842 -0.0122803 -0.0152331 0.00329361 -0.0146699 -0.0388103 0.00432152 -0.0236769 0.00711782 -0.00387608 0.0412383 0.0053995 0.0201508 0.0182849 -0.0217027 -0.0186086 -0.0011387 -0.0105162 -0.0032734 -0.0163506 -0.0239852 0.00339673 0.0128728 0.016795 0.0264826 -0.00124293 -0.0298432 0.0216795 0.023183 0.00908309 -0.0096256 0.00622932 0.0218458 -0.0427319 -0.0186093 0.00773235 -0.00759109 -0.0274761 0.0347725 -0.0139771 -0.00697158 -0.00405204 -0.0357206 -0.00217054 -0.00674536 0.0102776 0.00784564 0.00720275 -0.00463106 -0.00988296 -0.00197822 0.0132014 0.0087585 -0.0164586 -0.0307534 0.0244525
internal_weight=877949 524068 189784 18093 353881 171691 253381 137683 115861 334284 18093 19315 316191 115698 210439 100500 23763 178707 147928 123819 103640 75097 82415 96546 31217 18085 11811 21822 10840 31732 7653 105752 28543 93682 83461 16052 20800 5045 78350 10440 2232 30137 1944 1323 621 65329 36533 30492 1710 28782 21047 7735 127355 123228 14318 38683 6274 3246 108910 9026 4068 450
internal_count=877949 524068 189784 18093 353881 171691 253381 137683 115861 334284 18093 19315 316191 115698 210439 100500 23763 178707 147928 123819 103640 75097 82415 96546 31217 18085 11811 21822 10840 31732 7653 105752 28543 93682 83461 16052 20800 5045 78350 10440 2232 30137 1944 1323 621 65329 36533 30492 1710 28782 21047 7735 127355 123228 14318 38683 6274 3246 108910 9026 4068 450
is_linear=0
shrinkage=0.05


Tree=29
num_leaves=63
num_cat=0
split_feature=3 3 0 6 3 3 2 1 6 6 0 0 2 0 0 8 5 2 0 3 8 0 0 0 8 0 0 0 3 0 3 0 0 0 6 19 15 14 5 3 3 10 19 22 9 3 2 13 3 3 3 0 1 0 2 0 0 1 22 3 0 13
split_gain=39698.5 11612.2 7850.85 7608.64 4908.58 3286.7 3167.99 2228.26 7016.56 2014 7332.53 2768.99 1813.93 1580.44 1575.58 1499.32 1934.21 1486.08 1410.16 1157.03 1135.43 1134.36 1283.89 1059.06 1016.76 1820.16 954.957 1601.21 920.068 910.352 882.321 1082.19 903.116 822.822 816.882 962.535 754.536 816.525 779.332 745.591 895.177 718.377 779.635 703.843 841.174 701.937 693.392 683.747 677.736 671.656 946.885 670.376 655.593 1340.36 834.388 811.956 2035.3 1001.83 2470.7 649.162 646.388 639.39
threshold=-0.43878702819347376 0.35635852813720709 -1.149046719074249 0.23542753793299201 -0.72815677523612965 2.7999460697174077 -0.81113922595977772 -1.1897694468498228 0.23542753793299201 0.23542753793299201 -1.3365979194641111 -1.3365979194641111 1.0000000180025095e-35 1.7035850882530215 1.6943233013153078 -0.18441987375263122 0.74835324287414562 -0.24429284036159513 1.5032989382743838 0.072571337223052992 0.53518827259540569 1.0899914503097536 1.5241379737854006 0.3965147733688355 0.53518827259540569 1.4488858580589297 -0.97423034906387318 -0.20087077468633649 -0.51612976193428028 1.3481638431549074 -0.65138506889343251 -0.95802223682403553 1.6862192749977114 1.6248599290847781 -1.0000000180025095e-35 -0.67850741744041432 -1.0164967775344846 1.1890759468078616 -1.2493928074836729 -0.53287750482559193 -0.53020739555358876 -0.79733012616634358 0.53559884428977977 0.53442355990409862 1.244215786457062 -0.53755223751068104 2.02309262752533 1.6132020950317385 1.9536987543106081 -0.23112254589796064 -0.37020635604858393 -1.457001209259033 0.37072099745273596 0.44977006316185003 -0.24429284036159513 1.0529443025588991 1.0587329268455508 1.3460274338722231 -0.59335768222808827 -0.69208568334579457 1.2763850092887881 -0.64950132369995106
decision_type=2 2 2 2 2 2 2 2 2 2 2 2 2 2 2 2 2 2 2 2 2 2 2 2 2 2 2 2 2 2 2 2 2 2 2 2 2 2 2 2 2 2 2 2 2 2 2 2 2 2 2 2 2 2 2 2 2 2 2 2 2 2
left_child=4 7 3 -3 -1 26 14 8 -2 10 34 51 20 19 15 16 18 -12 -6 21 49 46 29 -7 -21 47 -4 -28 -16 -23 59 -32 -33 -24 -8 36 -36 38 -38 45 -41 -37 -43 -44 -45 61 -14 -26 -5 50 -9 -11 -29 -54 -55 -56 -57 58 -58 -13 -22 -19
right_child=1 2 5 48 6 23 9 12 -10 11 17 30 13 -15 28 -17 -18 39 -20 24 60 22 33 -25 25 -27 27 52 -30 -31 31 32 -34 -35 35 41 37 -39 -40 40 -42 42 43 44 -46 -47 -48 -49 -50 -51 -52 -53 53 54 55 56 57 -59 -60 -61 -62 -63
leaf_value=-0.026040116614680406 -0.040595292000820883 -0.040473062110443908 0.028247479006661854 0.035679785655800482 -0.00060095926004965941 0.049576232364090117 -0.047508321795285802 0.01591409391894192 0.02243092191433357 0.033613638724618443 0.0053183039757909029 -0.0068105617637258149 -0.010239704664152883 0.020557658150106864 -0.014938800631326405 -0.032901541232291102 -0.038546930771539006 -0.0058574671154150923 -0.050971383823121691 0.013049760446453338 0.00041205939831678309 -6.6430130732438424e-05 -0.017051702374973676 0.028462906166853836 0.0066815308881111816 -0.049531013850600714 0.0073457326332157834 0.031480693161496265 0.01114463044401426 0.019359424055759616 -0.015815937352500486 0.0043825314592102361 -0.025035458504369675 0.0075188913521236529 -0.039365330489127194 -0.090235272689299151 -0.072383327313831874 -0.11785020526250203 0.073694872847625201 0.021502008406302522 -0.0059778563916140807 -0.051729432355273691 -0.081844954967498787 0.063421141239676154 -0.11108079850673676 -0.034112315653150996 0.0076363491797512579 -0.039607131260736089 0.004115873844476336 0.013783208016407403 2.5680805411083974e-06 0.010215385511236894 -0.0037241501158620919 0.028695953327458286 0.034565642608002482 -0.012032075231053888 0.002747764097203129 0.015807554863971739 0.067035665624905483 -0.021490499624839871 0.015301492886723401 -0.015567003336781449
leaf_weight=59476 10440 10440 24109 5102 13967 12058 13680 14492 7653 5102 20076 22971 54202 8737 10160 25768 6256 31476 1543 21841 56538 12062 10218 11705 10410 1920 30137 12053 5067 12062 10211 38226 2800 5112 455 550 105 75 700 3455 20837 1100 150 505 80 3479 6028 864 2551 66985 26352 7653 6017 23177 6029 6031 2733 34344 3298 11204 8368 36754
leaf_count=59476 10440 10440 24109 5102 13967 12058 13680 14492 7653 5102 20076 22971 54202 8737 10160 25768 6256 31476 1543 21841 56538 12062 10218 11705 10410 1920 30137 12053 5067 12062 10211 38226 2800 5112 455 550 105 75 700 3455 20837 1100 150 505 80 3479 6028 864 2551 66985 26352 7653 6017 23177 6029 6031 2733 34344 3298 11204 8368 36754
internal_value=9.01694e-13 0.0087369 0.0186147 -0.0127121 -0.0129386 0.021916 -0.0102918 0.00312893 -0.0139364 -0.00759208 -0.0115903 -0.0021557 0.00410544 -5.0186e-05 -0.0202563 -0.0247402 -0.0150782 -0.00705305 -0.00561202 -0.00138668 0.00755668 -0.00413372 0.00245639 0.0391764 0.00642941 -0.00452974 0.0191433 0.0173706 -0.00625917 0.0096465 -0.00540081 -0.00125045 0.00237477 -0.0088583 -0.0418589 -0.0210836 0.012911 0.0399402 0.0546412 -0.00964018 -0.00206945 -0.0401121 -0.0250888 0.0147816 0.0395576 -0.0122048 -0.00845062 0.00313413 0.0251585 0.0107018 0.00564819 0.0195747 0.0205956 0.0189883 0.0207957 0.0173037 0.015061 0.0191081 0.037903 -0.0116233 0.00233168 -0.0110878
internal_weight=877949 524068 189784 18093 353881 171691 294405 334284 18093 231644 133477 98167 316191 143456 62761 47534 21766 116077 15510 134719 172735 99684 39454 23763 35035 13194 147928 123819 15227 24124 85412 51237 41026 15330 17400 3720 1335 880 805 96001 24292 2385 1835 735 585 71709 60230 11274 7653 107829 40844 12755 93682 81629 75612 52435 46406 40375 6031 34175 64906 68230
internal_count=877949 524068 189784 18093 353881 171691 294405 334284 18093 231644 133477 98167 316191 143456 62761 47534 21766 116077 15510 134719 172735 99684 39454 23763 35035 13194 147928 123819 15227 24124 85412 51237 41026 15330 17400 3720 1335 880 805 96001 24292 2385 1835 735 585 71709 60230 11274 7653 107829 40844 12755 93682 81629 75612 52435 46406 40375 6031 34175 64906 68230
is_linear=0
shrinkage=0.05


Tree=30
num_leaves=63
num_cat=0
split_feature=3 3 0 6 3 0 0 4 22 0 0 0 6 0 0 9 4 3 3 3 3 22 6 4 2 2 6 13 18 19 10 0 0 6 19 3 0 0 3 5 0 13 0 0 2 6 6 0 0 19 0 0 13 8 0 0 0 22 3 9 22 4
split_gain=35882.3 14144.8 9344.53 5961.67 3322.67 2566.7 2310.36 2170.59 2125.62 4983.46 2052.87 1531.32 2450.3 1839.49 1454.31 1328.71 1105.39 1071.12 1030.26 1426.41 987.322 958.581 942.073 914.07 855.193 1203.71 793.543 813.046 901.288 800.913 850.379 750.375 801.732 750.321 738.541 731.366 715.885 710.563 655.075 634.503 618.773 958.781 746.816 610.962 733.841 606.438 601.777 1058.8 593.297 576.932 570.262 1464.09 569.651 567.828 565.123 863.389 937.971 562.991 548.561 547.347 695.809 545.018
threshold=-0.54680722951889027 0.15903349965810779 -1.149046719074249 0.23542753793299201 2.7999460697174077 -0.37105621397495264 -1.2185100913047788 -0.57599145174026478 1.1788991093635561 -1.3365979194641111 -1.2185100913047788 -1.2474532127380369 1.0000000180025095e-35 -1.3655410408973692 -0.089729286730289445 -0.85614114999771107 -0.57599145174026478 -0.73797869682312001 -0.61042973399162281 -0.61470600962638844 3.4478085041046147 0.76012519001960765 -1.0000000180025095e-35 1.1567137837409975 1.4562462568283083 0.88939985632896434 1.0000000180025095e-35 0.33955676853656774 0.85958698391914379 -0.7719002068042754 -0.79733012616634358 -0.47525136172771448 -0.41852289438247675 0.6487882286310197 -0.67850741744041432 -0.69526106119155873 0.5458611547946931 -1.457001209259033 1.9536987543106081 0.74835324287414562 -1.2474532127380369 0.43286409974098211 -1.3655410408973692 -0.99622708559036244 -0.81113922595977772 -1.0046545863151548 -1.0046545863151548 -0.40463021397590632 1.6248599290847781 0.53559884428977977 1.0587329268455508 1.0529443025588991 0.37687966227531439 -0.53798767924308766 -1.1085263490676878 -0.1128837652504444 -0.18582036346197126 0.87721380591392528 -0.67612668871879567 1.244215786457062 0.53442355990409862 1.445498049259186
decision_type=2 2 2 2 2 2 2 2 2 2 2 2 2 2 2 2 2 2 2 2 2 2 2 2 2 2 2 2 2 2 2 2 2 2 2 2 2 2 2 2 2 2 2 2 2 2 2 2 2 2 2 2 2 2 2 2 2 2 2 2 2 2
left_child=5 7 3 6 16 8 26 40 9 22 38 12 13 -9 52 -13 50 -16 19 24 -6 -14 -1 -17 25 -19 -3 28 -28 -29 -31 58 -33 -12 -24 -10 -20 -37 -5 61 41 42 -2 44 -42 -21 47 -34 -45 -32 51 54 -7 -35 -4 56 -56 -36 -11 60 -51 -18
right_child=1 2 4 10 20 14 -8 11 35 31 33 15 21 -15 17 23 39 18 36 45 -22 -23 34 -25 -26 -27 27 29 -30 30 49 32 46 53 57 37 -38 -39 -40 -41 43 -43 -44 48 -46 -47 -48 -49 -50 59 -52 -53 -54 -55 55 -57 -58 -59 -60 -61 -62 -63
leaf_value=-0.045055273560167697 -0.048025023187067924 -0.044511941891185375 0.028309127185396576 0.033167076841392001 0.05469709154305559 -0.040948117541826146 0.0072672725838664534 -0.047587223586283235 -0.0099593503252839721 -0.018337092995154004 0.018948223328261522 -0.0016892538480676362 -0.011017264526357857 -0.0017502350596789971 0.0022516323566779085 0.0088601257252223526 0.023813816294879553 -0.021149314401121156 -0.025477496775504618 0.022503086663942302 0.031275083980557394 0.018808051958152477 0.0059155236042995381 0.00024262890714863715 -0.0087187612826015014 -0.046089109855392642 -0.089264801643215708 0.041883487145552477 0.12184937990137511 -0.092012805517982035 -0.02928639059313215 0.0088055915711149155 0.045552031411375683 -0.005242329066729395 -0.061062570040210408 0.031418959789374881 -0.0054348312882673598 0.0029910301617361058 0.0039100810291019866 0.014503697937431552 0.015775391156513236 0.0050125775151713611 -0.014027063729896311 -0.0063603889745602804 -0.0072943499414159091 -0.053735753091969131 -0.013960739329201263 -0.0071976423453314802 0.0077770209714906821 -0.092508262220550988 0.018238290009067317 -0.033136567512034081 -0.023120666591481737 -0.062801248118209904 0.0058989437552510642 0.019268719324053229 -0.02988895314728033 -0.010957127728012352 -0.0087496047069759945 -0.11581763327121736 0.080621642160295243 0.012064868803117303
leaf_weight=13400 2703 10944 4027 7653 6029 11185 3479 5472 9938 25022 720 66164 4770 3648 5795 123012 78719 51291 6031 277 17734 6190 1835 41038 11826 5342 520 712 56 340 832 9747 1272 684 1160 2535 17052 16541 2551 36222 8037 3358 4014 93363 6036 4471 14422 3773 8062 68 23253 2015 7476 1147 20135 12065 2014 1085 36953 52 396 11286
leaf_count=13400 2703 10944 4027 7653 6029 11185 3479 5472 9938 25022 720 66164 4770 3648 5795 123012 78719 51291 6031 277 17734 6190 1835 41038 11826 5342 520 712 56 340 832 9747 1272 684 1160 2535 17052 16541 2551 36222 8037 3358 4014 93363 6036 4471 14422 3773 8062 68 23253 2015 7476 1147 20135 12065 2014 1085 36953 52 396 11286
internal_value=1.23639e-11 0.00652858 0.0159122 -0.0101426 0.0195921 -0.0156507 -0.0291779 0.000445705 -0.0109842 -0.0141944 0.0158233 0.00313702 -0.0101052 -0.0292524 -0.0209716 0.00429205 0.0173847 -0.0186255 -0.019882 -0.0227861 0.0372176 0.00582751 -0.0386503 0.00670441 -0.0209481 -0.0235018 -0.0382866 -0.0153934 -0.0687398 -0.00259021 -0.0213493 -0.00950644 -0.00290026 -0.0242948 -0.0176142 0.001039 -0.0106715 0.0067688 0.0258528 0.0200917 -0.00491867 -0.0168024 -0.0277082 -0.00388205 0.00588063 -0.049288 -0.0087613 0.00610218 -0.00523664 -0.0035261 0.0120043 0.00840338 -0.0338061 -0.0412992 0.0105922 0.00850693 0.00264476 -0.0368468 -0.0126205 0.0380099 0.0552492 0.0223406
internal_weight=877949 619520 243653 30154 213499 258429 17399 375867 137683 108669 12755 250294 20080 9120 120746 230214 189736 102085 96290 73207 23763 10960 17480 164050 68459 56633 13920 2976 576 2400 1688 91189 29214 2551 4080 29014 23083 19076 10204 126227 125573 10075 6717 115498 14073 4748 19467 5045 101425 1348 63509 40256 18661 1831 38241 34214 22149 2245 61975 516 464 90005
internal_count=877949 619520 243653 30154 213499 258429 17399 375867 137683 108669 12755 250294 20080 9120 120746 230214 189736 102085 96290 73207 23763 10960 17480 164050 68459 56633 13920 2976 576 2400 1688 91189 29214 2551 4080 29014 23083 19076 10204 126227 125573 10075 6717 115498 14073 4748 19467 5045 101425 1348 63509 40256 18661 1831 38241 34214 22149 2245 61975 516 464 90005
is_linear=0
shrinkage=0.05


Tree=31
num_leaves=63
num_cat=0
split_feature=3 3 0 6 3 3 2 0 0 2 6 0 0 0 1 6 0 8 5 0 0 0 2 0 0 0 6 3 3 1 0 3 6 4 3 6 3 3 0 3 6 13 18 19 10 0 4 0 0 3 6 3 6 19 15 2 0 3 3 0 0 2
split_gain=32528.1 9463.42 8433.43 5380.41 4053.74 3014.65 2730.66 2085.1 1852.72 1749.52 2287.24 4981.6 2513.52 1694.78 1384.24 3254.28 1352.17 1343.33 1617.88 1223.22 1531.55 1080.54 1169.91 1171.08 1850.26 1476.64 1294.66 1663.77 1146.77 1282.35 1069.03 999.649 951.554 930.211 834.016 826.007 801.385 768.748 768.651 721.683 716.172 733.774 816 722.824 767.467 685.525 683.811 957.623 683.252 681.374 677.164 675.694 650.908 829.259 869.385 646.001 810.352 619.91 1986.21 722.32 740.715 657.798
threshold=-0.43878702819347376 0.15903349965810779 -1.149046719074249 0.23542753793299201 -0.72815677523612965 1.333412289619446 -0.81113922595977772 -1.2185100913047788 -1.2185100913047788 -0.24429284036159513 0.23542753793299201 -1.3365979194641111 -1.3365979194641111 1.1721898317337038 -1.1897694468498228 0.23542753793299201 1.6943233013153078 -0.53798767924308766 0.74835324287414562 -0.92676365375518788 -0.74500101804733265 1.7035850882530215 -1.0000000180025095e-35 0.45671640336513525 0.85381576418876659 -0.29348869621753687 0.6487882286310197 0.10062799602746965 -0.2678180187940597 -0.60458552837371815 1.5032989382743838 -0.18013582378625867 1.0621489584445956 -0.57599145174026478 -0.49729524552822107 -0.59129387140274037 -0.18533226102590558 -0.51612976193428028 1.3481638431549074 0.10062799602746965 1.0000000180025095e-35 0.33955676853656774 0.89120385050773632 -0.7719002068042754 -0.79733012616634358 -1.0205392837524412 -0.72038355469703663 1.1745052933692934 1.6665380001068117 -0.36180990934371943 0.6487882286310197 -0.14171914011240003 1.0000000180025095e-35 -0.7719002068042754 -1.0164967775344846 -0.81113922595977772 -1.1189458370208738 -0.67612668871879567 -0.69208568334579457 -0.47525136172771448 -0.49609039723873133 1.4562462568283083
decision_type=2 2 2 2 2 2 2 2 2 2 2 2 2 2 2 2 2 2 2 2 2 2 2 2 2 2 2 2 2 2 2 2 2 2 2 2 2 2 2 2 2 2 2 2 2 2 2 2 2 2 2 2 2 2 2 2 2 2 2 2 2 2
left_child=4 14 3 7 -1 33 16 40 -5 34 11 52 -12 -7 15 -2 17 18 30 55 -21 22 23 25 26 -22 39 -28 49 -30 -6 48 -29 -4 -8 -33 38 -18 -31 -25 -3 42 -42 -43 -45 -19 -37 -48 -26 -24 -10 -38 -11 54 -54 56 -16 58 61 60 -59 -13
right_child=1 2 5 8 6 13 9 -9 50 10 12 57 -14 -15 19 -17 37 45 -20 20 21 -23 28 24 31 -27 27 32 29 36 -32 35 -34 -35 -36 46 51 -39 -40 -41 41 43 -44 44 -46 -47 47 -49 -50 -51 -52 -53 53 -55 -56 -57 -58 59 -60 -61 -62 -63
leaf_value=-0.023618117779489162 -0.037160108417443834 -0.042286343943621768 0.01084469045388437 0.024560186743586995 0.002546205933496169 0.039533577486183677 -5.9240684307717427e-05 0.0069039092163525918 0.018000812120962009 -0.042920811581289214 0.01808573188403886 0.014977844996844056 -0.0060507132802149746 0.016462994250275646 0.0040584825163496457 0.015409190471515052 -0.013524782357121049 -0.0092961060155320272 -0.035580707044734435 -0.013134743279228306 0.0046030613685068477 0.01925757455482165 -0.00042728958369216195 -0.011311501441550121 0.031818334654134472 0.027191379863768253 -0.012478232067577526 -0.027282559310122426 -0.022203859446415078 0.0037217177117691742 -0.045947618376376571 -0.01233008690398873 -0.10071435625601431 0.018511075846099023 0.020343886261625227 -0.0076030869223163294 -0.0167968490448289 0.010317447863023663 0.025584412519286649 0.014084328020074508 -0.08324633608148857 0.039789313529984334 0.13207582921410602 -0.087412164316457874 -0.0033497962735880731 -0.032110443939267694 0.00026608209443686946 0.029082551739157116 0.0069610632644504346 -0.02129779407726622 -0.039234213712986979 0.00071578363023261805 -0.037583502033254605 -0.035074798750645911 0.051448988409146024 0.0021340886887882822 0.020798596269999033 -0.0079704597210746089 -0.028890971761442365 0.00051378529464866593 -0.032443265493116741 -0.0085094255388694987
leaf_weight=59476 6960 10944 59479 10204 11425 23884 29571 3479 720 13680 12755 3479 69887 11940 12061 5102 10160 3771 5118 18071 18087 8737 6031 8389 6020 12059 3658 743 6029 12059 1262 6896 1086 118196 6030 4774 6031 5067 6031 4197 528 712 48 340 1348 25958 5678 5857 5112 11124 1831 63504 455 2575 690 18073 18046 27787 13814 26615 3479 20827
leaf_count=59476 6960 10944 59479 10204 11425 23884 29571 3479 720 13680 12755 3479 69887 11940 12061 5102 10160 3771 5118 18071 18087 8737 6031 8389 6020 12059 3658 743 6029 12059 1262 6896 1086 118196 6030 4774 6031 5067 6031 4197 528 712 48 340 1348 25958 5678 5857 5112 11124 1831 63504 455 2575 690 18073 18046 27787 13814 26615 3479 20827
internal_value=-3.43344e-12 0.0079086 0.0151166 -0.00963548 -0.011712 0.0186125 -0.00930668 -0.027719 0.0150321 -0.0068002 -0.00865191 -0.0132623 -0.00232548 0.0318442 0.00164556 -0.0149243 -0.0185579 -0.0227117 -0.0118505 0.00239034 0.000811204 0.00205818 0.00128105 0.00578683 0.00127038 0.0136388 -0.0116789 -0.0319468 -0.00207589 0.000101075 -0.00227757 0.00808612 -0.0708839 0.0159447 0.00339659 0.0021772 0.00163576 -0.00559094 0.0110105 -0.00284286 -0.0363723 -0.0146237 -0.0653028 -0.0024607 -0.0202818 -0.0292165 0.00831137 0.0148979 0.0204035 -0.0139606 -0.0230801 -0.000803145 -0.0378779 -0.0193329 0.0160693 0.00960669 0.0140924 -0.00880083 -0.0137518 -0.00554018 -0.0106936 -0.00514761
internal_weight=877949 524068 243653 30154 353881 213499 294405 17399 12755 231644 196043 113401 82642 35824 280415 12062 62761 47534 17805 268353 220173 202102 193365 82556 52410 30146 18073 5487 110809 93654 12687 34337 1829 177675 35601 23205 87625 15227 18090 12586 13920 2976 576 2400 1688 29729 16309 11535 11132 17155 2551 69535 17400 3720 1145 48180 30107 96001 38120 57881 31266 24306
internal_count=877949 524068 243653 30154 353881 213499 294405 17399 12755 231644 196043 113401 82642 35824 280415 12062 62761 47534 17805 268353 220173 202102 193365 82556 52410 30146 18073 5487 110809 93654 12687 34337 1829 177675 35601 23205 87625 15227 18090 12586 13920 2976 576 2400 1688 29729 16309 11535 11132 17155 2551 69535 17400 3720 1145 48180 30107 96001 38120 57881 31266 24306
is_linear=0
shrinkage=0.05


Tree=32
num_leaves=63
num_cat=0
split_feature=3 3 0 6 3 0 4 0 22 1 0 6 0 6 0 0 9 4 22 3 1 4 3 3 3 6 14 5 22 14 19 18 3 5 8 6 3 2 3 0 5 19 15 5 5 4 2 0 12 3 3 0 0 6 6 3 3 3 0 0 3 8
split_gain=29422.5 11467.4 7611.17 4855.82 2732.96 2167.9 1935.25 1881.8 1774.34 3574.24 1672.08 1643.86 1337.01 2148.96 1592.65 1269.07 1235.61 921.912 875.152 860.535 742.374 737.168 733.205 699.888 1315.39 646.346 675.955 793.203 1395.44 1060.47 1156 784.796 637.92 893.977 671.461 611.141 591.699 951.044 591.205 587.624 579.516 771.253 1316.89 569.419 568.413 652.248 556.22 654.121 555.869 595.445 617.134 591.84 548.244 818.734 547.016 536.628 684.971 607.695 532.428 631.446 660.478 512.464
threshold=-0.54680722951889027 0.15903349965810779 -1.149046719074249 0.23542753793299201 2.7999460697174077 -0.37105621397495264 -0.72038355469703663 -1.2185100913047788 1.3378776311874392 -1.1897694468498228 -1.2185100913047788 0.23542753793299201 -1.2474532127380369 1.0000000180025095e-35 -1.3655410408973692 -0.36063669621944422 -0.85614114999771107 -0.43159933388233179 0.76012519001960765 3.4478085041046147 -0.79964685440063465 1.3011059165000918 -0.65138506889343251 -0.61042973399162281 -0.61470600962638844 1.0000000180025095e-35 0.37011602520942694 0.74835324287414562 0.8857095241546632 0.86346536874771129 -0.67850741744041432 -0.088861472904682146 -0.59950283169746388 0.74835324287414562 -0.53798767924308766 0.6487882286310197 -0.69208568334579457 0.88939985632896434 1.9536987543106081 0.5458611547946931 -0.74995630979537953 1.0000000180025095e-35 -0.22701143473386762 -0.25051979752606707 1.0000000180025095e-35 0.86792960762977611 1.1728230714797976 0.92791008949279796 1.1890970766544344 -0.68651545047759999 -0.70852947235107411 -0.44167736172676081 -1.1895670294761655 0.23542753793299201 -1.0046545863151548 0.77002382278442394 0.69440227746963512 0.61896148324012767 0.28421554714441305 0.32473587989807134 -0.72815677523612965 -0.53798767924308766
decision_type=2 2 2 2 2 2 2 2 2 2 2 2 2 2 2 2 2 2 2 2 2 2 2 2 2 2 2 2 2 2 2 2 2 2 2 2 2 2 2 2 2 2 2 2 2 2 2 2 2 2 2 2 2 2 2 2 2 2 2 2 2 2
left_child=5 6 3 7 17 8 -2 25 9 11 38 -1 13 14 -8 -7 -14 -4 -15 -6 32 46 48 24 36 -3 -27 29 -29 30 -28 43 33 34 -11 -12 58 -38 -5 -25 41 -31 -43 -32 -42 -46 -18 -48 -22 50 -50 -52 53 -10 -26 56 57 -19 -17 -60 -61 -37
right_child=1 2 4 10 19 15 12 -9 52 20 35 -13 16 18 -16 23 21 55 -20 -21 22 -23 -24 39 54 26 27 28 -30 40 31 -33 -34 -35 -36 61 37 -39 -40 -41 44 42 -44 -45 45 -47 47 -49 49 -51 51 -53 -54 -55 -56 -57 -58 -59 59 60 -62 -63
leaf_value=-0.037170353780503866 -0.0051460078320318473 -0.040172027122523442 0.011194224310711305 0.030280713152007612 0.049985557416789818 -0.034451857544611227 -0.043209749966665031 0.0065587135225695691 -0.077360063060825948 0.0030520832683460578 0.017100771523669716 0.0090199247188329675 -0.0018078687423718606 -0.01033711548313276 -0.0018323767600157159 -0.02371773490965106 0.0087904680353473267 0.014936236049602342 0.017295199327637133 0.028119073956941604 -0.011359497954261366 -0.0009756363837201236 0.0039770253393425301 -0.023042330594426293 0.023167728458695948 -0.07436463281139731 0.097212922032468216 -0.05765566767699886 0.094995202083106439 -0.05315036711340048 0.17540837079286575 -0.088150619403882469 -0.0090620476821906409 -0.045672658187584786 -0.026317924716319187 -0.0030185019587997092 -0.019347341885304643 -0.04274842530371812 0.0024865672822679519 -0.0048836822553811679 -0.10987634169708552 0.17020920404503426 -0.082697624780915011 -0.097660915979317253 -0.058901421725749969 0.15124771191428107 -0.0071432090047484137 0.011830030285160262 -0.0036473497231485396 -0.015948340574877796 -0.0048950625980681214 0.036875871947231416 -0.0046783892691221332 0.01330513705535496 -0.049239703173659791 0.022438488904392755 0.00067615782382125496 0.027739824594565206 0.0033199565187281414 -0.024276360558200549 -0.0095369243966240101 -0.057699475769739543
leaf_weight=17145 109915 10944 71425 7653 6029 12058 5814 3479 255 3124 720 2170 70294 5092 3876 12634 123880 51733 6553 17734 38846 30788 15609 6031 277 400 328 228 436 392 60 220 17723 3406 5161 684 23189 5342 2551 17052 464 124 88 28 160 48 12528 7127 5088 3773 1272 2544 10982 10585 4471 48351 6937 11290 5795 11506 22391 1147
leaf_count=17145 109915 10944 71425 7653 6029 12058 5814 3479 255 3124 720 2170 70294 5092 3876 12634 123880 51733 6553 17734 38846 30788 15609 6031 277 400 328 228 436 392 60 220 17723 3406 5161 684 23189 5342 2551 17052 464 124 88 28 160 48 12528 7127 5088 3773 1272 2544 10982 10585 4471 48351 6937 11290 5795 11506 22391 1147
internal_value=-1.95564e-11 0.00591178 0.0143608 -0.00915371 0.0176819 -0.014172 0.000434774 -0.0263331 -0.00988344 -0.0123468 0.0142805 -0.031981 0.00274125 -0.00926294 -0.0266588 -0.0190622 0.00378823 0.0156799 0.00521244 0.0336669 -0.00841877 0.0060448 -0.00551658 -0.0173548 -0.0194383 -0.0345536 -0.0138925 -0.00450242 0.0425789 -0.0208529 0.031891 -0.0376725 -0.0150425 -0.0241086 -0.0152435 -0.0219261 -0.0179364 -0.0237288 0.0233322 -0.00962807 -0.0471421 -0.0116 0.065229 0.0885227 -0.0790877 -0.0104055 0.00755067 -0.000263419 -0.00839268 0.000698501 0.00775247 0.0229522 0.0031954 0.0111723 -0.0450154 0.0183879 0.0155885 0.0172299 -0.014778 -0.0119325 -0.0145401 -0.0372725
internal_weight=877949 619520 243653 30154 213499 258429 375867 17399 137683 115861 12755 19315 265952 21335 9690 120746 244617 189736 11645 23763 96546 174323 67132 108688 85605 13920 2976 2576 664 1912 636 308 29414 11691 8285 2551 80857 28531 10204 23083 1276 604 212 88 672 208 143535 19655 51523 12677 8904 3816 21822 10840 4748 118311 69960 63023 52326 39692 33897 1831
internal_count=877949 619520 243653 30154 213499 258429 375867 17399 137683 115861 12755 19315 265952 21335 9690 120746 244617 189736 11645 23763 96546 174323 67132 108688 85605 13920 2976 2576 664 1912 636 308 29414 11691 8285 2551 80857 28531 10204 23083 1276 604 212 88 672 208 143535 19655 51523 12677 8904 3816 21822 10840 4748 118311 69960 63023 52326 39692 33897 1831
is_linear=0
shrinkage=0.05


Tree=33
num_leaves=63
num_cat=0
split_feature=3 3 0 6 3 2 3 0 6 2 6 1 0 4 0 8 5 0 9 0 0 0 0 0 3 4 3 3 1 0 2 0 0 0 22 0 0 22 6 19 15 10 19 22 9 14 5 2 14 3 3 3 22 9 0 0 3 4 22 0 3 18
split_gain=26667.1 7696.41 5237.55 5044.42 3321.6 2323.18 2188.54 1520.16 4777.13 1494.07 1937.74 4036.76 2141.33 1376.77 1131.87 1199.41 1541.14 980.286 939.133 842.834 1359.96 812.093 744.356 1642.92 737.281 709.943 667.097 655.397 609.199 1189.58 729.679 745.6 1724.1 794.754 2232.76 601.876 578.061 575.57 572.503 746.565 785.019 603.241 645.447 613.619 759.023 594.431 577.208 551.025 535.705 529.313 776.719 626.125 524.81 527.889 523.875 508.736 568.026 507.652 506.193 683.771 500.818 497.09
threshold=-0.43878702819347376 0.35635852813720709 -1.149046719074249 0.23542753793299201 -0.72815677523612965 -0.81113922595977772 2.7999460697174077 -1.3655410408973692 0.23542753793299201 -0.24429284036159513 0.23542753793299201 -1.1897694468498228 -1.457001209259033 -0.43159933388233179 1.6943233013153078 -0.18441987375263122 0.74835324287414562 1.5032989382743838 -0.85614114999771107 -0.97423034906387318 -0.20087077468633649 1.1721898317337038 -0.27959600090980524 -0.34327083826065058 -0.49729524552822107 1.3011059165000918 -0.51612976193428028 0.15903349965810779 -1.0000000180025095e-35 0.44977006316185003 -0.24429284036159513 1.0529443025588991 1.0587329268455508 1.2150256037712099 -0.67673495411872853 0.75193604826927196 1.6862192749977114 0.44107373058795935 1.0000000180025095e-35 -0.7719002068042754 -1.0164967775344846 -0.79733012616634358 0.53559884428977977 0.53442355990409862 1.244215786457062 1.1890759468078616 -1.2493928074836729 0.32255351543426519 0.86346536874771129 -0.53287750482559193 -0.53020739555358876 -0.53755223751068104 0.98886618018150341 0.30946898169349885 -1.0205392837524412 -0.14414230734109876 0.1900519281625748 -0.43159933388233179 1.3378776311874392 -1.1640971302986143 1.9536987543106081 0.24309645593166354
decision_type=2 2 2 2 2 2 2 2 2 2 2 2 2 2 2 2 2 2 2 2 2 2 2 2 2 2 2 2 2 2 2 2 2 2 2 2 2 2 2 2 2 2 2 2 2 2 2 2 2 2 2 2 2 2 2 2 2 2 2 2 2 2
left_child=4 7 3 -3 58 14 19 8 -2 24 11 38 -12 47 15 16 17 -6 -15 -4 37 -8 23 48 57 27 -16 -20 -22 -30 -31 -32 -33 34 -34 -24 -37 -21 -11 40 52 -41 -43 -44 -45 46 61 -9 -14 51 -51 -13 -40 -54 -17 -49 -57 -7 59 -1 -5 -42
right_child=1 2 6 60 5 9 21 13 -10 10 12 49 22 18 26 54 -18 -19 25 20 28 -23 35 -25 -26 -27 -28 -29 29 30 31 32 33 -35 -36 36 -38 -39 39 41 45 42 43 44 -46 -47 -48 55 -50 50 -52 -53 53 -55 -56 56 -58 -59 -60 -61 -62 -63
leaf_value=-0.043812325009941158 -0.033497187118706209 -0.032988785867903998 0.024189334128908582 0.029495398225887051 0.00050895107052870159 -0.008388729238698333 0.037301704593765257 0.001625065207860461 0.018507525031697069 -0.038958064630322642 0.029373085704585647 -0.0091597499569806458 -0.0091757983917108276 0.00052880296897950382 -0.012487295063896899 -0.0093569906849702879 -0.033067643456160443 -0.041487999735110366 0.008325126938398892 0.00021391497644669382 0.027435932622209183 0.015918430419876707 -0.017803229499898553 0.03839093640229585 0.01924195082090574 0.0010570808406612183 0.0097227536268557641 0.019000354102211264 -0.0060032127231363242 0.024484310482577657 0.030372388274074427 -0.013254168370077028 -0.0026596715361147725 0.012466882188936917 0.058737704515621686 0.0051157963410440096 -0.02145631789872849 0.015299671528513886 -0.069107230808585884 -0.077161331887830767 0.12772881317138671 -0.040450941943746856 -0.071799558162689223 0.064223405181771456 -0.10153848484158517 -0.13670442581176759 0.08016139292084011 -0.018031965695210688 0.0014268436626919158 0.020281548744280502 -0.005315621340694879 -0.030905400744946972 0.10693965041637421 -0.11867858954838345 -0.030777757885531644 -0.0047613757653096802 0.021222903748526541 0.0051392348766633039 -0.011963969510118168 -0.021874457259824856 0.0023622393453509825 -0.13764080206553142
leaf_weight=3863 10440 10440 24109 5102 13967 11106 17853 77844 7653 13680 5102 68230 19497 56658 10160 3269 6256 1543 95499 21111 12053 5910 14449 2557 6030 28180 5067 16926 6017 23177 6029 6031 2612 34344 3419 7608 2800 9026 320 570 25 1270 150 505 80 40 565 6794 30629 3455 20837 3479 100 35 22499 32039 2251 18465 11507 44106 2551 60
leaf_count=3863 10440 10440 24109 5102 13967 11106 17853 77844 7653 13680 5102 68230 19497 56658 10160 3269 6256 1543 95499 21111 12053 5910 14449 2557 6030 28180 5067 16926 6017 23177 6029 6031 2612 34344 3419 7608 2800 9026 320 570 25 1270 150 505 80 40 565 6794 30629 3455 20837 3479 100 35 22499 32039 2251 18465 11507 44106 2551 60
internal_value=1.19853e-13 0.00716074 0.0152024 -0.0103848 -0.0106045 -0.00842718 0.0178989 0.0025952 -0.0115002 -0.00611526 -0.00782646 -0.0120701 -0.00200341 0.00340176 -0.0169602 -0.0207606 -0.0121188 -0.00366908 0.00596357 0.0156363 0.0139709 0.0319836 -0.00406794 -0.000702924 0.00330776 0.00815355 -0.00509659 0.00993232 0.016943 0.0153937 0.0170964 0.0138308 0.0116818 0.0154066 0.0321468 -0.0111999 -0.00203274 0.00473208 -0.0342286 -0.0168363 0.0167543 -0.0317728 -0.0188693 0.0184215 0.0415551 0.0503736 0.0618861 -0.000847442 -0.00269716 -0.00805386 -0.00167499 -0.0102148 -0.0342288 0.048446 -0.0280603 -0.00553223 -0.00305561 5.85285e-05 -0.0213819 -0.0236411 0.020451 -0.0595909
internal_weight=877949 524068 189784 18093 353881 294405 171691 334284 18093 231644 196043 113401 82642 316191 62761 47534 21766 15510 197263 147928 123819 23763 77540 52683 35601 140605 15227 112425 93682 81629 75612 52435 46406 40375 6031 24857 10408 30137 17400 3720 1145 2575 2005 735 585 690 650 118928 50126 96001 24292 71709 455 135 25768 41084 34290 29571 59476 47969 7653 85
internal_count=877949 524068 189784 18093 353881 294405 171691 334284 18093 231644 196043 113401 82642 316191 62761 47534 21766 15510 197263 147928 123819 23763 77540 52683 35601 140605 15227 112425 93682 81629 75612 52435 46406 40375 6031 24857 10408 30137 17400 3720 1145 2575 2005 735 585 690 650 118928 50126 96001 24292 71709 455 135 25768 41084 34290 29571 59476 47969 7653 85
is_linear=0
shrinkage=0.05


Tree=34
num_leaves=63
num_cat=0
split_feature=3 3 0 6 3 3 2 0 0 2 6 0 0 0 0 6 1 0 8 5 0 0 2 0 0 0 6 3 3 0 3 6 8 0 0 0 3 3 0 3 3 14 3 0 3 2 0 0 0 6 13 19 10 18 10 22 15 19 3 6 22 0
split_gain=24067 6975.49 6223.05 3913.27 2997.74 2237.13 2096.67 1556.67 1440.43 1348.4 1748.81 3643.17 1937.58 1328.35 1066.87 2446.84 1092.69 1352.28 1032.35 1072.37 988.25 976.279 1018.77 1056.84 1669.94 1332.67 1168.16 1501.51 1043.73 1097.07 902.19 859.383 803.119 760.606 745.061 1195.88 813.605 722.644 695.818 665.396 651.324 641.738 618.329 616.525 608.503 590.594 714.468 588.59 1531.92 583.327 610.351 678.419 583.381 558.85 936.268 654.706 841.243 573.364 558.131 551.254 548.201 543.193
threshold=-0.43878702819347376 0.15903349965810779 -1.149046719074249 0.23542753793299201 -0.72815677523612965 1.333412289619446 -0.81113922595977772 -1.2185100913047788 -1.2185100913047788 -0.24429284036159513 0.23542753793299201 -1.3365979194641111 -1.4384776353836057 1.1721898317337038 -1.3655410408973692 0.23542753793299201 -0.79964685440063465 -0.74500101804733265 -0.53798767924308766 0.74835324287414562 1.6943233013153078 1.7035850882530215 1.0000000180025095e-35 0.45671640336513525 0.85381576418876659 -0.29348869621753687 0.6487882286310197 0.10062799602746965 -0.2678180187940597 -0.14414230734109876 -0.18013582378625867 1.0621489584445956 -0.18441987375263122 1.5415037870407107 -0.1128837652504444 -0.97423034906387318 0.35635852813720709 -0.18533226102590558 1.3481638431549074 -0.49729524552822107 0.10062799602746965 -0.33043999969959253 -0.36180990934371943 1.6665380001068117 -0.14171914011240003 -0.81113922595977772 -1.1189458370208738 -0.27959600090980524 -0.34327083826065058 1.0000000180025095e-35 0.28357230126857763 -0.7719002068042754 -0.79733012616634358 -0.1837072819471359 1.0000000180025095e-35 0.8857095241546632 -0.22701143473386762 -0.30493627488613123 -0.30077947676181788 0.6487882286310197 0.41249075531959539 0.75193604826927196
decision_type=2 2 2 2 2 2 2 2 2 2 2 2 2 2 2 2 2 2 2 2 2 2 2 2 2 2 2 2 2 2 2 2 2 2 2 2 2 2 2 2 2 2 2 2 2 2 2 2 2 2 2 2 2 2 2 2 2 2 2 2 2 2
left_child=4 14 3 7 -1 32 18 49 -5 39 11 -11 -12 -7 15 -2 45 -18 19 -6 -20 22 23 25 26 -19 40 -28 42 60 43 -29 -4 41 35 36 -34 38 -31 -8 -25 -32 -24 -26 -39 46 -16 48 -14 -3 -51 -52 -53 54 -54 -55 57 -57 -47 -10 -30 -49
right_child=1 2 5 8 6 13 9 -9 59 10 12 -13 47 -15 16 -17 17 21 20 -21 -22 -23 28 24 30 -27 27 31 29 37 33 -33 34 -35 -36 -37 -38 44 -40 -41 -42 -43 -44 -45 -46 58 -48 61 -50 50 51 52 53 55 -56 56 -58 -59 -60 -61 -62 -63
leaf_value=-0.02031282648421814 -0.032402170391689286 -0.036507632654182047 0.017359091586887875 0.021167311631216112 -0.00097616191244683675 0.034200019517833351 5.5602091839096502e-05 0.0062222479590048636 0.016226240868161566 -0.03251716141573998 0.02206202855279768 -0.0076511657170564729 -0.0032561250741461596 0.01377526513749563 0.0037673522675799875 0.013181293311084363 -0.012517415204303365 0.0040998516615726325 -0.025565949371839272 -0.024559203856379282 -0.0071136203456138277 0.01810722510685429 -0.00055885567122502004 -0.011019954261630297 0.029953951513598927 0.025558752335826801 -0.012125371889278674 -0.02617412941131746 -0.033222535974979338 0.0033511362670763131 -0.013233073055013686 -0.095958923596484003 -0.0060384768072878113 0.018825938078830356 0.014509221756994232 -0.00097527744535335899 0.021852318765085869 -0.016109936958891766 0.024152260914053397 0.018279853520824726 0.013106188824862306 0.0056628347319085818 -0.020440401972136545 0.0063416447612180838 0.00050917581214805665 -0.010664003434365243 0.01948592024317207 -0.016913068092538716 0.036471389709087872 -0.067094241128355825 0.03697880254961395 -0.077726324006568565 -0.075695149084696406 -0.066878248250284114 0.10346775523951797 -0.083076523393392568 -0.032972861522314503 0.12579066907258138 0.007971672695692272 -0.035414281985011856 -0.002562204138681592 -0.0019310984887791064
leaf_weight=59476 6960 10944 81224 10204 16648 23884 29571 3479 720 17400 7653 96001 47575 11940 12061 5102 18071 18087 29729 6785 9599 8737 6031 8389 6020 12059 3658 743 3560 12059 8310 1086 3269 5112 53978 26139 13065 6031 6031 6030 4197 9783 11124 5112 63504 6029 18046 14449 2557 424 768 344 104 476 244 40 392 184 12044 1831 2469 10408
leaf_count=59476 6960 10944 81224 10204 16648 23884 29571 3479 720 17400 7653 96001 47575 11940 12061 5102 18071 18087 29729 6785 9599 8737 6031 8389 6020 12059 3658 743 3560 12059 8310 1086 3269 5112 53978 26139 13065 6031 6031 6030 4197 9783 11124 5112 63504 6029 18046 14449 2557 424 768 344 104 476 244 40 392 184 12044 1831 2469 10408
internal_value=-5.24732e-13 0.0068027 0.0129911 -0.00827124 -0.0100742 0.0159941 -0.00800582 -0.0236934 0.012766 -0.00580949 -0.00743513 -0.0114665 -0.00190324 0.0273925 0.0014256 -0.0131212 0.00207945 0.000586939 -0.0161122 -0.00780461 -0.0210622 0.00175867 0.00101998 0.00522465 0.000934155 0.0126838 -0.011368 -0.0306203 -0.00211263 -3.57593e-05 0.00740927 -0.06761 0.0136959 0.00179577 0.0106111 0.00565696 0.0162704 0.00138373 0.010286 0.00314238 -0.00297471 -0.00301594 -0.0134509 0.0191108 -0.000932255 0.00889993 0.013189 -0.00434902 -0.00122981 -0.0311702 -0.0115421 -0.00231242 -0.019227 -0.00525219 0.0499248 -0.0228361 0.0111965 0.088493 0.00175497 -0.0208391 -0.0206665 -0.0106399
internal_weight=877949 524068 243653 30154 353881 213499 294405 17399 12755 231644 196043 113401 82642 35824 280415 12062 268353 220173 62761 23433 39328 202102 193365 82556 52410 30146 18073 5487 110809 93654 34337 1829 177675 23205 96451 42473 16334 87625 18090 35601 12586 18093 17155 11132 69535 48180 30107 74989 50132 13920 2976 2552 1784 1440 348 1092 616 224 18073 2551 6029 24857
internal_count=877949 524068 243653 30154 353881 213499 294405 17399 12755 231644 196043 113401 82642 35824 280415 12062 268353 220173 62761 23433 39328 202102 193365 82556 52410 30146 18073 5487 110809 93654 34337 1829 177675 23205 96451 42473 16334 87625 18090 35601 12586 18093 17155 11132 69535 48180 30107 74989 50132 13920 2976 2552 1784 1440 348 1092 616 224 18073 2551 6029 24857
is_linear=0
shrinkage=0.05


Tree=35
num_leaves=63
num_cat=0
split_feature=3 3 0 6 3 0 8 0 14 1 0 0 5 0 0 0 0 8 0 0 6 13 0 6 6 0 0 3 0 3 3 0 0 22 2 3 5 6 0 0 0 6 14 5 22 14 19 18 12 3 3 0 3 2 18 5 3 5 8 6 6 3
split_gain=21837 8498.98 5356.79 3531.72 2232.33 1754.27 1614.58 1404.89 1351.66 2961.51 1299.99 1198.83 1140.81 1062.13 761.316 912.403 1460.26 755.637 795.927 1151.35 713.712 728.263 683.39 1833.13 652.981 627.862 664.096 621.746 595.42 585.022 1076.61 558.194 1169.48 1037.86 631.224 556.872 547.233 661.483 544.48 541.312 538.366 526.452 557.567 690.029 1203.93 962.388 997.479 669.826 524.629 540.272 552.321 534.135 524.263 890.636 517.874 511.858 498.228 765.06 562.11 497.507 493.991 487.189
threshold=-0.54680722951889027 0.13408648967742923 -1.149046719074249 0.23542753793299201 1.333412289619446 -0.37105621397495264 -0.18441987375263122 -1.2185100913047788 1.1298739910125735 -1.1897694468498228 -1.2185100913047788 1.1721898317337038 0.74835324287414562 -0.36063669621944422 1.6248599290847781 1.4488858580589297 1.3481638431549074 1.0000000180025095e-35 1.0610483288764956 1.0529443025588991 1.0000000180025095e-35 0.33955676853656774 -1.3655410408973692 0.23542753793299201 0.23542753793299201 -1.1085263490676878 -0.1128837652504444 -0.67935135960578907 -0.81562218070030201 -0.61042973399162281 -0.61470600962638844 -1.2474532127380369 -0.95802223682403553 1.0106258392333987 -0.81113922595977772 -0.65138506889343251 0.74835324287414562 1.0000000180025095e-35 -0.18582036346197126 -1.3655410408973692 1.59591680765152 1.0000000180025095e-35 0.37011602520942694 0.74835324287414562 0.90637847781181347 0.86346536874771129 -0.67850741744041432 -0.088861472904682146 1.1890970766544344 -0.68651545047759999 -0.70852947235107411 -0.44167736172676081 -0.69208568334579457 0.88939985632896434 0.85958698391914379 0.74835324287414562 -0.59950283169746388 0.74835324287414562 -0.53798767924308766 0.6487882286310197 -1.0046545863151548 1.9536987543106081
decision_type=2 2 2 2 2 2 2 2 2 2 2 2 2 2 2 2 2 2 2 2 2 2 2 2 2 2 2 2 2 2 2 2 2 2 2 2 2 2 2 2 2 2 2 2 2 2 2 2 2 2 2 2 2 2 2 2 2 2 2 2 2 2
left_child=5 6 3 7 17 8 12 41 9 20 61 -6 22 -7 15 16 31 55 19 25 -1 54 23 -2 36 -19 38 -26 56 30 52 33 34 39 -33 48 -10 -38 -27 -8 -20 -3 -43 45 -45 46 -44 -48 -30 50 -50 -52 -15 -54 -22 -4 57 58 -11 -12 -32 -5
right_child=1 2 4 10 11 13 14 -9 24 28 59 -13 -14 29 -16 -17 -18 18 40 -21 21 -23 -24 -25 27 26 -28 -29 35 -31 60 32 -34 -35 -36 -37 37 -39 -40 -41 -42 42 43 44 -46 -47 47 -49 49 -51 51 -53 53 -55 -56 -57 -58 -59 -60 -61 -62 -63
leaf_value=-0.035554305011182973 -0.034101693710533093 -0.034682250093826646 0.017524147953282672 0.026416673697993661 0.032490017869915351 -0.030687378349734819 -0.033333611039585924 0.0059111355737919277 -0.046100416544826175 0.0038974338891114534 0.015414928867311474 0.013086502151006336 -0.0028124171433639069 -0.012619413369197668 0.008675350819269281 -0.020005582981897536 0.020129904506204287 0.023366727429231082 0.018953613904765802 -0.025685463930454636 -0.068709169534215728 0.00061239961914232597 0.0072772623912035267 0.022250430078146925 -0.0046537696866576486 0.0029643333538052303 0.012237578681288525 0.010667099838285413 -0.010303105264179947 -0.007981972646166376 0.024703679261023067 0.014390929025740516 -0.0050245592591355442 0.006700186285353793 -0.001156674080456792 0.0039699373217413026 -0.054933886349201204 0.062148829090897618 -0.02030256499382041 -0.011443921335308825 0.00043598911017094606 -0.065886804461479195 0.093236883232233725 -0.04919179756257494 0.091470385175720564 -0.042730812590604295 0.084526391361247413 -0.078693740449168478 -0.0025188913602408394 -0.014310377753494787 -0.0038097637541120877 0.035872624398783179 -0.016804665390889012 -0.039450360465556306 0.069836297534406191 0.0098191370582303948 -0.007912424293026946 -0.040936687618297746 -0.022872784549188917 -0.033643568242794346 -0.044104906302707837 0.0011857614727356401
leaf_weight=13205 3399 10944 75104 7653 23884 12058 4971 3479 1240 3108 720 11940 47196 52326 13062 8311 6540 5521 24013 2767 670 2925 111117 2508 12692 27650 22099 13846 35494 23083 277 13056 124103 4839 13057 14574 200 304 2766 6540 4692 400 328 236 428 1276 88 220 5088 3773 1272 2544 23189 5342 75 30231 17906 3454 5313 1831 4471 2551
leaf_count=13205 3399 10944 75104 7653 23884 12058 4971 3479 1240 3108 720 11940 47196 52326 13062 8311 6540 5521 24013 2767 670 2925 111117 2508 12692 27650 22099 13846 35494 23083 277 13056 124103 4839 13057 14574 200 304 2766 6540 4692 400 328 236 428 1276 88 220 5088 3773 1272 2544 23189 5342 75 30231 17906 3454 5313 1831 4471 2551
internal_value=-2.39523e-11 0.00509302 0.0119608 -0.00785768 0.0145516 -0.0122093 9.92078e-05 -0.0225087 -0.00835142 -0.0108703 0.0121277 0.0260229 0.00374976 -0.0166082 -0.00298335 -0.00382278 -0.00304582 0.0124425 0.00906466 0.00582506 -0.0301334 -0.0106284 0.00639629 -0.0101757 0.00139216 0.0073274 0.00564115 0.00333978 -0.00735708 -0.0150463 -0.0169511 -0.00395579 -0.00300086 -0.0127292 0.00661683 -0.00459377 -0.0282443 0.0156874 0.000848465 -0.0208969 0.0159268 -0.0296117 -0.010965 -0.00243675 0.041476 -0.0176868 0.0325588 -0.0320594 -0.00718469 0.00154648 0.0082657 0.0226452 -0.0155923 -0.0210447 -0.0547616 0.0153128 -0.013179 -0.0211204 -0.0129925 -0.0197972 -0.0400906 0.0201089
internal_weight=877949 619520 260821 30154 230667 258429 358699 17399 137683 109401 12755 35824 164220 120746 194479 181417 173106 194843 89508 60803 16875 3670 117024 5907 28282 58036 52515 26538 92526 108688 85605 166566 150216 16350 26113 62745 1744 504 30416 11511 28705 13920 2976 2576 664 1912 636 308 48171 12677 8904 3816 80857 28531 745 105335 29781 11875 8421 2551 4748 10204
internal_count=877949 619520 260821 30154 230667 258429 358699 17399 137683 109401 12755 35824 164220 120746 194479 181417 173106 194843 89508 60803 16875 3670 117024 5907 28282 58036 52515 26538 92526 108688 85605 166566 150216 16350 26113 62745 1744 504 30416 11511 28705 13920 2976 2576 664 1912 636 308 48171 12677 8904 3816 80857 28531 745 105335 29781 11875 8421 2551 4748 10204
is_linear=0
shrinkage=0.05


Tree=36
num_leaves=63
num_cat=0
split_feature=3 3 0 6 3 3 3 4 2 0 0 0 6 0 4 9 2 6 0 0 3 0 4 2 3 3 3 5 6 13 18 19 10 3 22 5 8 4 0 13 0 3 3 4 3 6 8 6 3 2 3 0 1 2 3 3 2 0 19 9 22 18
split_gain=19718.8 7167.87 5084.09 3187.38 1829.11 1718.01 1586.98 1309.24 1278.61 1267.92 1173.24 833.253 1371.15 1023.63 760.197 734.435 726.324 1097.25 1717.53 1326.47 702.24 633.795 607.678 599.173 585.869 484.844 719.316 476.047 475.123 524.121 637.974 508.014 537.585 472.843 466.204 461.409 539.402 459.499 456.904 723.597 481.761 456.101 739.458 453.185 450.598 449 448.618 445.827 439.688 438.586 654.349 437.518 698.581 532.799 434.011 1308.9 525.938 432.421 428.564 676.948 732.418 611.658
threshold=-0.53287750482559193 0.15903349965810779 -1.149046719074249 0.23542753793299201 2.7999460697174077 -0.72815677523612965 -0.53020739555358876 -0.43159933388233179 -0.81113922595977772 -1.2185100913047788 -1.2185100913047788 -1.2474532127380369 1.0000000180025095e-35 -1.3655410408973692 -0.43159933388233179 -0.85614114999771107 -1.0000000180025095e-35 0.23542753793299201 -1.3365979194641111 -1.3365979194641111 3.4478085041046147 -1.2891312837600706 1.1567137837409975 0.6059766709804536 -0.53755223751068104 -0.57843363285064686 -0.61470600962638844 0.74835324287414562 1.0000000180025095e-35 0.33955676853656774 0.89120385050773632 -0.7719002068042754 -0.79733012616634358 -0.70595383644103993 0.56505450606346141 0.74835324287414562 -0.53798767924308766 1.445498049259186 -1.2474532127380369 0.43286409974098211 -1.3655410408973692 0.17546492815017703 0.1900519281625748 -0.43159933388233179 -0.54222697019577015 0.6487882286310197 -0.18441987375263122 -1.0046545863151548 1.9536987543106081 -0.24429284036159513 0.052134748548269279 1.1745052933692934 -1.0000000180025095e-35 1.1728230714797976 -0.69208568334579457 -0.67612668871879567 1.4562462568283083 -1.457001209259033 1.0000000180025095e-35 1.244215786457062 0.8857095241546632 -0.1837072819471359
decision_type=2 2 2 2 2 2 2 2 2 2 2 2 2 2 2 2 2 2 2 2 2 2 2 2 2 2 2 2 2 2 2 2 2 2 2 2 2 2 2 2 2 2 2 2 2 2 2 2 2 2 2 2 2 2 2 2 2 2 2 2 2 2
left_child=5 6 3 9 14 34 -2 38 25 28 48 12 13 -9 41 51 43 18 -18 57 -6 -14 49 -21 44 26 33 37 -3 30 -30 -31 -33 -7 -1 36 -35 -16 39 40 -8 -4 -43 -10 54 -12 -47 -28 -5 -17 -51 52 53 -13 56 -56 -20 -19 -34 60 61 -60
right_child=1 2 4 10 20 8 7 11 16 -11 45 15 21 -15 27 22 17 19 24 23 -22 -23 -24 -25 -26 -27 47 -29 29 31 -32 32 58 35 -36 -37 -38 -39 -40 -41 -42 42 -44 -45 -46 46 -48 -49 -50 50 -52 -53 -54 -55 55 -57 -58 -59 59 -61 -62 -63
leaf_value=-0.02231195969309413 0.026064465128282643 -0.032948138635627365 0.024090989276297489 0.025095839874874171 0.042286693666980811 -0.060973813187772945 -0.037343843962683768 -0.036428793432303576 -0.0077722239378339095 0.0056155789319086132 0.014644182141023017 0.0045039150155765607 0.011008327188717314 -0.0011142729967543229 0.018751552701694055 0.010771467903786606 -0.028119141571651931 0.030988839308478257 0.014427879298917673 -0.019237696560819861 0.02253349489340517 -0.020036805266482698 -1.3157747870621717e-05 -0.0042848674985703529 -0.028941348235604031 -0.0096718322706124803 0.023468495914981524 0.010289891829850724 -0.069114163326043074 0.035282823779316762 0.12127635851502419 -0.071261358331231511 -0.036931071861181407 0.00050035195704379405 -0.013382437279853618 -0.026758216734254259 -0.018156685415148501 0.007911532120369753 -0.0028963607938257288 0.0047102944091574582 -0.011771590400191576 -0.011805609759416122 0.0091315709597090174 0.0050094315132882756 0.009623266542890167 -0.0049608442157469141 -0.054647274904477239 -0.041899662207394633 0.0011264728011489674 0.0013519017956859407 0.014973041133603121 0.0070126303951620218 -0.011895665798286723 -0.012971822955224963 -0.024510514191456927 -0.0055433534903144219 -0.0065737809430201901 0.007218395697179302 0.10659678521401741 -0.10090609520673753 0.077732851702187744 -0.064978496242653241
leaf_weight=33609 6012 10944 4541 7653 6029 590 3114 5130 11106 3479 720 22678 8220 3420 73072 50163 13920 2551 3479 7899 17734 2055 37462 44120 3479 17108 277 33953 528 712 48 340 512 6192 25867 6661 10349 11286 118566 3708 4508 4523 62361 18465 3479 836 995 4471 2551 41564 11191 12358 16200 5400 13814 26631 20827 7653 68 100 448 220
leaf_count=33609 6012 10944 4541 7653 6029 590 3114 5130 11106 3479 720 22678 8220 3420 73072 50163 13920 2551 3479 7899 17734 2055 37462 44120 3479 17108 277 33953 528 712 48 340 512 6192 25867 6661 10349 11286 118566 3708 4508 4523 62361 18465 3479 836 995 4471 2551 41564 11191 12358 16200 5400 13814 26631 20827 7653 68 100 448 220
internal_value=5.4081e-12 0.00516197 0.0117536 -0.00746479 0.0144679 -0.0108777 0.000596041 0.000153172 -0.00886445 -0.0213833 0.0115213 0.00254009 -0.0075101 -0.022303 0.0128301 0.0035004 -0.00694435 -0.00837506 -0.0120468 -0.00332212 0.0275452 0.0047993 0.00543945 -0.00655543 -0.00892689 -0.0163274 -0.0203171 0.0152892 -0.0281311 -0.0104167 -0.0532483 -0.000137158 -0.0150773 -0.016771 -0.0184284 -0.015647 -0.0111726 0.0173013 -0.00381304 -0.0134059 -0.0222192 0.0087568 0.0077157 0.000209017 -0.00790637 -0.0188073 -0.0319614 -0.0380861 0.0191035 0.00742419 0.00424138 -0.00130581 -0.00362749 0.00114296 -0.00884822 -0.0120216 -0.00356774 0.013161 -0.000906297 0.0211567 0.0377413 -0.0244677
internal_weight=877949 595402 243653 30154 213499 282547 351749 345737 223071 17399 12755 215841 18825 8550 189736 197016 177423 147852 85629 62223 23763 10275 140380 52019 71709 45648 28540 118311 13920 2976 576 2400 1688 23792 59476 23202 16541 84358 129896 11330 7622 71425 66884 29571 68230 2551 1831 4748 10204 102918 52755 56636 44278 28078 64751 40445 24306 10204 1348 836 736 288
internal_count=877949 595402 243653 30154 213499 282547 351749 345737 223071 17399 12755 215841 18825 8550 189736 197016 177423 147852 85629 62223 23763 10275 140380 52019 71709 45648 28540 118311 13920 2976 576 2400 1688 23792 59476 23202 16541 84358 129896 11330 7622 71425 66884 29571 68230 2551 1831 4748 10204 102918 52755 56636 44278 28078 64751 40445 24306 10204 1348 836 736 288
is_linear=0
shrinkage=0.05


Tree=37
num_leaves=63
num_cat=0
split_feature=3 3 0 3 6 0 6 0 8 3 8 0 3 3 2 0 6 3 0 0 2 3 0 0 3 3 2 0 0 14 3 3 3 0 7 0 0 11 0 0 0 1 0 5 12 0 0 14 3 2 13 3 7 22 0 3 13 0 0 22 0 6
split_gain=17863.7 5151.89 3459.24 2229.83 1880.76 1723.87 1463.73 2955.76 1215.71 1186.83 1079.51 999.788 968.527 956.403 1008.95 900.13 849.338 1482.34 799.648 1051.48 1309.57 1531.18 775.984 763.428 633.772 603.794 723.95 572.058 537.363 763.837 626.936 565.224 1197.39 905.296 874.835 865.497 777.206 527.411 511.016 1302.51 616.446 1617.08 550.757 508.911 503.545 494.836 788.907 634.225 588.151 439.875 653.058 1028.43 563.588 430.786 530.065 427.412 424.783 424.006 620.518 400.384 1242.36 475.852
threshold=-0.43878702819347376 0.58063930273056041 -1.149046719074249 -0.57843363285064686 0.23542753793299201 -0.37105621397495264 0.23542753793299201 -1.0205392837524412 -1.0000000180025095e-35 2.7999460697174077 -0.18441987375263122 -1.1895670294761655 -0.44724099338054651 0.072571337223052992 -0.81113922595977772 1.7035850882530215 0.23542753793299201 -0.074210610240697847 -0.95107588171958912 0.20433260500431064 -0.24429284036159513 0.89552295207977306 -1.1224189996719358 -0.36063669621944422 3.4478085041046147 -0.69208568334579457 0.88939985632896434 -1.127049922943115 -1.1351540088653562 0.9818691909313203 -0.074210610240697847 0.13408648967742923 0.13338815420866015 1.0413669943809511 -0.85499599575996388 -0.92676365375518788 1.2567036747932436 0.61866869032382976 1.0263165831565859 0.99505805969238292 -0.29348869621753687 -1.0000000180025095e-35 -0.16613905131816861 0.74835324287414562 -0.68629828095436085 1.0413669943809511 0.19391308724880221 1.2926793098449709 0.18189372867345813 1.4562462568283083 -0.80812382698059071 1.333412289619446 0.53506958484649669 1.3001281619071963 0.69404986500740062 -0.078671745955944047 0.34888744354248052 1.5241379737854006 1.6248599290847781 1.2510103583335879 -1.2185100913047788 -1.0000000180025095e-35
decision_type=2 2 2 2 2 2 2 2 2 2 2 2 2 2 2 2 2 2 2 2 2 2 2 2 2 2 2 2 2 2 2 2 2 2 2 2 2 2 2 2 2 2 2 2 2 2 2 2 2 2 2 2 2 2 2 2 2 2 2 2 2 2
left_child=3 8 4 5 -3 6 7 -1 13 18 27 -8 -12 14 16 -16 17 55 22 56 -21 -22 -4 -7 -11 -25 44 -5 29 30 -10 32 35 -33 -34 -30 38 -9 39 40 -37 42 -42 -29 -27 46 48 -48 -15 50 -23 -52 -51 54 -43 -2 -20 -38 -59 60 61 -50
right_child=1 2 9 10 -6 23 11 37 28 24 12 -13 -14 45 15 -17 -18 -19 19 20 21 49 -24 25 -26 26 -28 43 31 -31 -32 33 34 -35 -36 36 57 -39 -40 -41 41 53 -44 -45 -46 -47 47 -49 59 52 51 -53 -54 -55 -56 -57 -58 58 -60 -61 -62 -63
leaf_value=-0.026469619986308993 0.0041114070394863379 -0.028825559367040367 0.008861794521845847 -0.010368040974167644 0.011138631532333612 -0.028203664354708342 0.010871160814149142 0.0017348736395307353 -0.0011879185440600854 0.040172358084844484 -0.0062165199594579152 -0.0052087197875031327 -0.034114613653286351 0.021217058263839905 -0.0029031932010665932 0.031516983129429854 0.013707971585296026 -0.027581123850389924 -0.0022913098243794536 0.023217067563814652 -0.0064581683609557395 0.0068256589109743681 0.030833375029556149 -0.011302872802541993 0.021406820172503158 -0.024429282976298178 -0.036613894120146054 0.0071009267926331367 0.010019586468362089 0.0076993196861269986 -0.022914479008523721 3.4278802051485149e-05 0.013466808230434666 0.015065183182789708 -0.055219561760853332 -0.011119540245217352 0.014727182780309701 -0.0090818148384258016 -0.011889686524878972 0.031084478918515693 0.032577120867744357 -0.023202630191432927 0.0076244636217851604 -0.0041890137660590783 -0.011944805553727521 0.015203017926761285 0.0016659984619571645 -0.026237541883323737 -0.031294944882392886 0.016217617186620167 0.017090960422933548 0.04869751455155067 -0.0061029516903808832 -0.026616876384108618 0.001284271294648929 0.028624971686054608 0.01131605669103606 -0.014310934187870251 0.0082477492470422065 0.023604339928182578 0.009742058781505962 0.0086506036669016344
leaf_weight=24354 31376 6960 6029 8283 5102 12058 12755 17764 5462 6029 64374 39926 3269 9597 60479 1961 27703 3770 14704 29201 11140 6088 12051 52326 17734 13238 5342 34628 16568 5439 8468 27640 636 15712 1710 19351 8301 30824 19369 2757 2766 3219 11029 14024 20716 27221 10524 2525 2930 7533 8268 3737 4528 3540 7051 1885 9403 4692 8702 3102 19076 1000
leaf_count=24354 31376 6960 6029 8283 5102 12058 12755 17764 5462 6029 64374 39926 3269 9597 60479 1961 27703 3770 14704 29201 11140 6088 12051 52326 17734 13238 5342 34628 16568 5439 8468 27640 636 15712 1710 19351 8301 30824 19369 2757 2766 3219 11029 14024 20716 27221 10524 2525 2930 7533 8268 3737 4528 3540 7051 1885 9403 4692 8702 3102 19076 1000
internal_value=4.47182e-12 0.00586078 0.0137444 -0.00867933 -0.0119215 -0.0116048 -0.00766629 -0.012253 0.00274338 0.0160133 -0.00329462 -0.0013155 -0.00756476 0.0053641 0.00271244 -0.00182219 0.00708636 0.00213272 0.0138719 0.0120305 0.0151131 0.00938234 0.0235067 -0.0163768 0.0261679 -0.0148203 -0.0195041 0.00177862 -0.000344555 -0.00819101 -0.0143954 0.000648486 -0.00126178 0.00548191 -0.0365987 -0.000489495 -0.00240754 -0.00512718 -0.00500021 -0.00231596 -0.00427705 0.000519504 0.0126277 0.00384659 -0.0168123 0.00980271 0.00678754 -0.00373338 0.0106326 0.0152344 0.020165 0.0269297 0.00783792 -0.0115755 -0.00639083 0.00550066 0.00301628 0.00584814 0.000345305 0.00674186 0.00446822 -0.0211307
internal_weight=877949 524068 148507 353881 12062 229303 125623 72942 375561 136445 124578 52681 67643 203149 127174 62440 64734 37031 112682 94602 70495 41294 18080 103680 23763 91622 39296 56935 172412 19369 13930 153043 109691 43352 2346 107345 90777 48588 69082 49713 46956 27605 13795 48652 33954 75975 48754 13049 35705 30154 18093 12005 12061 13810 10270 33261 24107 21695 13394 26108 23006 3930
internal_count=877949 524068 148507 353881 12062 229303 125623 72942 375561 136445 124578 52681 67643 203149 127174 62440 64734 37031 112682 94602 70495 41294 18080 103680 23763 91622 39296 56935 172412 19369 13930 153043 109691 43352 2346 107345 90777 48588 69082 49713 46956 27605 13795 48652 33954 75975 48754 13049 35705 30154 18093 12005 12061 13810 10270 33261 24107 21695 13394 26108 23006 3930
is_linear=0
shrinkage=0.05


Tree=38
num_leaves=63
num_cat=0
split_feature=3 3 0 6 3 3 3 2 4 0 0 14 0 6 0 9 2 6 1 0 4 22 3 4 3 19 15 18 18 6 6 3 3 3 3 5 18 0 0 22 0 4 4 0 0 0 3 3 0 13 2 3 0 0 0 2 3 0 0 1 2 22
split_gain=16138.2 5841.89 4127.17 2610.18 1493.68 1448.38 1443.9 1148.47 1136.91 1100.13 957.447 847.233 693.134 1178.12 878.506 651.168 620.75 922.472 1403.33 1073.13 604.003 579.342 548.874 502.645 492.709 449.585 561.695 478.073 467.629 469.437 447.727 445.685 604.435 441.373 640.491 435.982 418.431 407.455 1059.53 486.444 421.76 403.785 393.97 391.747 417.938 935.344 795.465 828.089 570.639 629.044 592.379 705.501 434.358 407.367 389.627 503.223 388.48 383.507 380.752 613.048 460.306 405.393
threshold=-0.53287750482559193 0.15903349965810779 -1.149046719074249 1.0000000180025095e-35 1.333412289619446 -0.72815677523612965 -0.53020739555358876 -0.81113922595977772 -0.43159933388233179 -1.2185100913047788 1.1721898317337038 0.9818691909313203 -1.2474532127380369 1.0000000180025095e-35 -1.3655410408973692 -0.85614114999771107 1.0000000180025095e-35 0.23542753793299201 -1.1897694468498228 -1.457001209259033 -0.57599145174026478 0.53442355990409862 -0.53755223751068104 1.1567137837409975 1.9536987543106081 -0.58511462807655323 -1.0164967775344846 0.30632539093494421 -0.041440978646278374 0.6487882286310197 -0.59129387140274037 -0.57843363285064686 -0.61470600962638844 0.17546492815017703 0.1900519281625748 0.74835324287414562 0.90700748562812816 0.28421554714441305 0.33631311357021337 1.3378776311874392 -1.1640971302986143 -0.43159933388233179 1.445498049259186 1.5415037870407107 0.45671640336513525 0.69404986500740062 -0.18533226102590558 -0.25424566864967341 -1.2474532127380369 0.43286409974098211 1.1728230714797976 -0.1616052761673927 -1.0000000180025095e-35 -1.3655410408973692 -1.3365979194641111 0.6059766709804536 -0.54222697019577015 -1.3655410408973692 1.1745052933692934 -1.0000000180025095e-35 1.1728230714797976 1.2318741679191592
decision_type=2 2 2 2 2 2 2 2 2 2 2 2 2 2 2 2 2 2 2 2 2 2 2 2 2 2 2 2 2 2 2 2 2 2 2 2 2 2 2 2 2 2 2 2 2 2 2 2 2 2 2 2 2 2 2 2 2 2 2 2 2 2
left_child=5 6 3 9 20 37 -2 30 43 -3 -6 25 13 14 -10 58 41 18 -18 -19 33 57 56 -17 -13 26 27 -5 29 -27 -7 32 -32 -4 -35 42 -28 39 -39 40 -1 -9 -22 44 48 -46 47 -47 49 53 51 -50 -53 -8 -21 -56 -20 -15 59 60 -14 -61
right_child=1 2 4 11 10 7 8 16 12 -11 -12 24 15 21 -16 23 17 19 22 54 35 -23 -24 -25 -26 28 36 -29 -30 -31 31 -33 -34 34 -36 -37 -38 38 -40 -41 -42 -43 -44 -45 45 46 -48 -49 50 -51 -52 52 -54 -55 55 -57 -58 -59 -60 61 -62 -63
leaf_value=-0.037156344472887265 0.024841092304298342 -0.029927727663535516 0.02303836987810071 -0.0031273666294875675 0.0281595025731416 -0.0068193612517163538 -0.034568040897470391 -0.0070929959333500981 -0.033615001826955558 0.0055252824819965376 0.01081911417243891 0.020461241563387165 0.0041269570819312809 -0.071093093410013172 -0.00089949772646258158 0.0068564354880050462 -0.025389704632776223 0.028895839983367394 -0.0079282723417297279 0.006313917847399886 0.016477351947269712 0.013822219810575546 -0.027413770750724337 9.2299175811664331e-05 -0.0038757052493591151 0.0058367004306938766 0.014583824225006925 -0.10665356759272981 -0.060041721973424458 -0.036223382488993337 -0.018097450017577271 -0.010430074819046578 -0.038863325803912462 -0.013301758871340838 0.0074191516650431366 0.008469522852468294 0.091468410550211196 0.0071231244238956527 -0.019093317894010739 -0.0057501365866674059 -0.019685923757349604 0.0049719297198385741 0.0061553544040148329 0.0046943915089967744 -0.025406710166797769 -0.0081717292481560313 -0.010549769966045452 0.016840452679120953 -0.0010989094693417648 0.0044483713163342665 -0.010552196219391394 0.025154366935303887 0.0051154429559083746 -0.011052985685995019 -0.017391846220387537 -0.0036884797853698036 0.0092228050334088631 -0.0065795989077597431 0.0064600241819228873 -0.0080159845530282919 -0.012116452548046693 -0.030789866367804876
leaf_weight=3863 6012 10944 4038 368 23884 12099 3114 11106 5130 2735 11940 8456 22678 246 3420 102918 13920 2551 64751 7653 73708 6405 3479 37462 2758 1566 1186 160 622 1151 16898 12230 4421 4021 51420 33918 208 5795 11506 5635 32677 18465 10570 12912 6770 6455 24579 6790 38477 3708 11313 4505 6765 4508 7899 44120 3479 3624 12358 13927 5400 2273
leaf_count=3863 6012 10944 4038 368 23884 12099 3114 11106 5130 2735 11940 8456 22678 246 3420 102918 13920 2551 64751 7653 73708 6405 3479 37462 2758 1566 1186 160 622 1151 16898 12230 4421 4021 51420 33918 208 5795 11506 5635 32677 18465 10570 12912 6770 6455 24579 6790 38477 3708 11313 4505 6765 4508 7899 44120 3479 3624 12358 13927 5400 2273
internal_value=-2.48322e-11 0.00466985 0.0106206 -0.00669492 0.0130662 -0.00984062 0.000547824 -0.00799214 0.000125389 -0.0228392 0.02238 0.00670948 0.00234968 -0.00681664 -0.0205288 0.00322552 -0.00617238 -0.00749503 -0.0108617 -0.00286197 0.0111883 0.00459347 -0.00804153 0.00505135 0.0144758 -0.00984459 0.00942061 -0.0344989 -0.020934 -0.0119812 -0.0150651 -0.0180388 -0.0224037 0.00707872 0.00591631 0.0132563 0.0260558 -0.0167735 -0.0103121 -0.0194242 -0.0215329 0.000440698 0.0151828 -0.00357058 -0.00448282 -0.00829053 -0.00522696 0.00465067 -0.00213718 -0.0124428 -0.000224916 0.00212362 0.0131257 -0.0206602 -0.00421963 -0.00576931 -0.00705375 -0.0106805 -0.00130003 -0.00346587 0.001003 -0.0112114
internal_weight=877949 595402 243653 30154 213499 282547 351749 223071 345737 13679 35824 16475 215841 18825 8550 197016 177423 147852 85629 62223 177675 10275 71709 140380 11214 5261 1922 528 3339 2717 45648 33549 21319 59479 55441 118196 1394 59476 17301 42175 36540 29571 84278 129896 116984 44594 37824 13245 72390 11330 61060 49747 11270 7622 59672 52019 68230 3870 56636 44278 28078 16200
internal_count=877949 595402 243653 30154 213499 282547 351749 223071 345737 13679 35824 16475 215841 18825 8550 197016 177423 147852 85629 62223 177675 10275 71709 140380 11214 5261 1922 528 3339 2717 45648 33549 21319 59479 55441 118196 1394 59476 17301 42175 36540 29571 84278 129896 116984 44594 37824 13245 72390 11330 61060 49747 11270 7622 59672 52019 68230 3870 56636 44278 28078 16200
is_linear=0
shrinkage=0.05


Tree=39
num_leaves=63
num_cat=0
split_feature=3 3 1 6 3 2 3 4 2 6 0 0 8 5 0 0 0 5 1 0 2 0 0 3 0 3 3 0 6 22 0 4 2 0 0 22 6 19 10 19 9 22 15 14 5 15 9 22 22 10 0 0 18 0 0 0 0 3 3 4 0 3
split_gain=14632.7 4239.58 2835.56 2788.48 1866.76 1554.89 1195.6 975.841 969.654 1173.21 2246.34 1408.84 811.283 951.919 688.761 652.2 986.231 621.177 588.921 968.211 593.352 669.789 1315.37 563.614 563.216 494.394 1540.94 493.39 1675.71 492.448 480.303 473.044 457.149 703.681 448.414 1902.26 444.614 670.242 563.754 644.26 863.153 962.669 544.059 652.333 645.725 467.422 640.897 485.614 450.415 484.103 439.512 431.085 425.61 417.8 609.778 593.175 557.558 490.804 591.644 416.779 413.911 412.21
threshold=-0.43878702819347376 0.35635852813720709 -0.99470815062522877 0.23542753793299201 -0.72815677523612965 -0.81113922595977772 2.7999460697174077 -0.43159933388233179 -0.24429284036159513 0.23542753793299201 -1.3365979194641111 -1.457001209259033 1.0000000180025095e-35 0.74835324287414562 1.6943233013153078 -0.97423034906387318 -0.20087077468633649 0.74835324287414562 -1.0000000180025095e-35 0.44977006316185003 -0.24429284036159513 1.0529443025588991 1.0587329268455508 -0.49729524552822107 0.3965147733688355 -0.52379089593887318 -0.53287750482559193 -1.3655410408973692 0.23542753793299201 0.44107373058795935 -0.5065099149942397 1.445498049259186 1.1728230714797976 0.92791008949279796 1.2150256037712099 -0.56257647275924672 1.0000000180025095e-35 -0.67850741744041432 -0.79733012616634358 1.0000000180025095e-35 1.244215786457062 0.53442355990409862 -1.0164967775344846 1.1890759468078616 -1.2493928074836729 -0.22701143473386762 0.86191278696060192 0.91351509094238292 0.98886618018150341 -0.79733012616634358 1.6943233013153078 1.5716046094894411 1.0018532872200014 1.2763850092887881 1.4488858580589297 1.5415037870407107 1.1745052933692934 -0.37020635604858393 -0.35084192454814905 -1.0091677606105802 1.5241379737854006 1.0941625237464907
decision_type=2 2 2 2 2 2 2 2 2 2 2 2 2 2 2 2 2 2 2 2 2 2 2 2 2 2 2 2 2 2 2 2 2 2 2 2 2 2 2 2 2 2 2 2 2 2 2 2 2 2 2 2 2 2 2 2 2 2 2 2 2 2
left_child=4 7 3 -3 -1 12 15 53 23 10 36 -11 13 -6 -14 -4 29 27 -18 -20 51 -22 -23 -7 -8 26 -13 28 -9 61 -28 32 -29 -34 35 -24 -10 42 -39 52 41 -41 48 44 -44 47 -47 -43 -38 -50 -15 -21 -40 56 -55 59 57 -2 -59 60 -56 -17
right_child=1 2 6 -5 5 8 24 17 9 11 -12 25 14 50 -16 16 18 -19 19 20 21 22 34 -25 -26 -27 30 31 -30 -31 -32 -33 33 -35 -36 -37 37 38 39 40 -42 45 43 -45 -46 46 -48 -49 49 -51 -52 -53 -54 54 55 -57 -58 58 -60 -61 -62 -63
leaf_value=-0.015934863905340949 0.010800020255540015 -0.024359998834066067 0.019108398076865322 0.015372255305063212 -0.0026200268753685946 0.0004186627543679515 0.031251274766886279 -0.02587884270450444 -0.029709677093428151 0.02427104992144858 -0.0060162480824034019 -0.0040086444668947707 -0.023758876992808427 -0.027143469539246953 -0.0057846904824920787 -0.0052755795638665453 0.022967357193902929 -0.00028554347147197607 -0.008176371546105789 0.015698500613007784 0.025396681542609385 -0.014098792093417559 -0.0069383075253727335 0.017191262924804308 0.015854319306530699 -0.013105902752071638 0.0020952953065719281 0.0086596339065678745 0.020259731391091686 0.012026737230977604 0.02866604304049666 -0.00094915934195025347 -0.012140486716041102 0.01061780802095063 0.0087270619812799613 0.049407409079892654 -0.058549663629382853 -0.070495792963288048 -0.062782100408505168 -0.06599800136354235 -0.091554697043186917 0.012878031936185114 -0.061380217132114237 -0.099931852340698249 0.071588058544056754 0.048679030527502803 -0.097791999340057389 0.12560995087027549 -0.08354864305920072 0.11730443093511794 -0.0025164476948739325 0.032145850361559723 0.17178144872188569 0.014603824313900541 -0.055442560996564333 0.0040605334232667869 -0.020102509785694635 -0.015266827448040619 -0.0017871296964714505 -0.00032227160851280059 -0.011463454214325089 0.012651538750958766
leaf_weight=59476 6794 10440 24109 7653 24111 29571 12058 4635 13680 5102 96001 59672 21805 7391 7054 17168 12053 59898 6017 18066 6029 6031 2772 6030 11705 10211 2550 108218 3420 9026 5107 18791 6981 6615 34344 3259 320 550 585 225 185 145 105 75 700 295 100 280 45 90 2400 5111 20 9064 1070 10980 4532 9044 81466 1706 1070 3943
leaf_count=59476 6794 10440 24109 7653 24111 29571 12058 4635 13680 5102 96001 59672 21805 7391 7054 17168 12053 59898 6017 18066 6029 6031 2772 6030 11705 10211 2550 108218 3420 9026 5107 18791 6981 6615 34344 3259 320 550 585 225 185 145 105 75 700 295 100 280 45 90 2400 5111 20 9064 1070 10980 4532 9044 81466 1706 1070 3943
internal_value=9.57192e-13 0.00530436 0.0112729 -0.007554 -0.00785531 -0.00622307 0.0132569 0.00191584 -0.00433167 -0.00571023 -0.00901221 -0.00117927 -0.013204 -0.00795907 -0.0193654 0.0115846 0.0101196 0.00401333 0.0126506 0.0111272 0.0126634 0.0097186 0.00768173 0.00325956 0.0236672 -0.00285385 -0.00129904 0.00574544 -0.00628928 0.00225196 0.0198172 0.00643488 0.00757394 -0.00106766 0.0109352 0.0235095 -0.0255418 -0.0102148 -0.0260933 -0.0127847 0.00799353 0.0256169 0.0181525 0.0411044 0.0542444 0.0507551 0.0115978 0.0871485 -0.0262378 0.0503534 -0.0211068 0.0193255 -0.0550279 -0.00156354 0.00438738 -0.00185853 -0.00295959 -0.00216115 -0.00313406 -0.018757 -0.033453 -0.00192725
internal_weight=877949 524068 189784 18093 353881 294405 171691 334284 231644 196043 113401 82642 62761 33902 28859 147928 123819 208558 93682 81629 75612 52435 46406 35601 23763 77540 67329 148660 8055 30137 7657 140605 121814 13596 40375 6031 17400 3720 2385 1835 1230 1045 1335 880 805 820 395 425 455 135 9791 23177 605 125726 23890 14826 101836 97304 90510 3846 2140 21111
internal_count=877949 524068 189784 18093 353881 294405 171691 334284 231644 196043 113401 82642 62761 33902 28859 147928 123819 208558 93682 81629 75612 52435 46406 35601 23763 77540 67329 148660 8055 30137 7657 140605 121814 13596 40375 6031 17400 3720 2385 1835 1230 1045 1335 880 805 820 395 425 455 135 9791 23177 605 125726 23890 14826 101836 97304 90510 3846 2140 21111
is_linear=0
shrinkage=0.05


Tree=40
num_leaves=63
num_cat=0
split_feature=3 3 0 6 3 3 3 0 2 0 4 0 18 2 3 3 3 3 0 0 0 0 0 8 0 0 2 6 1 0 3 3 0 2 4 0 3 9 4 8 5 3 3 0 8 8 13 5 0 13 3 3 6 0 3 3 2 4 1 0 0 0
split_gain=13211.8 4822.27 3253.7 2177.57 1332.83 1285.29 1171.19 1014.69 939.714 923.733 875.68 795.712 737.664 700.601 845.031 987.629 671.935 589.352 577.514 868.504 670.86 1038.76 670.589 687.368 591.899 521.388 509.839 764.515 1120.9 927.723 508.45 495.359 460.682 454.158 453.718 424.556 421.79 405.308 405.155 402.884 567.08 393.745 383.234 845.692 660.316 393.635 430.685 387.739 452.172 379.428 533.443 813.623 370.995 367.65 374.641 407.588 395.895 364.416 358.606 483.864 568.552 557.488
threshold=-0.53287750482559193 0.13408648967742923 -1.149046719074249 -1.0000000180025095e-35 1.333412289619446 -0.53020739555358876 -0.72815677523612965 1.7035850882530215 -0.81113922595977772 -1.2185100913047788 -0.57599145174026478 1.1721898317337038 -0.59470257163047779 -0.24429284036159513 -0.074210610240697847 -0.078671745955944047 1.9536987543106081 -0.49729524552822107 -1.1085263490676878 -1.1224189996719358 1.0610483288764956 1.0529443025588991 1.0413669943809511 0.53518827259540569 1.59591680765152 1.5716046094894411 1.0000000180025095e-35 0.23542753793299201 -1.1897694468498228 -1.3365979194641111 0.052134748548269279 -0.53755223751068104 1.7070583105087282 0.6059766709804536 1.3011059165000918 1.4488858580589297 -0.70595383644103993 -0.85614114999771107 -0.57599145174026478 -0.53798767924308766 0.74835324287414562 -0.77242308855056752 -0.74338054656982411 0.28421554714441305 -0.53798767924308766 -0.53798767924308766 0.28357230126857763 0.74835324287414562 0.33631311357021337 -0.86410823464393605 -0.67612668871879567 -0.68651545047759999 0.23542753793299201 -0.1128837652504444 0.35635852813720709 0.69440227746963512 0.6059766709804536 -0.43159933388233179 1.1509661078453066 1.5241379737854006 1.5507655739784243 1.3481638431549074
decision_type=2 2 2 2 2 2 2 2 2 2 2 2 2 2 2 2 2 2 2 2 2 2 2 2 2 2 2 2 2 2 2 2 2 2 2 2 2 2 2 2 2 2 2 2 2 2 2 2 2 2 2 2 2 2 2 2 2 2 2 2 2 2
left_child=6 5 3 9 18 -2 41 10 36 -3 -7 -6 -5 14 15 17 -14 -12 19 -4 21 22 23 37 25 -22 57 28 -28 -29 58 49 -9 -31 -32 -36 -8 -20 -23 40 -38 -1 43 45 47 46 -43 48 -44 -30 51 -51 -19 54 -25 56 -56 -10 -15 61 -61 -60
right_child=1 2 4 12 11 7 8 32 26 -11 13 -13 16 30 -16 -17 -18 52 20 -21 24 38 -24 53 -26 -27 27 29 31 33 34 -33 -34 -35 35 -37 39 -39 -40 -41 -42 42 44 -45 -46 -47 -48 -49 -50 50 -52 -53 -54 -55 55 -57 -58 -59 59 60 -62 -63
leaf_value=-0.027250952969621812 0.023162303549026861 -0.027365165486065837 0.0068978641251851913 -0.014479476974766637 0.025473497397352246 -0.004472684647158302 -0.055641264352252931 0.028407630545517495 -0.0067592792673910346 0.0051213907401908114 -0.014162685533684785 0.0096654147697674362 0.017977340507835098 -0.005871355993012797 -0.0084112948539251699 0.029921519262641978 -0.0085063316899601105 0.0025860616907131644 0.0039790146311583152 0.033743543785937233 0.013725024402297146 -0.031689385606562974 0.02412684750872196 -0.011953336788507539 0.0022133175198603442 0.030538557508621073 -0.022843129959214351 0.011208364330104992 -0.0015778545708206764 -0.016321821503747381 0.010760973907025026 -0.025742270063217679 0.0076505278603968708 -0.0033036236447522081 -0.0010183665101673224 -0.04721239908156058 -0.0011194064141198921 0.012540903625299488 -0.0042141960215481252 -0.01674095709284593 -0.021368002107679335 -0.034342138772916198 0.0075396629416358317 0.0075637115164626971 -0.023354068379112788 -0.008670429898062151 -0.0086622691620284725 -0.022709901364577942 -0.016948365907171824 -0.0081626589839891503 -0.0025523710624395998 -0.027892611543384512 0.0093169120900168812 0.0078205772849994325 0.012315231809117887 -0.0078583022988906407 -0.011062424887874163 0.0047024001396539401 -0.0005688223024494616 -0.025526560416045646 -0.00048317512446906415 0.015017594100423373
leaf_weight=6029 6012 10944 6029 3439 23884 105134 590 3625 11106 2735 4009 11940 9874 52151 12045 4016 3162 47913 19381 6022 47120 2015 6029 6780 10221 5111 13920 10204 25528 7899 12546 3479 10179 44120 2257 638 11972 48195 4016 28224 4862 4023 4832 5795 18506 11284 2748 3168 3091 17897 17425 7380 35746 15819 9051 6790 2264 18465 20078 3399 6801 8032
leaf_count=6029 6012 10944 6029 3439 23884 105134 590 3625 11106 2735 4009 11940 9874 52151 12045 4016 3162 47913 19381 6022 47120 2015 6029 6780 10221 5111 13920 10204 25528 7899 12546 3479 10179 44120 2257 638 11972 48195 4016 28224 4862 4023 4832 5795 18506 11284 2748 3168 3091 17897 17425 7380 35746 15819 9051 6790 2264 18465 20078 3399 6801 8032
internal_value=-1.88322e-11 0.00422529 0.00932177 -0.00612393 0.0113409 0.000252356 -0.00890381 -0.000166839 -0.0072416 -0.0208698 -0.000748719 0.0202047 0.00611935 0.00111892 0.00403957 0.00567531 0.0115535 0.00456461 0.0097112 0.0203129 0.00901226 0.00683015 0.00789718 0.00699352 0.013217 0.0153703 -0.00559552 -0.00679419 -0.00985908 -0.00257641 -0.0017418 -0.00733864 0.0131014 -0.00528042 0.00664382 -0.0111986 -0.0136395 0.0100853 -0.0133939 -0.0130896 -0.00696761 -0.0151381 -0.0137718 -0.00905525 -0.0175724 -0.0143893 -0.02392 -0.00792541 -0.00201385 -0.00640025 -0.00928316 -0.0139231 0.00546203 0.00186056 -0.00192814 0.00182612 0.00763763 0.00039773 -0.00317316 0.00049986 -0.00882851 0.00388476
internal_weight=877949 595402 260821 30154 230667 334581 282547 328569 223071 13679 314765 35824 16475 209631 103729 91684 13036 87668 194843 12051 182792 120340 114309 108280 62452 52231 177423 147852 85629 62223 105902 71709 13804 52019 15441 2895 45648 67576 6031 45058 16834 59476 53447 23850 29597 18055 6771 11091 7923 68230 42702 25277 83659 40704 24885 18105 11315 29571 90461 38310 10200 28110
internal_count=877949 595402 260821 30154 230667 334581 282547 328569 223071 13679 314765 35824 16475 209631 103729 91684 13036 87668 194843 12051 182792 120340 114309 108280 62452 52231 177423 147852 85629 62223 105902 71709 13804 52019 15441 2895 45648 67576 6031 45058 16834 59476 53447 23850 29597 18055 6771 11091 7923 68230 42702 25277 83659 40704 24885 18105 11315 29571 90461 38310 10200 28110
is_linear=0
shrinkage=0.05


Tree=41
num_leaves=63
num_cat=0
split_feature=3 3 0 3 0 6 6 0 8 8 3 2 0 0 0 3 0 5 0 3 2 0 6 0 3 2 0 6 2 0 12 22 5 0 14 3 0 3 3 7 0 0 0 0 3 2 1 6 0 3 0 0 0 7 8 2 4 0 3 0 0 0
split_gain=11935.1 3515.91 2360.01 1579.5 1341.82 1286.36 1016.09 2166.61 903.106 900.767 852.038 796.706 1141.53 1111.26 1492.99 758.247 740.667 733.943 673.416 585.093 638.062 578.974 560.996 976.686 518.893 675.84 455.048 454.773 443.635 425.228 423.043 410.266 406.505 392.408 547.234 484.499 454.501 493.147 895.567 720.297 699.144 493.366 595.017 1031.02 674.824 646.019 739.66 801.639 642.831 569.579 384.14 502.572 377.526 370.533 367.866 366.327 365.652 351.118 347.103 529.154 343.661 596.959
threshold=-0.43878702819347376 0.58063930273056041 -1.149046719074249 -0.57843363285064686 -0.37105621397495264 0.23542753793299201 0.23542753793299201 -1.0205392837524412 -0.18441987375263122 -1.0000000180025095e-35 -0.44724099338054651 -0.24429284036159513 1.0587329268455508 0.20433260500431064 -0.68595710396766651 1.0011113286018374 -1.1895670294761655 0.74835324287414562 0.3965147733688355 0.052134748548269279 -0.81113922595977772 -0.36063669621944422 0.23542753793299201 -1.3655410408973692 -0.69208568334579457 0.88939985632896434 -1.127049922943115 -1.0046545863151548 0.6059766709804536 1.7035850882530215 -0.68629828095436085 0.56505450606346141 0.74835324287414562 -1.1351540088653562 0.9818691909313203 -0.074210610240697847 -1.1085263490676878 0.13408648967742923 0.13338815420866015 -0.85499599575996388 1.0413669943809511 1.2567036747932436 1.0263165831565859 0.99505805969238292 -0.23112254589796064 1.1728230714797976 -1.0000000180025095e-35 1.0621489584445956 0.82371494174003612 -0.078671745955944047 1.5241379737854006 1.6248599290847781 1.5716046094894411 0.53506958484649669 1.0000000180025095e-35 1.4562462568283083 -0.57599145174026478 -1.5449882149696348 -0.6953391134738921 -0.47525136172771448 0.45671640336513525 -0.16613905131816861
decision_type=2 2 2 2 2 2 2 2 2 2 2 2 2 2 2 2 2 2 2 2 2 2 2 2 2 2 2 2 2 2 2 2 2 2 2 2 2 2 2 2 2 2 2 2 2 2 2 2 2 2 2 2 2 2 2 2 2 2 2 2 2 2
left_child=3 9 5 4 6 -3 7 57 26 17 -10 13 56 14 15 -4 -8 19 54 20 22 -6 23 -2 -23 30 -5 -9 -21 -22 -26 -16 -28 34 35 -11 -35 38 41 -40 -39 42 43 44 60 46 49 -48 -49 -46 -43 -52 -20 -14 -15 -55 -13 -1 -18 -60 61 -38
right_child=1 2 11 8 21 -7 16 27 10 33 -12 12 53 18 31 -17 58 -19 52 28 29 24 -24 -25 25 -27 32 -29 -30 -31 -32 -33 -34 36 -36 -37 37 40 39 -41 -42 50 -44 -45 45 -47 47 48 -50 -51 51 -53 -54 55 -56 -57 -58 -59 59 -61 -62 -63
leaf_value=-0.036778613687922776 -0.025507689799899536 -0.023876097243621774 0.026654474262317235 -0.0087555921946220402 -0.024066146911473973 0.0091750134110194469 0.0096987457012832831 0.0025695944143104867 -0.0052035354562762863 -0.00078888060044223082 -0.031370185667666438 -0.030104915721910472 0.014789388885883815 0.034911537439522328 -0.005549927280574421 0.0089204657985141236 -0.010052813910679926 -0.00026447582916231413 0.0143022393644374 0.0070122210189929469 -0.0015362325500530433 -0.0091504224358968447 0.014243049152722148 0.0063537568972854425 -0.021134022367832107 -0.033284728261585281 0.0068307549790098581 -0.0074746448621238097 0.016230108764053699 0.02656655059110416 -0.0096909203191447423 0.011889931978088339 -0.0032595392016173414 0.011788052606846821 0.006301939005292247 -0.019888542284777738 -0.0096710006854199403 -0.00057052591390111538 0.01274082873246498 -0.049584284562028812 0.012638572559637538 0.013683060172111223 -0.010887904863656556 0.029074553976164465 0.0059236955123660286 -0.0076036366148273917 0.00032695297017727704 -0.089144065184983426 -0.0090473820752365024 0.025597826351265302 -0.01319601895524701 0.0071058361068485655 0.029011629654793938 0.010201440135119312 0.02059912468939834 -0.0073310932693545737 -0.0040034861952665821 -0.019623678874622241 -0.0053845443564032652 0.01045865963783052 -0.019834940935774151 0.015775945657525488
leaf_weight=3480 2678 6960 12051 8283 12058 5102 12755 17764 64374 5462 3269 2015 22024 9789 13592 12059 15310 58328 29771 36023 40784 52326 19856 23618 13238 5342 34628 30824 20470 1392 20716 4485 14024 8295 5439 8468 13819 27640 636 1710 15712 8301 19369 2757 11013 11061 4529 501 501 5524 4692 8702 5111 8711 8293 4528 4016 20874 16972 7644 5515 2766
leaf_count=3480 2678 6960 12051 8283 12058 5102 12755 17764 64374 5462 3269 2015 22024 9789 13592 12059 15310 58328 29771 36023 40784 52326 19856 23618 13238 5342 34628 30824 20470 1392 20716 4485 14024 8295 5439 8468 13819 27640 636 1710 15712 8301 19369 2757 11013 11061 4529 501 501 5524 4692 8702 5111 8711 8293 4528 4016 20874 16972 7644 5515 2766
internal_value=-9.64286e-12 0.00479052 0.0113032 -0.00709436 -0.00955652 -0.0098961 -0.00608175 -0.0099033 -0.00256241 0.00221522 -0.0064681 0.0131773 0.00737763 0.0156943 0.00963986 0.0177845 -0.000790448 0.00447108 0.0205167 0.00637837 0.00383673 -0.0137667 0.00789919 0.00310897 -0.0124112 -0.0167533 0.00207783 -0.00380242 0.0103523 -0.000608713 -0.0141524 -0.00122301 0.00392222 -0.00044281 -0.00714796 -0.0123995 0.000405788 -0.00024649 -0.00215479 -0.032688 0.00421683 -0.00143161 -0.00330041 -0.000765967 -0.00225559 0.00225854 0.00720169 -0.0086265 -0.0490957 0.0124956 0.00523173 -6.02771e-06 0.0164575 0.0108156 0.0283474 0.00420497 -0.0127242 -0.022075 -0.00414139 -0.000464758 -0.00902249 -0.00542703
internal_weight=877949 524068 148507 353881 229303 12062 125623 72942 124578 375561 67643 136445 41294 95151 42187 24110 52681 203149 52964 144821 88328 103680 46152 26296 91622 39296 56935 48588 56493 42176 33954 18077 48652 172412 19369 13930 153043 144748 101396 2346 43352 99050 77355 57986 55229 33129 22068 5531 1002 16537 21695 13394 34882 35263 18082 13239 6031 24354 39926 24616 22100 16585
internal_count=877949 524068 148507 353881 229303 12062 125623 72942 124578 375561 67643 136445 41294 95151 42187 24110 52681 203149 52964 144821 88328 103680 46152 26296 91622 39296 56935 48588 56493 42176 33954 18077 48652 172412 19369 13930 153043 144748 101396 2346 43352 99050 77355 57986 55229 33129 22068 5531 1002 16537 21695 13394 34882 35263 18082 13239 6031 24354 39926 24616 22100 16585
is_linear=0
shrinkage=0.05


Tree=42
num_leaves=63
num_cat=0
split_feature=3 3 0 6 3 3 3 2 0 0 4 0 18 2 3 3 8 3 0 1 6 0 3 11 2 3 6 1 0 3 3 0 0 0 3 3 22 3 6 5 8 6 0 6 3 22 22 3 14 3 0 0 0 0 0 3 5 3 2 3 3 0
split_gain=10812.5 3960.45 2829.42 1860.04 1144.29 987.302 964.783 838.471 836.95 804.413 774.883 667.754 645.84 615.759 601.083 535.247 575.339 528.492 464.486 1164.28 540.728 1122.89 706.179 457.857 442.844 662.582 629.502 1041.19 760.032 464.066 415.624 630.119 396.522 394.779 388.393 381.709 366.789 694.363 434.018 359.677 556.095 413.17 478.691 350.447 341.855 341.386 338.537 337.87 337.414 335.014 400.592 343.706 438.605 474.936 463.251 381.65 331.636 330.734 830.064 416.042 457.521 341.241
threshold=-0.53287750482559193 0.15903349965810779 -1.149046719074249 -1.0000000180025095e-35 -0.53020739555358876 1.333412289619446 -0.72815677523612965 -0.81113922595977772 1.7035850882530215 -1.2185100913047788 -0.43159933388233179 1.1721898317337038 -0.59470257163047779 -0.24429284036159513 1.9536987543106081 0.17546492815017703 -0.18441987375263122 0.1900519281625748 0.99505805969238292 -1.0000000180025095e-35 0.23542753793299201 -1.3655410408973692 -0.19826379418373105 1.0000000180025095e-35 -1.0000000180025095e-35 -0.53755223751068104 0.23542753793299201 -1.1897694468498228 -1.457001209259033 -0.65362796187400807 -0.35707354545593256 -0.70216521620750416 1.7070583105087282 -1.0205392837524412 -0.62229734659194935 -0.69208568334579457 0.77527105808258068 0.10062799602746965 1.0621489584445956 0.74835324287414562 -0.53798767924308766 0.6487882286310197 1.5032989382743838 1.0000000180025095e-35 -0.18941957503557202 0.56505450606346141 0.45701609551906591 -0.18013582378625867 0.37011602520942694 0.052134748548269279 0.19391308724880221 0.92791008949279796 1.5241379737854006 1.6248599290847781 1.3481638431549074 -0.52379089593887318 0.74835324287414562 -0.41558174788951868 -0.81113922595977772 -0.37020635604858393 -0.35084192454814905 1.0263165831565859
decision_type=2 2 2 2 2 2 2 2 2 2 2 2 2 2 2 2 2 2 2 2 2 2 2 2 2 2 2 2 2 2 2 2 2 2 2 2 2 2 2 2 2 2 2 2 2 2 2 2 2 2 2 2 2 2 2 2 2 2 2 2 2 2
left_child=6 4 3 9 -2 15 45 33 10 -3 57 -7 -5 18 48 -4 56 46 19 20 21 -12 30 36 -9 26 27 -26 -28 35 -23 -32 -10 -8 -31 -30 -21 -38 -39 40 41 42 -35 47 -22 -1 -18 -20 -14 51 -51 55 54 -54 -53 -15 -17 58 -6 -59 -61 -62
right_child=1 2 5 12 8 11 7 24 32 -11 13 -13 14 49 -16 16 17 -19 43 23 44 22 -24 -25 25 -27 28 -29 29 34 31 -33 -34 39 -36 -37 37 38 -40 -41 -42 -43 -44 -45 -46 -47 -48 -49 -50 50 -52 52 53 -55 -56 -57 -58 59 -60 60 61 -63
leaf_value=-0.017036492650925935 0.022054908412610236 -0.025304670921630329 0.019470929704543179 -0.013573603200985222 -0.028099313970844787 0.023145819141199925 -0.00066997735752891152 0.0005942965690805145 0.026316156033400834 0.005011200906835574 -0.022085518066910587 0.0086644493230085603 -0.029722376107012172 0.0049877537920227548 -0.0081875140781619716 0.013790173490540587 -0.013754305569656858 0.006852202579709768 0.016883212711754036 -0.0078440958473260537 0.0075234199764131334 0.0070593203647173509 0.017206808699820466 -0.0020291677295469551 -0.020719789120786165 -0.022342509422665059 0.025192139484928374 -0.0057149240844258826 -0.0025810493160469366 0.011464677374884562 -0.016548735251600173 0.0054259544323644942 0.0070586800504039322 0.014553734925097143 -0.0017220237124900353 -0.014381129475213823 -0.014113466064825546 -0.024796252763399515 -0.087610880158188451 -0.021887859933933263 -0.016788003857768585 -0.015546286053859232 -0.013663777787521198 0.017282919603442467 0.019736962683419561 -0.0093952640250990586 0.01432253758554481 -0.0056214218881316374 0.018694916285873438 0.0193797940336265 0.0010573301734410959 0.00021126780929688743 -0.015981214151796135 0.0076547941024987312 0.014885357315968427 -0.0072504179866762402 0.0064835142477475995 0.0081572054628424213 -0.0044175327976486798 -0.013949882956596247 0.00034899391221597997 -0.006346263785474821
leaf_weight=33609 6012 10944 11883 3439 4522 23884 6029 29571 3625 2735 4350 11940 374 7530 3162 54085 5170 83397 2687 4081 20658 13048 8688 11317 13920 6029 2551 68230 17649 7659 6524 6525 10179 4499 20610 11204 2277 465 673 11424 17676 3763 2257 10585 7928 25867 1355 4397 9500 3757 14483 18823 6372 3189 7530 41370 21785 8717 20360 9044 52024 30009
leaf_count=33609 6012 10944 11883 3439 4522 23884 6029 29571 3625 2735 4350 11940 374 7530 3162 54085 5170 83397 2687 4081 20658 13048 8688 11317 13920 6029 2551 68230 17649 7659 6524 6525 10179 4499 20610 11204 2277 465 673 11424 17676 3763 2257 10585 7928 25867 1355 4397 9500 3757 14483 18823 6372 3189 7530 41370 21785 8717 20360 9044 52024 30009
internal_value=1.54246e-11 0.00382242 0.0087221 -0.0056149 0.000428459 0.010747 -0.00805485 -0.0065462 5.23981e-05 -0.0192433 -0.000449279 0.0183192 0.00570058 0.00142442 0.0107853 0.00922025 0.00848554 0.00578001 0.00413469 0.00262625 0.00568309 0.0018646 0.00485966 -0.00837743 -0.00499132 -0.00610846 -0.00541834 -0.00825744 -0.00150984 -0.00270232 0.000749144 -0.00556055 0.0121158 -0.0125897 0.00185069 -0.00716318 -0.0179616 -0.0300523 -0.0619441 -0.0144035 -0.0113711 -0.00226852 0.00512701 0.0115223 0.0109107 -0.0137132 -0.00792379 0.00291471 0.016861 -0.00131607 0.00483132 -0.00263812 0.00107597 -0.0080976 0.00440418 -0.00536589 0.0116922 -0.00356405 -0.00872141 -0.00227815 -0.00327692 -0.00210024
internal_weight=877949 595402 243653 30154 351749 213499 282547 223071 345737 13679 331933 35824 16475 207257 13036 177675 165792 89922 104203 86534 67721 39135 34785 18813 177423 147852 141823 82150 59673 57122 26097 13049 13804 45648 28269 28853 7496 3415 1138 39619 28195 10519 6756 17669 28586 59476 6525 7084 9874 103054 18240 84814 35914 9561 26353 48900 75870 124676 24882 99794 91077 82033
internal_count=877949 595402 243653 30154 351749 213499 282547 223071 345737 13679 331933 35824 16475 207257 13036 177675 165792 89922 104203 86534 67721 39135 34785 18813 177423 147852 141823 82150 59673 57122 26097 13049 13804 45648 28269 28853 7496 3415 1138 39619 28195 10519 6756 17669 28586 59476 6525 7084 9874 103054 18240 84814 35914 9561 26353 48900 75870 124676 24882 99794 91077 82033
is_linear=0
shrinkage=0.05


Tree=43
num_leaves=63
num_cat=0
split_feature=3 3 0 6 3 0 0 8 17 9 0 3 0 22 1 7 0 0 8 0 6 0 0 6 3 3 3 0 22 6 0 2 3 1 6 3 3 3 0 0 2 2 8 6 0 0 0 13 8 13 8 0 6 22 0 5 0 3 3 6 3 6
split_gain=9796.07 3844.04 2435.81 1684.56 996.641 1271.42 983.755 934.069 921.795 766.986 764.794 756.264 742.721 674.772 1783.41 650.133 614.921 611.368 552.372 512.196 458.292 395.903 998.414 389.718 386.852 461.925 679.08 518.938 774.511 464.622 456.312 733.472 448.776 383.204 1276.15 375.656 467.566 594.204 466.048 413.377 404.099 710.432 393.16 375.694 374.479 374.285 371.856 365.509 354.417 350.275 349.524 347.835 570.735 338.633 337.102 751.69 329.608 316.164 437.365 331.977 315.669 314.983
threshold=-0.54680722951889027 0.13408648967742923 -1.149046719074249 0.23542753793299201 0.94304263591766369 -1.1085263490676878 -0.37105621397495264 -1.0000000180025095e-35 -0.055877291234588893 -0.85614114999771107 -1.2185100913047788 0.13338815420866015 -1.2185100913047788 1.0106258392333987 -1.1897694468498228 -1.1138049960136411 1.2567036747932436 -0.36063669621944422 0.85218852758407604 -0.1128837652504444 1.0000000180025095e-35 1.0263165831565859 0.99505805969238292 0.6487882286310197 -0.30077947676181788 -0.074210610240697847 -0.078671745955944047 0.18465130031108859 1.3001281619071963 0.23542753793299201 -0.15108864009380338 -0.81113922595977772 -0.36180990934371943 -1.1897694468498228 0.23542753793299201 -0.73797869682312001 -0.61042973399162281 -0.61470600962638844 0.28421554714441305 0.5458611547946931 1.4562462568283083 0.88939985632896434 -0.18441987375263122 -1.0046545863151548 -1.3365979194641111 -0.16613905131816861 -0.089729286730289445 1.3332802057266238 -0.53798767924308766 -0.90143117308616627 -0.85498791933059681 0.69404986500740062 1.0621489584445956 0.76012519001960765 0.33631311357021337 0.74835324287414562 -0.88971650600433339 -0.53287750482559193 -0.35084192454814905 1.0000000180025095e-35 -0.53755223751068104 0.23542753793299201
decision_type=2 2 2 2 2 2 2 2 2 2 2 2 2 2 2 2 2 2 2 2 2 2 2 2 2 2 2 2 2 2 2 2 2 2 2 2 2 2 2 2 2 2 2 2 2 2 2 2 2 2 2 2 2 2 2 2 2 2 2 2 2 2
left_child=6 7 3 12 5 -4 13 9 -6 -2 -5 16 47 14 -1 -13 21 -8 -7 -20 -15 22 24 -12 30 26 56 29 -29 -27 45 -32 -33 34 -11 38 37 40 42 -38 41 46 61 -39 -22 53 -37 -3 -25 -16 54 -30 -53 -9 55 -48 -26 -55 59 -59 -35 -19
right_child=1 2 4 10 8 18 17 11 -10 33 23 15 -14 20 49 -17 -18 35 19 -21 44 -23 -24 48 25 27 -28 28 51 -31 31 32 -34 60 -36 36 39 43 -40 -41 -42 -43 -44 -45 -46 -47 50 -49 -50 -51 -52 52 -54 57 -56 -57 -58 58 -60 -61 -62 -63
leaf_value=-0.023006435720572579 -0.0025483245396663826 -0.020953939625163384 0.030269917387147884 0.01459021042779338 0.011213556666103325 0.0087574545045808749 -0.022153282003628615 -0.0065294243941188441 0.024324891826170036 -0.025383848096560576 0.015146768162456081 0.025136523838330694 0.0052112224028626544 -0.03543303881077408 0.001072250536095522 -0.043266526008445536 0.0050675515820816953 -0.040056018458129748 -0.00444331409405423 0.0063645459635078387 0.0078521471042185247 -0.010223600634596024 0.027223317083248336 0.000213081612163111 0.0082457689431509693 -0.02116721511408786 0.027923059640203109 0.017900013600808222 0.018549438037878865 -0.00043271694603658374 -0.023303289445759087 0.0021858800261716385 -0.021095743055905853 0.01779461715750863 0.017853853794286875 -0.051498412840952315 -0.016352991368771379 0.026140749825682454 0.0082517234995202644 -0.0011227505521351276 -0.00366501787805337 -0.031179818465088147 0.0001464013000473526 -0.033865994811591298 -0.0026607525420964239 0.014834426908901289 0.017008920809653934 0.17433983025451502 -0.045260756729664356 -0.006382899368601847 -0.014223018901931976 -0.0090338939403440677 -0.080999772564360972 -0.016974435078251797 -0.010682256377685988 -0.02473794770559002 -0.0033451497539583337 -0.050800425370344141 -0.011410870661303432 0.012995997066004076 0.004534420006023914 -0.0058733983117283065
leaf_weight=15490 55767 13896 6022 10204 46165 112911 12058 36649 18891 4017 720 424 3479 865 20820 1922 24052 1584 17593 29085 13800 19369 2757 684 11039 6377 2766 4007 364 4688 8281 8296 2758 4653 2967 590 6031 277 5795 17052 11826 5342 3256 4471 21935 2766 3759 24 1147 64773 36345 696 456 1746 9675 1512 13802 209 2767 8386 126718 1173
leaf_count=15490 55767 13896 6022 10204 46165 112911 12058 36649 18891 4017 720 424 3479 865 20820 1922 24052 1584 17593 29085 13800 19369 2757 684 11039 6377 2766 4007 364 4688 8281 8296 2758 4653 2967 590 6031 277 5795 17052 11826 5342 3256 4471 21935 2766 3759 24 1147 64773 36345 696 456 1746 9675 1512 13802 209 2767 8386 126718 1173
internal_value=-7.96331e-12 0.00341118 0.00802999 -0.00533415 0.00977702 0.00771712 -0.00817746 5.26991e-05 0.0150208 0.00240202 0.00846851 -0.00271837 -0.0154527 -0.00528851 -0.00739476 -0.0309038 -0.00231078 -0.0114716 0.0068661 0.00229105 0.000528591 -0.00359509 -0.00251447 -0.0160183 -0.00322093 0.000460062 0.00442245 -0.00613444 0.0063831 -0.0123825 -0.00548487 -0.0120519 -0.00362294 0.00439736 -0.00701525 -0.0102866 -0.0113128 -0.0132555 -0.00186677 -0.00510202 -0.012079 -0.0138179 -0.0116184 -0.0303652 0.00139908 -0.0030674 -0.0120302 -0.0206172 -0.0282733 -0.00456948 -0.0115762 -0.0240577 -0.0375204 -0.00406256 -0.00513971 0.00503372 0.0018057 0.0028346 0.00587865 0.0114447 0.00500408 -0.0255126
internal_weight=877949 619520 260821 30154 230667 165611 258429 358699 65056 194122 12755 164577 17399 137683 101083 2346 162231 120746 159589 46678 36600 138179 118810 2551 116053 44195 27607 16588 5523 11065 71858 19335 11054 138355 6984 108688 96880 73797 11808 23083 69049 57223 6013 4748 35735 52523 51881 13920 1831 85593 51291 1516 1152 49757 14946 5271 24841 13108 11362 8595 131371 2757
internal_count=877949 619520 260821 30154 230667 165611 258429 358699 65056 194122 12755 164577 17399 137683 101083 2346 162231 120746 159589 46678 36600 138179 118810 2551 116053 44195 27607 16588 5523 11065 71858 19335 11054 138355 6984 108688 96880 73797 11808 23083 69049 57223 6013 4748 35735 52523 51881 13920 1831 85593 51291 1516 1152 49757 14946 5271 24841 13108 11362 8595 131371 2757
is_linear=0
shrinkage=0.05


Tree=44
num_leaves=63
num_cat=0
split_feature=3 3 0 6 3 0 4 0 0 0 6 0 0 5 0 0 18 3 4 6 0 4 2 0 6 3 3 3 0 1 2 2 8 6 0 8 14 0 5 3 13 6 13 4 5 6 6 0 0 0 0 0 8 22 22 0 3 8 3 4 0 0
split_gain=8840.95 3469.25 2198.32 1546.69 906.163 887.839 873.855 661.525 649.982 955.29 802.105 1128.18 797.128 632.783 575.819 551.76 542.945 533.082 482.952 413.677 806.685 406.252 401.349 350.783 1172.33 339.029 421.979 536.269 420.608 373.072 364.699 641.165 354.827 339.064 335.6 315.445 314.125 304.235 678.4 303.906 300.072 298.746 296.555 286.291 288.465 284.272 283.398 272.553 381.399 386.03 384.413 318.475 271.986 266.367 266.148 1009.46 568.84 262.942 262.003 693.245 388.14 417.52
threshold=-0.54680722951889027 0.13408648967742923 -1.149046719074249 -1.0000000180025095e-35 1.333412289619446 -0.37105621397495264 -0.57599145174026478 -1.2185100913047788 -0.47525136172771448 -0.41852289438247675 0.23542753793299201 -1.3365979194641111 -1.3365979194641111 0.74835324287414562 1.1721898317337038 -0.36063669621944422 -0.73696890473365773 1.9536987543106081 -0.43159933388233179 -1.0046545863151548 -0.40463021397590632 1.3011059165000918 0.6059766709804536 -1.3655410408973692 0.23542753793299201 -0.73797869682312001 -0.61042973399162281 -0.61470600962638844 0.28421554714441305 -1.0000000180025095e-35 1.4562462568283083 0.88939985632896434 -0.18441987375263122 -1.0046545863151548 -0.089729286730289445 -0.85498791933059681 1.228543817996979 0.33631311357021337 0.74835324287414562 0.13338815420866015 0.28357230126857763 0.6487882286310197 1.3332802057266238 1.445498049259186 0.74835324287414562 0.23542753793299201 0.23542753793299201 1.6248599290847781 1.5241379737854006 1.1745052933692934 1.0263165831565859 0.99505805969238292 -0.53798767924308766 1.4189848899841311 -0.68502876162528981 1.0587329268455508 4.5974376201629648 -0.18441987375263122 0.13338815420866015 -1.0091677606105802 1.3481638431549074 1.0459979176521303
decision_type=2 2 2 2 2 2 2 2 2 2 2 2 2 2 2 2 2 2 2 2 2 2 2 2 2 2 2 2 2 2 2 2 2 2 2 2 2 2 2 2 2 2 2 2 2 2 2 2 2 2 2 2 2 2 2 2 2 2 2 2 2 2
left_child=5 6 3 7 18 8 58 -3 10 -10 11 42 -12 21 54 -7 41 40 -4 20 -11 23 -13 24 36 28 27 30 32 57 31 34 45 -29 -27 37 -8 38 -36 -23 -18 -5 53 44 -20 -17 -19 48 49 50 51 -15 -43 -1 55 -6 -56 -28 60 -60 61 -2
right_child=1 2 4 16 14 15 13 -9 9 19 12 22 -14 47 -16 25 17 46 43 -21 -22 39 -24 -25 -26 26 29 33 -30 -31 -32 -33 -34 -35 35 -37 -38 -39 -40 -41 -42 52 -44 -45 -46 -47 -48 -49 -50 -51 -52 -53 -54 -55 56 -57 -58 -59 59 -61 -62 -63
leaf_value=-0.02130076397900553 -0.0029939618068940215 -0.02299174091810012 0.004740390222655713 0.0013145172075270505 0.025010098946332 -0.02104561809364185 -0.021526074168958749 0.0045000798534628531 0.012223070516183985 0.042143948599930453 0.0086226395545719748 -0.00057195743996055226 -0.0063192424497413874 -0.0027358809907033809 0.0076312369397670918 -0.038053217080901369 -0.035950255567605206 -0.036564280373456888 0.012493118813514389 -0.0083950580985289493 -0.003899249616749971 -0.001063584353289514 -0.010524878005253889 0.0051869765810414461 0.017538078585979142 -0.048923492253584534 -0.0041735779500187324 0.024833712896285075 0.0078391375102752035 -0.0010666131128749248 -0.0034817668790647184 -0.029620827370414243 0.00013908125353471055 -0.032172695362869173 0.016158474914196419 -0.013511867794975513 -0.10572764538882072 -0.010148143483768338 -0.023501050176871041 -0.042221094643565056 0.016531785930731454 -6.910530577045168e-05 0.13553289532661439 0.0037011079230400454 0.006707186861281033 -0.0055797282603050969 -0.00045088118160041253 0.0094426366653459701 -0.024819250233561675 0.010114902673456527 -0.014704524809132039 0.02386474010612195 -0.045711983085390699 -0.097649789789448618 0.036267926604326164 -0.012024510117723326 0.016601070473221121 -0.025128562221804138 -0.047486944434455503 0.018298445975342477 0.0042187963178409718 -0.012256512244383648
leaf_weight=17255 88512 10944 73342 1550 6330 12058 3903 2735 12058 1272 12755 17368 29734 48379 11940 1584 280 693 75036 19022 3773 31489 24301 131298 2964 590 2761 277 5795 17052 11826 5342 3256 4471 3759 36345 114 9675 1512 455 9982 494 30 16248 30217 1173 2514 4643 1960 5591 6912 1152 962 115 6507 2594 8453 3270 1070 640 15512 14105
leaf_count=17255 88512 10944 73342 1550 6330 12058 3903 2735 12058 1272 12755 17368 29734 48379 11940 1584 280 693 75036 19022 3773 31489 24301 131298 2964 590 2761 277 5795 17052 11826 5342 3256 4471 3759 36345 114 9675 1512 455 9982 494 30 16248 30217 1173 2514 4643 1960 5591 6912 1152 962 115 6507 2594 8453 3270 1070 640 15512 14105
internal_value=-7.4852e-12 0.00324062 0.00762849 -0.00506745 0.00928817 -0.00776859 5.00641e-05 -0.017495 -0.00502409 0.000736062 -0.00707302 -0.0108417 -0.00183376 0.00179811 0.0165968 -0.0108981 0.00525099 0.00953906 0.0079444 -0.00501914 0.00770966 0.00343227 -0.00637641 0.00460629 -0.00631519 -0.00977227 -0.0107472 -0.0125927 -0.00177343 -0.00484692 -0.011475 -0.013127 -0.0110375 -0.0288469 -0.0114287 -0.0109974 -0.0239157 -0.00488272 0.00478204 -0.00164982 0.0150998 -0.0139626 -0.021535 0.00987844 0.010832 -0.024237 -0.00825462 -0.0022547 -0.00310338 -0.00241726 -0.00365864 -0.0021172 -0.030226 -0.0218062 0.0210788 0.014245 0.0251554 -0.0155353 -0.00343409 -0.0228655 -0.0031528 -0.00426713
internal_weight=877949 619520 260821 30154 230667 258429 358699 13679 137683 36125 101558 59069 42489 238860 35824 120746 16475 13469 194843 24067 5045 170223 41669 138279 6981 108688 96880 73797 11808 23083 69049 57223 6013 4748 51881 51291 4017 14946 5271 31944 10262 3006 17400 121501 105253 2757 3207 68637 63994 62034 56443 49531 1456 17370 23884 8924 14960 6031 119839 1710 118129 102617
internal_count=877949 619520 260821 30154 230667 258429 358699 13679 137683 36125 101558 59069 42489 238860 35824 120746 16475 13469 194843 24067 5045 170223 41669 138279 6981 108688 96880 73797 11808 23083 69049 57223 6013 4748 51881 51291 4017 14946 5271 31944 10262 3006 17400 121501 105253 2757 3207 68637 63994 62034 56443 49531 1456 17370 23884 8924 14960 6031 119839 1710 118129 102617
is_linear=0
shrinkage=0.05


Tree=45
num_leaves=63
num_cat=0
split_feature=3 3 2 0 3 2 22 0 0 2 0 6 2 6 0 0 0 3 0 3 3 0 22 3 22 0 5 8 0 8 0 0 3 3 3 22 3 0 0 6 0 6 3 3 2 0 3 3 6 19 19 5 14 10 19 5 22 5 18 13 9 16
split_gain=8030.09 2385.65 1661.4 1546.73 1099.98 1058.47 762.063 759.332 1277 721.292 720.186 1885.1 715.843 755.13 1336.31 1061.13 673.427 857.274 1212.05 789.619 1046.45 797.943 660.465 659.194 647.704 587.737 597.34 899.629 586.264 561.663 540.325 470.711 452.612 1183.01 452.212 434.983 710.241 417.802 598.644 499.185 437.342 523.282 410.728 741.609 393.982 392.199 384.964 390.509 380.025 609.069 629.08 513.465 528.861 467.409 524.591 553.546 438.846 602.805 382.273 376.857 486.107 376.814
threshold=-0.43878702819347376 0.58063930273056041 0.6059766709804536 1.0587329268455508 -0.72815677523612965 -0.81113922595977772 1.0106258392333987 0.20433260500431064 -0.68595710396766651 1.1728230714797976 -1.3655410408973692 -1.0000000180025095e-35 -0.24429284036159513 0.23542753793299201 -1.3365979194641111 -1.457001209259033 1.7035850882530215 -0.25424566864967341 -1.0564287304878233 -0.18533226102590558 -0.18013582378625867 0.99505805969238292 0.37700127065181738 1.0011113286018374 1.3943807482719424 1.6943233013153078 0.74835324287414562 -1.0000000180025095e-35 0.3965147733688355 0.53518827259540569 1.5032989382743838 0.92791008949279796 -0.52379089593887318 -0.53287750482559193 -0.49729524552822107 1.1788991093635561 -0.053872611373662942 0.41966924071311956 1.0263165831565859 0.6487882286310197 0.69404986500740062 1.0621489584445956 -0.31494747102260584 -0.33054500818252558 0.6059766709804536 -0.5065099149942397 -0.36534266173839564 -0.35084192454814905 1.0000000180025095e-35 -0.7719002068042754 -1.5190425515174864 -1.2493928074836729 1.1890759468078616 -0.79733012616634358 0.53559884428977977 -1.2493928074836729 0.90637847781181347 0.74835324287414562 0.24309645593166354 0.43286409974098211 0.30946898169349885 -0.11790292830298198
decision_type=2 2 2 2 2 2 2 2 2 2 2 2 2 2 2 2 2 2 2 2 2 2 2 2 2 2 2 2 2 2 2 2 2 2 2 2 2 2 2 2 2 2 2 2 2 2 2 2 2 2 2 2 2 2 2 2 2 2 2 2 2 2
left_child=4 9 7 6 -1 25 -4 8 23 10 11 -2 34 14 48 -15 17 18 -12 21 -21 -19 -13 -3 29 26 27 30 -9 -22 -6 35 33 -17 -7 -11 -37 -26 39 -39 -41 -42 43 46 -44 -35 -20 -48 -14 50 59 58 -53 -51 -55 -56 -57 61 -52 -50 -61 -58
right_child=1 2 3 -5 5 12 -8 28 -10 31 16 22 13 15 -16 32 -18 19 42 20 24 -23 -24 -25 37 -27 -28 -29 -30 -31 -32 -33 -34 45 -36 36 -38 38 -40 40 41 -43 44 -45 -46 -47 47 -49 49 53 51 52 -54 54 55 56 57 -59 -60 60 -62 -63
leaf_value=-0.012021207704091031 -0.024834993170287468 0.023591663152920429 -0.017410217705081329 0.0086727318695971091 0.00084748590894184381 0.00097209008538031078 0.0041454197360218615 0.024071290523116341 -0.0022576173659640576 -0.01229924789379213 0.0085847555378385319 -0.062963253872416289 -0.023441623349984494 0.021532413550580325 -0.0045285103725934755 -0.0028949040061037375 0.024560164948989605 0.0054799443399889125 0.0015981918743402633 -0.010842414953865176 0.0072941357332343823 0.022090369326059997 0.0099507259814192242 0.0070565175570776227 0.0071166928677811429 -0.0017770158774093343 -0.021896402665717112 -0.01835504431548644 0.013260180024021257 0.0013033095411606212 -0.027822604765595668 0.0019002829240683074 -0.011817690455059543 0.0019670430608849871 0.015995912420119652 -0.029742735789953425 0.015168863020160562 0.00077274530177820575 0.0081611212297330784 -0.018839895265335097 -0.024891150146722794 -0.085242533373651175 -0.013718375082502388 0.014651631166742025 0.0011390761281206156 0.025977439449803543 -0.01187762257532048 0.0028187655089452895 -0.054561016148534314 -0.058862308577487345 0.13279780626296997 0.085327552923368757 -0.11517622658184597 -0.027007580361967012 0.13541039222478865 -0.037954742887190418 0.1310070354938507 0.093795949946279114 -0.11717621839963473 0.090366727847319389 -0.081687579552332565 -0.086022326648235337
leaf_weight=59476 8208 12051 11813 29232 16513 29571 6280 18082 18077 19270 24118 321 13680 5102 96001 59672 3625 18074 17172 12061 105022 12051 9564 12059 2683 15227 13648 15548 40913 62352 1825 17171 10211 2550 6030 1156 3691 1138 1692 1443 660 788 17151 6029 6031 5107 18061 6029 290 570 20 545 35 1270 100 280 25 230 65 130 60 100
leaf_count=59476 8208 12051 11813 29232 16513 29571 6280 18082 18077 19270 24118 321 13680 5102 96001 59672 3625 18074 17172 12061 105022 12051 9564 12059 2683 15227 13648 15548 40913 62352 1825 17171 10211 2550 6030 1156 3691 1138 1692 1443 660 788 17151 6029 6031 5107 18061 6029 290 570 20 545 35 1270 100 280 25 230 65 130 60 100
internal_value=8.95455e-12 0.00392944 0.00929414 0.00156128 -0.00581916 -0.00456622 -0.00992835 0.012911 0.00778881 0.00180809 0.00257819 -0.00712364 -0.0030057 -0.00419017 -0.00683926 -0.000555093 0.00313336 0.00288485 -0.00109012 0.00460989 0.0034047 0.0121247 0.00758296 0.0153213 0.00438226 -0.0103259 -0.0130645 -0.00950735 0.0165738 0.00506237 -0.00200577 -0.00442674 -0.00200841 -0.000520756 0.00351678 -0.00893149 0.00445753 -0.00916268 -0.0167973 -0.0272787 -0.0383207 -0.0577343 -0.00440116 -0.00172863 -0.00985308 0.0179813 -0.00412203 -0.00819956 -0.0195883 -0.00541824 0.0249219 0.0564088 0.0732282 -0.0189093 -0.00755107 0.0260677 0.00884832 0.0457634 -0.0583588 -0.0187006 0.0360338 -0.0426165
internal_weight=877949 524068 148507 47325 353881 294405 18093 101182 42187 375561 334273 18093 231644 196043 113401 82642 316180 312555 94591 217964 187839 30125 9885 24110 175778 62761 47534 33886 58995 167374 18338 41288 77540 67329 35601 24117 4847 8404 5721 4029 2891 1448 70473 47291 23182 7657 41262 24090 17400 3720 1145 665 580 2575 2005 735 635 355 85 480 190 125
internal_count=877949 524068 148507 47325 353881 294405 18093 101182 42187 375561 334273 18093 231644 196043 113401 82642 316180 312555 94591 217964 187839 30125 9885 24110 175778 62761 47534 33886 58995 167374 18338 41288 77540 67329 35601 24117 4847 8404 5721 4029 2891 1448 70473 47291 23182 7657 41262 24090 17400 3720 1145 665 580 2575 2005 735 635 355 85 480 190 125
is_linear=0
shrinkage=0.05


Tree=46
num_leaves=63
num_cat=0
split_feature=3 3 2 0 3 0 11 6 0 0 8 8 3 5 2 0 0 0 0 0 0 0 0 0 3 0 3 2 2 6 3 22 7 2 2 0 12 0 0 14 0 0 0 8 8 3 0 2 22 0 0 0 3 3 3 3 3 2 14 3 0 3
split_gain=7250.9 2116.99 1499.42 1395.93 1029.38 901.299 702.47 698.345 685.297 1152.49 664.397 618.016 594.923 547.568 542.709 608.872 529.103 495.744 642.286 534.238 494.079 469.589 458.854 391.761 412.411 379.599 371.909 506.141 437.549 426.732 620.119 370.749 364.756 353.662 554.203 353.425 413.408 329.032 697.562 563.436 621.504 485.549 332.345 324.967 320.231 307.501 306.247 297.402 292.087 286.943 280.929 375.18 437.846 486.126 603.382 592.887 594.291 569.937 355.067 329.39 626.723 408.575
threshold=-0.41558174788951868 0.58063930273056041 0.6059766709804536 1.0587329268455508 -0.57843363285064686 -0.37105621397495264 0.61866869032382976 0.23542753793299201 0.20433260500431064 -0.68595710396766651 -1.0000000180025095e-35 -0.53798767924308766 1.0011113286018374 0.74835324287414562 -0.81113922595977772 1.6943233013153078 0.3965147733688355 -0.34327083826065058 -0.49609039723873133 -0.27959600090980524 -0.95802223682403553 -1.5449882149696348 -0.15108864009380338 -0.36063669621944422 -0.73797869682312001 0.28421554714441305 0.052134748548269279 -0.81113922595977772 0.6059766709804536 0.23542753793299201 -0.074210610240697847 0.51560327410697948 0.53506958484649669 1.4562462568283083 0.88939985632896434 1.5716046094894411 -1.0295194983482359 -0.47525136172771448 -0.39305296540260309 1.0805390477180483 -0.81562218070030201 -0.64659449458122242 -1.1895670294761655 1.0000000180025095e-35 -0.18441987375263122 -0.47164988517761225 1.7035850882530215 1.4562462568283083 1.3469731807708742 -0.089729286730289445 -1.1351540088653562 -1.1085263490676878 -0.34548528492450709 -0.31494747102260584 -0.2678180187940597 -0.18533226102590558 -0.1616052761673927 1.1728230714797976 0.9818691909313203 -0.066463191062211976 0.11866103112697603 0.13408648967742923
decision_type=2 2 2 2 2 2 2 2 2 2 2 2 2 2 2 2 2 2 2 2 2 2 2 2 2 2 2 2 2 2 2 2 2 2 2 2 2 2 2 2 2 2 2 2 2 2 2 2 2 2 2 2 2 2 2 2 2 2 2 2 2 2
left_child=4 10 8 7 5 6 37 -4 9 12 13 45 -3 26 15 22 43 18 20 -19 48 -8 -13 -7 25 44 27 29 -28 30 -2 -11 -5 34 49 36 -18 39 -39 40 -1 -42 -41 -10 -25 -6 -29 -34 -16 -26 58 -52 -53 -54 -55 -56 -57 59 -12 60 -58 -61
right_child=1 2 3 32 11 23 21 -9 16 31 50 14 -14 -15 17 -17 35 19 -20 -21 -22 -23 -24 24 33 -27 28 46 -30 -31 -32 -33 47 -35 -36 -37 -38 38 -40 42 41 -43 -44 -45 -46 -47 -48 -49 -50 -51 51 52 53 54 55 56 57 -59 -60 61 -62 -63
leaf_value=-0.014241849276624178 0.0052767525996166784 0.022412080270593798 -0.017842308751330249 0.012569509884023354 0.0044345902864669001 -0.019392276972375597 -0.032019425668429746 0.0020412544426561216 0.02903727153369225 -0.0063330141369414717 -0.010437744517150543 -0.0017720347613234804 0.0067036916569793636 -0.00040917069877320237 -0.012085497792876548 0.0015276878962842302 -0.0034181325729189384 0.020042766192226242 -0.025971936433108536 -0.00011152457442146391 0.0039895922401370814 -0.0083903744589424838 -0.021912854730176002 -0.022424058099688171 -0.045869894313105085 0.0080482409375047161 0.0052098236605602928 -0.0016571602642672012 0.014364263293216573 0.012401979320468839 -0.020111077471933553 0.01009743179022732 0.0079332654779564384 -0.0031150345183782987 -0.027942564085897206 0.02489671346621606 0.012865779817456409 0.0094740879308944405 -0.0090347605991410538 0.0079456177456517091 0.0041370994255270762 -0.014725159627003402 -0.0047080274662268011 0.015585237125820531 0.00073318756966179359 -0.0057839727437701792 0.022215849492998645 -0.0087857929553840294 0.011673442662927247 -0.010835313041907584 0.010526333127816367 -0.0081614632173072459 0.016850471022654731 -0.013403146711120452 0.0096553146594436576 -0.013371851131108734 0.022307042013976298 -0.0088766514423337852 0.0046263814264809059 -0.0063141528186848031 0.0015387038513338721 0.0030889708800944443
leaf_weight=17869 23618 12051 10440 18257 39783 12058 2208 7653 9789 13469 13930 3771 12059 57392 13652 6403 4451 3756 3770 26392 11312 44066 11307 2757 590 5795 36023 38456 20470 19856 2678 4608 6447 11826 5342 5111 31351 15239 7644 12300 12649 4672 8976 8293 3256 9034 1392 4528 1429 62056 8295 16159 4430 7867 16573 8300 5521 13410 5439 15749 10620 43352
leaf_count=17869 23618 12051 10440 18257 39783 12058 2208 7653 9789 13469 13930 3771 12059 57392 13652 6403 4451 3756 3770 26392 11312 44066 11307 2757 590 5795 36023 38456 20470 19856 2678 4608 6447 11826 5342 5111 31351 15239 7644 12300 12649 4672 8976 8293 3256 9034 1392 4528 1429 62056 8295 16159 4430 7867 16573 8300 5521 13410 5439 15749 10620 43352
internal_value=2.10648e-12 0.00378747 0.00882944 0.00148322 -0.00545147 -0.00746956 -0.00462174 -0.00943193 0.0122654 0.00739937 0.0017612 -0.00190842 0.0145553 0.00371437 -0.00456555 -0.01139 0.0157451 -0.00213488 -0.0066669 0.00239941 -0.00390935 -0.00951785 -0.0168756 -0.0109201 -0.0098051 -0.0010837 0.00537521 0.00330488 0.0085269 0.0068691 0.00269124 -0.00214474 0.0082391 -0.0110954 -0.0124835 0.0125972 0.0108413 -0.00176647 0.00329126 -0.00381613 -0.00769973 -0.000950625 0.00260725 0.0228677 -0.00988456 0.00254356 -0.000823211 0.00103542 -0.00983422 -0.0111653 -0.000540128 0.000190349 -0.000413514 0.000581536 -1.21721e-05 0.000915789 -0.000578148 0.000619657 -0.00620759 0.00231214 0.00864248 0.000583264
internal_weight=877949 518037 148507 47325 359912 229303 125623 18093 101182 42187 369530 130609 24110 199885 81792 21481 58995 60311 30163 30148 26393 46274 15078 103680 91622 11808 142493 86000 56493 46152 26296 18077 29232 79814 67988 40913 35802 79349 22883 56466 35190 17321 21276 18082 6013 48817 39848 10975 15081 62646 169645 150276 141981 125822 121392 113525 96952 88652 19369 75242 16141 59101
internal_count=877949 518037 148507 47325 359912 229303 125623 18093 101182 42187 369530 130609 24110 199885 81792 21481 58995 60311 30163 30148 26393 46274 15078 103680 91622 11808 142493 86000 56493 46152 26296 18077 29232 79814 67988 40913 35802 79349 22883 56466 35190 17321 21276 18082 6013 48817 39848 10975 15081 62646 169645 150276 141981 125822 121392 113525 96952 88652 19369 75242 16141 59101
is_linear=0
shrinkage=0.05


Tree=47
num_leaves=63
num_cat=0
split_feature=3 3 0 6 3 3 0 0 1 0 4 2 0 2 18 3 0 0 8 4 2 0 0 0 0 6 0 3 0 6 0 0 3 3 0 12 0 0 3 0 0 0 6 0 3 3 6 14 3 6 6 4 4 0 18 0 0 0 17 0 3 0
split_gain=6548.32 2425.95 1764.41 1236.13 922.182 652.501 631.458 626.611 1323.88 738.14 576.27 547.718 525.902 507.801 485.425 471.068 445.014 586.332 467.326 419.226 426.338 387.769 553.388 472.374 712.53 540.536 442.769 356.358 342.314 340.313 330.055 580.074 483.606 680.998 389.215 334.066 380.227 528.883 306.089 337.659 782.88 717.593 490.761 553.512 431.283 451.377 348.996 371.389 490.877 350.454 315.193 306.084 301.578 301.203 289.051 286.138 285.672 398.518 279.454 433.365 377.982 323
threshold=-0.53287750482559193 0.15903349965810779 -1.149046719074249 1.0000000180025095e-35 -0.53020739555358876 -0.72815677523612965 1.7035850882530215 -0.1128837652504444 0.17565969005227092 -0.18582036346197126 -0.43159933388233179 -0.81113922595977772 -1.2185100913047788 -0.24429284036159513 -0.59470257163047779 1.9536987543106081 -1.1085263490676878 -1.1224189996719358 0.85218852758407604 -0.43159933388233179 -1.0000000180025095e-35 0.75193604826927196 0.36757166683673864 -0.47525136172771448 -0.41852289438247675 1.0000000180025095e-35 -0.64659449458122242 -0.49729524552822107 1.1698743700981142 -0.59129387140274037 1.59591680765152 1.3782647252082827 0.49141664803028112 0.85678997635841381 1.2949085831642153 -1.0295194983482359 1.0529443025588991 0.53312620520591747 -0.44724099338054651 0.99505805969238292 -0.15108864009380338 -0.29348869621753687 0.23542753793299201 -1.3655410408973692 -0.19826379418373105 -0.35707354545593256 0.6487882286310197 0.86346536874771129 0.10062799602746965 1.0621489584445956 -0.59129387140274037 -0.57599145174026478 -0.57599145174026478 -0.38031800091266627 0.29051695764064794 1.7070583105087282 1.6943233013153078 1.5032989382743838 -0.055877291234588893 1.3481638431549074 0.072571337223052992 1.3574256896972658
decision_type=2 2 2 2 2 2 2 2 2 2 2 2 2 2 2 2 2 2 2 2 2 2 2 2 2 2 2 2 2 2 2 2 2 2 2 2 2 2 2 2 2 2 2 2 2 2 2 2 2 2 2 2 2 2 2 2 2 2 2 2 2 2
left_child=5 4 3 12 -2 -1 10 9 -9 16 -6 29 -3 27 -5 -16 17 -4 -18 -13 53 22 23 25 -25 -22 -27 -12 -23 -7 31 32 34 35 -10 -34 37 -37 -29 40 41 42 43 -40 45 -45 -42 -48 -49 54 -41 -11 -38 -21 -50 -8 57 -31 59 60 -15 -61
right_child=1 2 7 14 6 11 55 8 30 51 13 19 -14 58 15 -17 18 -19 -20 20 21 28 -24 24 -26 26 -28 38 -30 56 -32 -33 33 -35 -36 36 52 -39 39 50 46 -43 -44 44 -46 -47 47 48 49 -51 -52 -53 -54 -55 -56 -57 -58 -59 -60 61 -62 -63
leaf_value=-0.010921802440485552 0.019732855267301806 -0.020523256008589522 0.0040009603338691056 -0.011997599083265902 -0.0031410562635138407 -0.0027233554548406662 0.022522076285913073 0.02113837445663052 0.017042420896516985 -0.027863607118451872 -0.011492567991692473 -0.0069038177778070441 0.0039889768711026024 -0.0027083102545154801 0.014499196256323952 -0.0076754334471441782 0.0073254221979428078 0.026058672579597375 -0.0023587504630140158 0.012746283567575484 -0.011910825456465879 0.011676371313047332 -0.015143647194274749 0.015484574602085186 -0.0033926122899073569 0.0028683750816291143 -0.01317212285516021 0.018174470980904946 -0.0037328183759698891 -0.012269987307086642 -0.00038694403835712641 0.017413512845752245 -0.021341553096169179 0.0084298941316012267 0.0023538657623948158 -0.0063504472321763887 -0.028439349325054371 0.016032090841492257 -0.01767226179714864 -0.00099010038005596223 -0.0021678005802337834 0.019468315542505117 0.0086125027902282918 0.0063744559889103783 0.012738298482649438 -0.0089065918892340043 -0.0065671230328123321 -0.009427634532647125 -0.038762189481660769 -0.078874595296080027 0.013989940985392994 -0.0039787747785137197 -0.003123958257634017 -0.00024872958492629013 0.072804285103783881 0.0061632056871695172 -0.0045625059563336075 -0.028809982950103365 -0.0065372668483341867 0.022237845675980864 0.0074945872708446692 0.0023909712814963644
leaf_weight=59476 6012 10944 6029 3439 124676 12099 3625 23934 17882 2014 3759 66665 2735 63447 9874 3162 42672 6022 17594 7529 20519 7482 10851 7529 14875 18475 5608 3765 6954 20663 10221 17173 2222 41845 6031 5278 1767 5279 4350 4834 13120 7528 22228 8698 6513 10874 3420 1140 397 674 12835 4016 3520 10936 68 10179 8465 4421 20598 3534 10593 4882
leaf_count=59476 6012 10944 6029 3439 124676 12099 3625 23934 17882 2014 3759 66665 2735 63447 9874 3162 42672 6022 17594 7529 20519 7482 10851 7529 14875 18475 5608 3765 6954 20663 10221 17173 2222 41845 6031 5278 1767 5279 4350 4834 13120 7528 22228 8698 6513 10874 3420 1140 397 674 12835 4016 3520 10936 68 10179 8465 4421 20598 3534 10593 4882
internal_value=-1.23889e-11 0.00297468 0.00680943 -0.00451221 0.000318393 -0.00626845 -1.92044e-05 0.00840846 0.0104709 0.00485075 -0.000454964 -0.00502776 -0.0156222 0.00116086 0.00471233 0.00912054 0.00625216 0.0150234 0.00449823 -0.00377105 -0.00188545 -0.003273 -0.00466856 -0.00297221 0.00295118 -0.00594759 -0.000866837 0.00362211 0.00425357 -0.00991227 0.00817522 0.00904171 0.00732659 0.00492723 0.0133379 -0.00318575 -0.000639543 0.00484188 0.00418775 0.00364307 0.0022457 0.00502868 0.00296458 -0.00116034 0.00159323 -0.00211554 -0.0066554 -0.0169866 -0.0326226 -0.0558379 0.0098916 -0.0119562 -0.0115848 0.00504991 -0.0224471 0.0104591 -0.0125049 -0.0151851 -0.00132782 -2.64714e-05 -0.00124857 0.010725
internal_weight=877949 595402 243653 30154 351749 282547 345737 213499 135152 78347 331933 223071 13679 207257 16475 13036 72317 12051 60266 177423 110758 92293 77857 67006 22404 44602 24083 104203 14436 45648 111218 100997 83824 59911 23913 18066 15844 10557 100444 96679 79010 60191 52663 30435 26085 19572 18819 5699 2279 1139 17669 6030 5287 18465 465 13804 33549 25084 103054 82456 74040 8416
internal_count=877949 595402 243653 30154 351749 282547 345737 213499 135152 78347 331933 223071 13679 207257 16475 13036 72317 12051 60266 177423 110758 92293 77857 67006 22404 44602 24083 104203 14436 45648 111218 100997 83824 59911 23913 18066 15844 10557 100444 96679 79010 60191 52663 30435 26085 19572 18819 5699 2279 1139 17669 6030 5287 18465 465 13804 33549 25084 103054 82456 74040 8416
is_linear=0
shrinkage=0.05


Tree=48
num_leaves=63
num_cat=0
split_feature=3 3 0 6 3 2 2 6 1 0 2 0 0 0 6 3 0 3 3 0 13 18 3 8 5 0 0 0 1 0 2 0 0 3 13 4 0 6 3 3 0 3 0 3 14 22 0 22 3 3 3 3 2 0 0 6 19 9 22 18 15 14
split_gain=5934.52 1747.17 1144.43 1340.25 825.601 818.391 584.082 609.972 1135.04 929.651 548.599 635.111 557.997 504.963 1532.19 607.608 1025.59 744.712 803.512 687.087 591.785 552.525 490.234 473.598 630.317 433.038 430.155 500.384 512.922 631.886 462.523 655.316 507.886 427.096 496.622 414.988 517.793 1080.75 398.445 974.017 382.469 776.6 498.963 975.585 447.37 380.155 376.589 373.17 368.259 345.162 582.056 545.943 336.292 328.994 328.322 324.063 556.402 467.668 608.424 789.106 451.552 545.055
threshold=-0.43878702819347376 0.35635852813720709 -1.149046719074249 0.23542753793299201 -0.72815677523612965 -0.81113922595977772 -0.24429284036159513 0.23542753793299201 -1.1897694468498228 -1.457001209259033 1.1728230714797976 -0.14414230734109876 1.7035850882530215 -1.3655410408973692 1.0000000180025095e-35 -0.25424566864967341 -1.0564287304878233 -0.18533226102590558 -0.1616052761673927 0.99505805969238292 0.33955676853656774 0.85958698391914379 1.333412289619446 1.0000000180025095e-35 0.74835324287414562 1.1721898317337038 -0.97423034906387318 -0.20087077468633649 -1.0000000180025095e-35 0.44977006316185003 -0.24429284036159513 1.0529443025588991 1.318063020706177 -0.14171914011240003 1.3332802057266238 -0.57599145174026478 1.1745052933692934 1.0000000180025095e-35 -0.52379089593887318 -0.53287750482559193 -0.18582036346197126 -1.0000000180025095e-35 -0.1128837652504444 0.15903349965810779 1.3962825536727907 0.41249075531959539 1.6943233013153078 0.45701609551906591 -0.49729524552822107 -0.31494747102260584 -0.35084192454814905 -0.36534266173839564 0.6059766709804536 -0.5065099149942397 1.2949085831642153 1.0000000180025095e-35 -0.67850741744041432 0.30946898169349885 0.53442355990409862 -0.29435671865940088 -1.0164967775344846 1.1890759468078616
decision_type=2 2 2 2 2 2 2 2 2 2 2 2 2 2 2 2 2 2 2 2 2 2 2 2 2 2 2 2 2 2 2 2 2 2 2 2 2 2 2 2 2 2 2 2 2 2 2 2 2 2 2 2 2 2 2 2 2 2 2 2 2 2
left_child=4 10 3 -3 -1 23 48 8 55 -9 12 -12 13 14 -2 16 -15 19 35 -17 21 -16 26 24 -6 -24 -4 45 -29 -30 -31 -32 -33 -20 40 -19 -37 -38 39 -11 41 -35 -42 44 -44 -28 -25 -22 -7 50 51 -18 -51 -41 -45 -8 60 58 -58 -60 -57 -62
right_child=1 2 22 -5 5 6 7 9 -10 38 11 -13 -14 15 20 17 49 18 33 -21 47 -23 25 46 -26 -27 27 28 29 30 31 32 -34 34 -36 36 37 -39 -40 53 42 -43 43 54 -46 -47 -48 -49 -50 52 -52 -53 -54 -55 -56 56 57 -59 59 -61 61 -63
leaf_value=-0.010375712448499675 -0.022401813643877399 -0.0164023282491313 0.013155298824683829 0.011143269944911875 -0.00062977860532404696 0.0010504325483122413 -0.021303803868461084 0.020326128855831037 -0.0038660920530958938 -0.0024665154049172012 -0.014004442172146673 0.00014193527202327588 0.021395972577251239 0.0078338044753535306 -0.067337804629156991 0.0048892813358616602 0.0014763832086323709 -0.018131607778663596 0.016836163579005838 0.02030276503030299 -0.070367620119618043 0.11727372162871891 0.017559956983010112 -0.016937941026020337 -0.015673005006637281 0.005898195684985375 -0.0034382969269051572 0.017346842716033324 -0.0093120947251975842 0.01327063240385982 0.019612754124614828 -0.011434313128603501 0.0045461643001052446 0.025150378683263787 -0.011560749168434945 -0.009406089209393606 -0.015851912654066009 0.03624321376686248 -0.010911677189210342 0.0018088780864539634 -0.011358418050387913 0.0037186810345667233 0.0011457586805410612 0.015758794605252969 -0.028550221706076153 0.0087543104169432416 -0.003647220935281885 0.010743942827354223 0.014608143487652762 -0.012680517043724783 0.0078204020634800205 -0.010975565468294625 0.0010461284392868969 0.023799647681709779 0.002163173321095997 -0.019254814216068814 -0.053958730852449101 -0.045410007376863501 0.12177678339183332 0.00073680557924158438 0.054106646343047571 -0.086823172012964897
leaf_weight=59476 8208 10440 24109 7653 24111 29571 13680 5102 96001 59672 12058 23199 3625 24118 408 18074 17172 6044 5988 12051 144 45 23884 21805 9791 11940 20933 12053 6017 23177 6029 6031 28314 6030 5474 8032 1824 2192 10211 2550 6030 14136 72028 17583 1291 9204 7054 9288 6030 17151 12058 18061 6031 5107 5941 455 385 990 160 850 805 75
leaf_count=59476 8208 10440 24109 7653 24111 29571 13680 5102 96001 59672 12058 23199 3625 24118 408 18074 17172 6044 5988 12051 144 45 23884 21805 9791 11940 20933 12053 6017 23177 6029 6031 28314 6030 5474 8032 1824 2192 10211 2550 6030 14136 72028 17583 1291 9204 7054 9288 6030 17151 12058 18061 6031 5107 5941 455 385 990 160 850 805 75
internal_value=-1.79345e-11 0.00337803 0.00720955 -0.00475106 -0.00500257 -0.00391709 -0.0025449 -0.00361482 -0.00599572 -0.000347761 0.00120275 -0.00469617 0.00189826 0.001659 -0.00643419 0.00218704 -0.00106583 0.00387101 0.0024527 0.0110552 0.00682451 -0.0489989 0.00846997 -0.00898167 -0.00497431 0.0136731 0.00709805 0.00579135 0.00782432 0.0061745 0.00764077 0.0044089 0.00173998 0.0037834 0.00317521 -0.00744008 -0.00207657 0.0125825 -0.00170807 -0.000312265 0.00383081 0.0101271 0.00259656 0.00346547 0.000622872 0.00028539 -0.0136893 0.0095056 0.0033468 -0.00411155 -0.0016616 -0.00490669 -0.00910941 0.0164761 0.0123252 -0.0177455 -0.00466029 -0.0191277 -0.000475657 0.0199115 0.0211859 0.0420956
internal_weight=877949 524068 189784 18093 353881 294405 231644 196043 113401 82642 334284 35257 299027 295402 18093 277309 94591 182718 152593 30125 9885 453 171691 62761 33902 35824 135867 111758 81621 69568 63551 40374 34345 134501 128513 18092 12048 4016 77540 67329 123039 20166 102873 96843 73319 30137 28859 9432 35601 70473 47291 35233 23182 7657 23524 17400 3720 2385 1395 1010 1335 880
internal_count=877949 524068 189784 18093 353881 294405 231644 196043 113401 82642 334284 35257 299027 295402 18093 277309 94591 182718 152593 30125 9885 453 171691 62761 33902 35824 135867 111758 81621 69568 63551 40374 34345 134501 128513 18092 12048 4016 77540 67329 123039 20166 102873 96843 73319 30137 28859 9432 35601 70473 47291 35233 23182 7657 23524 17400 3720 2385 1395 1010 1335 880
is_linear=0
shrinkage=0.05


Tree=49
num_leaves=63
num_cat=0
split_feature=3 3 2 0 3 2 0 22 3 0 6 8 22 0 0 5 8 5 0 3 2 2 0 0 12 13 0 22 4 0 22 0 2 3 2 2 6 3 12 8 22 7 0 3 0 7 0 0 5 6 0 0 0 3 3 3 3 3 0 2 2 0
split_gain=5356.54 1564.99 1127.1 1026.48 782.626 864.837 815.24 1165.03 735.512 584.638 568.036 566.789 536.01 510.827 941.393 504.529 725.576 492.898 480.477 476.904 430.53 812.929 430.132 403.407 378.767 350.62 769.352 657.744 341.189 331.046 310.326 308.967 308.858 308.037 408.148 377.199 343.037 473.061 299.905 297.435 269.761 268.138 250.575 246.642 294.576 246.16 236.309 234.68 227.961 226.289 223.886 602.705 569.404 508.55 419.79 400.342 776.423 358.564 335.842 356.602 640.35 359.363
threshold=-0.41558174788951868 0.58063930273056041 0.6059766709804536 1.0587329268455508 -0.67935135960578907 -0.81113922595977772 -0.95802223682403553 0.93363687396049511 -0.68251031637191761 1.6943233013153078 1.0000000180025095e-35 1.0000000180025095e-35 1.0106258392333987 0.20433260500431064 -0.68595710396766651 0.74835324287414562 -1.0000000180025095e-35 0.74835324287414562 0.49029040336608892 1.0011113286018374 0.88939985632896434 1.4562462568283083 -1.3365979194641111 0.3965147733688355 -0.68629828095436085 -1.4239524602890012 1.2150256037712099 -0.27105654776096338 -0.28720723092555994 -1.457001209259033 0.56505450606346141 -1.0205392837524412 1.0000000180025095e-35 0.052134748548269279 -0.81113922595977772 0.6059766709804536 0.23542753793299201 -0.074210610240697847 -1.0295194983482359 -0.18441987375263122 0.56505450606346141 0.53506958484649669 -0.51692941784858693 -0.68651545047759999 -0.40463021397590632 -0.85499599575996388 0.62690186500549328 -1.1640971302986143 0.74835324287414562 0.23542753793299201 -0.29348869621753687 -0.18582036346197126 -0.16613905131816861 0.15903349965810779 -0.37020635604858393 -0.18533226102590558 -0.34548528492450709 0.49141664803028112 0.69404986500740062 0.32255351543426519 0.6059766709804536 1.3574256896972658
decision_type=2 2 2 2 2 2 2 2 2 2 2 2 2 2 2 2 2 2 2 2 2 2 2 2 2 2 2 2 2 2 2 2 2 2 2 2 2 2 2 2 2 2 2 2 2 2 2 2 2 2 2 2 2 2 2 2 2 2 2 2 2 2
left_child=4 11 13 12 8 9 7 22 20 15 -9 17 -4 14 19 16 18 33 24 -3 40 -22 49 39 -6 -5 27 -27 -8 -12 42 -17 -30 34 36 -35 37 -2 -25 48 47 -28 -16 -23 -45 -13 -36 -1 -15 -7 54 -52 -53 55 -47 56 -54 -55 -57 61 -61 -60
right_child=1 2 3 25 5 6 28 10 -10 -11 29 45 -14 23 30 31 -18 -19 -20 -21 21 43 -24 38 -26 26 41 -29 32 -31 -32 -33 -34 35 46 -37 -38 -39 -40 -41 -42 -43 -44 44 -46 50 -48 -49 -50 -51 51 52 53 57 -56 58 -58 -59 59 60 -62 -63
leaf_value=-0.027911896450710835 0.0047217752652544505 0.019870097695761504 -0.01441353100347679 -0.0046864286870051189 -0.0067140364298469285 -0.018293710494627049 -0.0017303599499432526 -0.028641312533066055 -0.025774756369910796 0.0028109242933699891 0.016877623992826191 0.0025040054407306327 0.0036645333130220811 0.032031712080600419 -0.016946616377008786 0.0011224275757639489 -0.015145504834156949 -0.00059513210974476856 -0.015319326067862297 0.0058058338723906465 0.013915357306016011 -0.0034915022021003565 -0.0065437908624899795 -0.00039990732848556418 0.010354171312969533 0.0025198643913830658 0.0096974170383249125 0.042716643186886734 0.010525319830118639 0.001926076249627477 0.0091468789832984121 -0.021523297373213759 0.0020989273277043992 0.0046813788590970833 -0.0053336961932364552 0.013181076899120823 0.011170074065570558 -0.017452349212741348 0.012457577658957115 0.013898447843911433 -0.0059077018431682978 -0.002508083143755291 -0.0018024729657853578 -0.019567562890723086 -0.003905492493198057 0.0079001242386917952 0.00250005851370476 -0.010881790832588879 0.013691325901971949 0.035928111978484174 0.018752665021034502 -0.027348700561517315 -0.011904747732152542 0.011557195895221377 -0.0061951264170910843 0.0035017382498259684 0.010206625426875499 -0.011322841569096116 -0.0085233743225256158 -0.042660211128565995 -0.0098626310948167883 0.0074319913079280188
leaf_weight=2120 23618 12051 11813 5252 5148 14555 44497 1190 5342 10115 5686 46133 6280 5905 3786 1728 15369 57392 4147 12059 6029 35926 22024 5195 8818 1582 12521 2853 14055 10611 4485 11734 48059 36023 16269 20470 19856 2678 35718 9801 36373 7024 9806 6029 5980 6037 23579 44182 2376 195 4025 2013 5719 11766 42257 8021 12983 2004 10067 1710 11476 5434
leaf_count=2120 23618 12051 11813 5252 5148 14555 44497 1190 5342 10115 5686 46133 6280 5905 3786 1728 15369 57392 4147 12059 6029 35926 22024 5195 8818 1582 12521 2853 14055 10611 4485 11734 48059 36023 16269 20470 19856 2678 35718 9801 36373 7024 9806 6029 5980 6037 23579 44182 2376 195 4025 2013 5719 11766 42257 8021 12983 2004 10067 1710 11476 5434
internal_value=-9.54525e-12 0.00325533 0.00759041 0.00122123 -0.00468554 -0.00280361 -0.00092775 -0.00591694 -0.00757418 -0.00809239 0.00470753 0.00151315 -0.00813872 0.0105694 0.00636822 -0.0104417 -0.00715493 0.00331715 -0.00037487 0.0128356 -0.00686262 -0.0033887 -0.0109691 0.0135737 0.00406267 0.00701452 0.00957721 0.0283781 0.00161156 0.00714265 -0.00225763 -0.0186165 0.00400563 0.0048929 0.00300871 0.00776121 0.00620936 0.00246355 0.010825 0.019793 -0.00913013 0.00531106 -0.00602082 -0.00556511 -0.0117685 -0.000612424 -0.000698279 -0.0116615 0.0267695 -0.0175769 -0.00177644 -7.06951e-05 -0.0011349 -0.000372132 -0.00443315 -0.00250921 0.00344505 0.00822738 -0.00554278 -0.00807167 -0.0141159 -0.00293009
internal_weight=877949 518037 148507 47325 359912 217931 160872 54261 141981 57059 17487 369530 18093 101182 42187 46944 33482 199885 18113 24110 136639 53964 36774 58995 13966 29232 23980 4435 106611 16297 18077 13462 62114 142493 86000 56493 46152 26296 40913 18082 82675 19545 13592 47935 12009 169645 39848 46302 8281 14750 123512 75218 71193 69180 48294 55410 18702 13770 36708 28687 13186 15501
internal_count=877949 518037 148507 47325 359912 217931 160872 54261 141981 57059 17487 369530 18093 101182 42187 46944 33482 199885 18113 24110 136639 53964 36774 58995 13966 29232 23980 4435 106611 16297 18077 13462 62114 142493 86000 56493 46152 26296 40913 18082 82675 19545 13592 47935 12009 169645 39848 46302 8281 14750 123512 75218 71193 69180 48294 55410 18702 13770 36708 28687 13186 15501
is_linear=0
shrinkage=0.05


Tree=50
num_leaves=63
num_cat=0
split_feature=3 3 0 6 3 1 6 0 13 0 0 2 4 3 0 0 2 3 3 3 0 0 0 8 12 9 18 0 3 14 8 2 0 6 0 8 3 0 3 3 0 7 2 13 0 3 6 3 6 2 0 0 3 0 4 0 0 0 4 13 18 13
split_gain=4861.08 1790.09 1343.41 988.933 796.668 545.119 809.031 676.576 587.002 555.32 685.306 618.774 512.547 513.443 496.085 473.49 1107.91 1216.73 956.958 1412.71 466.966 1022.42 558.269 445.634 438.014 420.2 415.126 414.444 413.382 409.013 388.238 493.503 371.968 715.732 418.833 358.72 354.667 349.201 332.423 300.101 295.213 284.371 324.595 277.035 335.263 276.625 272.073 268.555 265.458 347.515 273.802 260.994 294.781 256.221 253.646 247.023 475.203 516.792 241.264 239.036 250.914 238.716
threshold=-0.53287750482559193 0.15903349965810779 -1.149046719074249 1.0000000180025095e-35 -0.53020739555358876 -0.99470815062522877 -1.0000000180025095e-35 -1.3655410408973692 0.43286409974098211 -0.92676365375518788 -0.74500101804733265 -0.81113922595977772 -0.43159933388233179 -0.76847952604293812 1.7035850882530215 0.19391308724880221 1.1728230714797976 -0.078671745955944047 -0.2678180187940597 -0.18533226102590558 -0.1128837652504444 0.3965147733688355 -0.18582036346197126 0.53518827259540569 -1.0295194983482359 -0.85614114999771107 -0.73696890473365773 -1.2185100913047788 1.9536987543106081 1.2926793098449709 1.0000000180025095e-35 0.32255351543426519 1.0263165831565859 1.0621489584445956 0.69404986500740062 0.85218852758407604 -0.25424566864967341 0.11866103112697603 -0.30077947676181788 -0.36534266173839564 1.3574256896972658 0.53506958484649669 1.4562462568283083 -0.5561939775943755 0.99505805969238292 -0.18013582378625867 0.6487882286310197 0.94304263591766369 -0.59129387140274037 1.4562462568283083 -0.85266935825347889 0.44977006316185003 0.72558912634849559 -1.1085263490676878 -0.57599145174026478 1.5032989382743838 0.75193604826927196 0.32473587989807134 1.3011059165000918 0.28357230126857763 0.78054961562156688 0.33955676853656774
decision_type=2 2 2 2 2 2 2 2 2 2 2 2 2 2 2 2 2 2 2 2 2 2 2 2 2 2 2 2 2 2 2 2 2 2 2 2 2 2 2 2 2 2 2 2 2 2 2 2 2 2 2 2 2 2 2 2 2 2 2 2 2 2
left_child=12 4 3 27 -2 6 7 -6 -8 11 48 -7 -1 61 15 16 17 23 24 36 22 -22 35 37 -17 -15 46 -3 59 30 45 40 33 -31 -35 -4 -20 -12 -13 -26 -32 47 -43 44 -38 -21 -5 51 49 -11 -50 -23 -53 -37 -24 56 57 58 -27 60 -28 -14
right_child=1 2 20 26 5 9 8 -9 -10 10 14 38 13 25 -16 18 -18 -19 19 29 21 41 54 -25 39 55 28 -29 -30 32 31 -33 -34 34 -36 53 43 -39 -40 -41 -42 42 -44 -45 -46 -47 -48 -49 50 -51 -52 52 -54 -55 -56 -57 -58 -59 -60 -61 -62 -63
leaf_value=-0.0081455460466046559 0.018326140787161872 -0.018310021990719554 0.0076605555343320798 0.0020075392473208335 -0.02452191823193001 0.011192014860534555 -0.010441203382013049 -0.0018243395990790287 0.0087878269786506296 -0.0096406913660634936 0.0086612874663529963 -0.0060163005833998254 -0.024605068875591201 -0.0071129480953260179 0.0095849308998392554 -0.021993237649943629 -0.0062243394360482762 0.020673639247570492 0.00076413577937392498 -0.008152987187983813 0.018407309741596167 -0.005999426024263471 -0.024916186396059394 -0.0032972614830669902 -0.0024642627047397562 0.0010755990510285232 -0.049084459269046782 0.0034502159014146924 -0.007690811236219822 -0.0056598524596317163 -0.0046416589584287937 -0.012332716985607976 0.0053059307967799193 -0.0029366669403389101 -0.080518007698083954 0.01224492231883067 -0.0071708174253880029 -0.0076684834513417195 0.005731198878623083 -0.01181335863679165 0.0075645784528290657 0.0052935191482272187 -0.0088829199845937758 0.019999805476477353 0.015054217991614206 0.0030000085187267362 -0.028092039591435483 0.013052658479172648 -0.019331748995209792 0.015790400841952143 -0.0033168650718830802 0.011009291507605412 0.0020831538600584961 -0.0025468735613733647 -0.0031733537220708604 -0.0096412988469173223 0.010775454249414004 -0.0095861311179438607 -0.0055582267944068314 0.014153162893711817 0.10394717300931614 -0.0067017725105262315
leaf_weight=106175 6012 10944 51211 1550 8208 24076 6666 5472 9809 4030 26364 12044 4129 48420 13804 5192 24106 12045 6031 6493 23934 3756 2014 18083 20213 68517 250 2735 3207 1213 15652 15496 1003 225 767 3512 2580 3738 12044 14919 7247 37300 4528 10542 4957 38677 1456 25551 8028 2015 3998 25602 14481 17594 4016 8844 8007 17931 17133 9982 30 3391
leaf_count=106175 6012 10944 51211 1550 8208 24076 6666 5472 9809 4030 26364 12044 4129 48420 13804 5192 24106 12045 6031 6493 23934 3756 2014 18083 20213 68517 250 2735 3207 1213 15652 15496 1003 225 767 3512 2580 3738 12044 14919 7247 37300 4528 10542 4957 38677 1456 25551 8028 2015 3998 25602 14481 17594 4016 8844 8007 17931 17133 9982 30 3391
internal_value=-1.10225e-11 0.00256296 0.00585703 -0.00402199 0.000281194 -3.25882e-05 -0.00645531 -0.0154429 0.00100751 0.000581126 -0.000309 0.00552332 -0.00540084 -0.00374855 0.000372406 -0.000167494 0.00283422 0.00645975 -0.00184171 0.000557014 0.00725231 0.0090327 0.00418106 0.00290665 -0.00843772 -0.00317923 0.0042288 -0.0139592 0.0079783 -0.00241787 -0.00174528 -0.00544182 -0.0199382 -0.0314211 -0.0629214 0.00539983 0.0112638 0.00663349 -0.000142551 -0.00643441 -0.000778669 0.00701529 0.00375888 0.0147664 0.00744634 0.00139681 -0.0125716 0.00897825 -0.00971116 -0.00116366 -0.0140077 0.00660353 0.0077845 -8.55456e-05 -0.0104354 -0.00159766 -0.000960158 -0.00186734 -0.000251398 0.0128751 -0.0326882 -0.0165319
internal_weight=877949 595402 243653 30154 351749 345737 30155 13680 16475 315582 267418 48164 282547 176372 249347 235543 84336 60230 151207 110883 213499 135152 78347 48185 40324 168852 16475 13679 13469 86773 83565 38395 3208 2205 992 72317 24110 30102 24088 35132 22899 111218 41828 18079 7537 45170 3006 69390 18071 6045 12026 43839 40083 21106 6030 120432 111588 103581 85650 10262 280 7520
internal_count=877949 595402 243653 30154 351749 345737 30155 13680 16475 315582 267418 48164 282547 176372 249347 235543 84336 60230 151207 110883 213499 135152 78347 48185 40324 168852 16475 13679 13469 86773 83565 38395 3208 2205 992 72317 24110 30102 24088 35132 22899 111218 41828 18079 7537 45170 3006 69390 18071 6045 12026 43839 40083 21106 6030 120432 111588 103581 85650 10262 280 7520
is_linear=0
shrinkage=0.05


Tree=51
num_leaves=63
num_cat=0
split_feature=3 3 0 14 3 0 0 0 4 3 0 4 3 9 17 0 8 3 5 3 3 3 0 0 3 2 2 0 6 5 6 0 2 3 4 6 3 0 6 22 1 2 0 1 6 3 3 14 5 6 5 3 0 0 3 2 14 6 22 0 6 6
split_gain=4387.13 1618.98 1156.54 897.442 730.956 501.836 673.606 675.965 496.029 489.324 766.095 462.574 463.382 455.851 449.726 407.095 390.48 383.26 379.231 378.744 406.007 490.325 377.718 342.798 668.084 373.279 329.362 739.5 323.902 813.048 797.704 300.323 299.473 296.628 257.655 251.868 245.157 232.657 427.896 380.914 232.055 393.898 356.258 353.39 254.794 256.92 253.876 230.306 255.754 261.638 227.354 223.124 570.522 225.781 218.187 410.853 218.169 250.459 218.127 239.108 250.261 298.282
threshold=-0.53287750482559193 0.13408648967742923 -1.149046719074249 0.9818691909313203 -0.53020739555358876 1.6248599290847781 1.4488858580589297 1.3481638431549074 -0.43159933388233179 0.94304263591766369 -1.1085263490676878 -0.43159933388233179 -0.76847952604293812 -0.85614114999771107 -0.055877291234588893 0.45671640336513525 -0.18441987375263122 0.69440227746963512 0.74835324287414562 0.072571337223052992 -0.074210610240697847 -0.078671745955944047 1.0413669943809511 0.69404986500740062 -0.18533226102590558 0.6059766709804536 0.6059766709804536 -1.0000000180025095e-35 0.23542753793299201 0.74835324287414562 1.0000000180025095e-35 1.1745052933692934 0.6059766709804536 0.58063930273056041 1.1567137837409975 0.23542753793299201 0.41323180496692663 -1.2185100913047788 0.6487882286310197 1.1788991093635561 1.1509661078453066 1.0000000180025095e-35 0.45671640336513525 -0.60458552837371815 0.23542753793299201 -0.074210610240697847 0.072571337223052992 1.228543817996979 -0.74995630979537953 1.0000000180025095e-35 -1.2493928074836729 -0.57843363285064686 0.32473587989807134 0.75193604826927196 -0.41558174788951868 -0.81113922595977772 1.2926793098449709 1.0621489584445956 0.90637847781181347 -1.1895670294761655 1.0000000180025095e-35 0.23542753793299201
decision_type=2 2 2 2 2 2 2 2 2 2 2 2 2 2 2 2 2 2 2 2 2 2 2 2 2 2 2 2 2 2 2 2 2 2 2 2 2 2 2 2 2 2 2 2 2 2 2 2 2 2 2 2 2 2 2 2 2 2 2 2 2 2
left_child=11 4 3 37 -2 6 7 8 15 10 -4 -1 -13 32 -11 19 -12 22 51 20 21 54 33 -17 25 -25 27 -19 29 47 -31 56 -10 36 40 -22 -18 39 -39 -3 41 42 43 44 45 -15 -43 48 -5 -50 -49 52 -14 -53 55 -6 -26 -58 -20 60 -60 -62
right_child=1 2 9 28 5 -7 -8 -9 13 14 16 12 18 34 -16 23 17 26 58 -21 35 -23 -24 24 31 -27 -28 -29 -30 30 -32 -33 -34 -35 -36 -37 -38 38 -40 -41 -42 46 -44 -45 -46 -47 -48 50 49 -51 -52 53 -54 -55 -56 -57 57 -59 59 -61 61 -63
leaf_value=-0.0077382687787924745 0.017409833712240572 -0.015899302864547077 0.022654715906525492 0.00028722805954102011 -0.025529616919819528 0.0067733578142004092 -0.010945973297646015 0.011396221657754176 -0.00039840744000238276 0.0076066216001784651 0.0071833119689785193 -0.015705323897539075 -0.00017787947509592195 0.0033651246558527195 0.016764692681918488 -0.017984096620119794 0.0013085127840203187 -0.012750240058792987 -0.0087627324871901741 0.01889827002212735 -0.018928514569537105 0.022411778724976461 0.0095261338318463271 0.023288443902092681 -0.0071929210626595717 -0.00017209982904940131 -0.013392791043763723 0.0089645874723291909 0.01037740202649458 -0.018781998298234411 0.088012578320853851 -0.027977543823199683 -0.0086796092623708885 0.0090621407721741248 -0.0012154298825043058 -0.0020599629162611033 -0.0095235325666368238 0.0057286800123452948 -0.024323748884525039 0.063754860553155213 0.0087530218125172581 -0.0037832477262710025 -0.0042539677073934086 0.016863723710453627 0.010351749479753987 -0.014721186768793075 0.014931093035237337 0.056559054127761299 -0.018580530314809746 -0.084701547492295512 -0.09503431211946145 -0.00050195999312496839 -0.0087121729236945937 0.0099895647010519034 0.0010163048976419144 -0.0029409744188253636 -0.011005377918958649 -0.069121619009104393 -0.031089239490609016 -0.0048846282213602394 0.058021857670407642 0.0095776432231430789
leaf_weight=106175 6012 11940 6022 576 2265 24028 15330 12062 33478 46165 72941 7520 69542 14710 18891 6770 26124 6538 35679 2258 5215 2265 21824 2259 15088 6797 6041 9794 10082 360 340 2266 16200 9798 32904 3844 6529 4198 1650 152 19687 23595 7864 7876 12526 2266 1963 28 360 256 212 16108 27259 7523 36189 18094 459 311 310 9811 370 2250
leaf_count=106175 6012 11940 6022 576 2265 24028 15330 12062 33478 46165 72941 7520 69542 14710 18891 6770 26124 6538 35679 2258 5215 2265 21824 2259 15088 6797 6041 9794 10082 360 340 2266 16200 9798 32904 3844 6529 4198 1650 152 19687 23595 7864 7876 12526 2266 1963 28 360 256 212 16108 27259 7523 36189 18094 459 311 310 9811 370 2250
internal_value=-2.56555e-13 0.00243481 0.00538782 -0.00382089 0.00013281 -0.000183317 -0.000732192 -0.000190798 -0.000695085 0.00659163 0.00514827 -0.0051308 -0.00356112 0.000945282 0.0102659 -0.00342276 0.00448768 0.00221847 -0.00302027 -0.00124704 -0.00191725 -0.000399518 0.00418038 -0.0079171 -0.00540962 0.00568008 -0.00341786 0.000271743 0.00663312 -0.0110732 0.0330897 -0.0109508 -0.00309891 0.00143213 0.0025735 -0.0117707 -0.000857366 -0.0109382 -0.00275054 -0.014898 0.00395127 0.00261608 0.00541917 0.00745432 0.00494234 0.000950917 -0.00234588 -0.0326611 -0.0236637 -0.0460594 -0.0773484 -0.00151778 -0.00258112 0.00283805 -0.00131321 -0.00545403 -0.00851779 -0.0344783 -0.0067573 -0.00114143 0.0113925 0.016419
internal_weight=877949 595402 260821 30154 334581 328569 304541 289211 277149 230667 165611 282547 176372 173069 65056 104080 159589 86648 168852 70130 67872 58813 64275 33950 27180 9056 22373 16332 12214 2132 700 18124 49678 42451 123391 9059 32653 17940 5848 12092 90487 70800 45242 37378 29502 16976 25558 1432 1192 616 240 120432 96801 23631 56548 20359 15858 770 48420 12741 2930 2620
internal_count=877949 595402 260821 30154 334581 328569 304541 289211 277149 230667 165611 282547 176372 173069 65056 104080 159589 86648 168852 70130 67872 58813 64275 33950 27180 9056 22373 16332 12214 2132 700 18124 49678 42451 123391 9059 32653 17940 5848 12092 90487 70800 45242 37378 29502 16976 25558 1432 1192 616 240 120432 96801 23631 56548 20359 15858 770 48420 12741 2930 2620
is_linear=0
shrinkage=0.05


Tree=52
num_leaves=63
num_cat=0
split_feature=3 3 2 3 2 3 0 2 6 1 0 0 4 3 3 8 5 3 3 0 0 9 6 22 0 7 3 4 17 12 22 6 22 19 19 5 15 10 10 18 18 5 22 15 15 13 22 14 2 0 3 0 0 0 3 11 0 0 0 4 0 0
split_gain=3962.88 1174.45 802.336 610.477 668.835 564.446 682.072 491.289 496.422 898.988 735.708 463.425 436.1 378.313 373.9 372.641 388.836 351.106 779.898 343.424 350.756 343.39 336.518 333.792 442.851 346.692 318.109 579.006 303.415 302.109 300.593 348.469 496.665 471.909 614.478 497.184 316.9 509.806 440.943 373.682 306.41 295.778 472.146 289.484 286.18 283.055 313.862 274.799 556.254 326.587 273.21 257.211 255.976 500.879 607.73 457.851 353.81 342.967 315.416 255.091 253.985 370.672
threshold=-0.43878702819347376 0.35635852813720709 0.88939985632896434 -0.72815677523612965 -0.81113922595977772 0.94304263591766369 -0.97423034906387318 -0.24429284036159513 0.23542753793299201 -1.1897694468498228 -1.457001209259033 -0.51692941784858693 -0.43159933388233179 0.79533234238624584 0.77002382278442394 -0.85498791933059681 0.74835324287414562 -0.52379089593887318 -0.53287750482559193 1.6943233013153078 -1.0205392837524412 -0.85614114999771107 0.23542753793299201 1.2510103583335879 1.2150256037712099 0.53506958484649669 0.85678997635841381 -0.57599145174026478 -0.055877291234588893 -1.0295194983482359 1.4189848899841311 1.0000000180025095e-35 0.34840300679206854 -0.7719002068042754 0.53559884428977977 -1.2493928074836729 -1.0164967775344846 -0.79733012616634358 1.0000000180025095e-35 0.51182064414024364 0.41697965562343603 0.74835324287414562 0.90637847781181347 -0.66561439633369435 1.2642387151718142 1.0673541426658633 1.1788991093635561 -0.12323328107595442 -1.0000000180025095e-35 1.3782647252082827 -0.49729524552822107 -0.5065099149942397 -0.47525136172771448 -0.40463021397590632 -0.61042973399162281 0.61866869032382976 -0.44167736172676081 -0.49609039723873133 -0.41852289438247675 1.445498049259186 1.59591680765152 0.53312620520591747
decision_type=2 2 2 2 2 2 2 2 2 2 2 2 2 2 2 2 2 2 2 2 2 2 2 2 2 2 2 2 2 2 2 2 2 2 2 2 2 2 2 2 2 2 2 2 2 2 2 2 2 2 2 2 2 2 2 2 2 2 2 2 2 2
left_child=3 12 5 -1 15 6 -3 50 9 30 -10 22 -2 14 60 16 -5 18 -12 20 -17 -14 -8 24 -4 -26 27 -15 47 -28 31 -9 -33 36 45 -36 37 -34 -38 -39 -40 43 44 -37 -43 -35 -47 -7 -49 -50 -6 -20 57 55 -55 56 -54 -11 -57 -29 61 -13
right_child=1 2 23 4 7 28 11 8 10 52 17 13 21 26 -16 19 -18 -19 51 -21 -22 -23 -24 -25 25 -27 29 59 -30 -31 -32 32 33 34 35 41 38 39 40 -41 -42 42 -44 -45 -46 46 -48 48 49 -51 -52 -53 53 54 -56 58 -58 -59 -60 -61 -62 -63
leaf_value=-0.0087083340569668148 -0.0013490247889446029 0.014068763965094867 -0.01188925916393836 0.0029582953599208229 0.0015114707011904276 0.0043772084727391409 -0.012850033670183329 -0.018611632201527766 0.018443416105463819 -0.0047266874345758131 -0.0017755150749784307 0.0026141611426157012 -0.00081711521009478086 -0.021544370077204604 0.018951054881042387 0.00069838586960146499 -0.013142886062718609 -0.0097977037031059134 0.0022059492320387979 -0.0024640161154851977 -0.014633821210378071 0.0036669716796662553 0.004067244413831053 0.0071433379062136905 0.0092695943394515701 -0.0088308231648092511 -0.015722494829127055 0.0050504946591749967 0.016773261950215501 0.0083767775687183244 -0.09606951451819877 -0.04850531709690889 -0.083321270805138806 -0.036469669631186953 0.13667713064896433 0.15341106534004212 0.086912501130575026 0.074611784015383043 0.037193209081888202 -0.086938186883926405 -0.081313277006149293 -0.057001430654525759 0.086302160102388142 -0.045088210105896004 0.14670457482337951 -0.021397907504668606 0.10447510741651059 0.0069492691886427153 0.038349916473288753 0.01451933787213654 0.013189174318615965 0.021650198943408663 0.0012219519952249925 -0.0088190687919195831 0.0029641067901417257 0.0087250879978593137 0.033518592942879129 -0.021124888896749548 -0.01442519582589416 -0.021892553099842265 -0.0012493354633783379 0.012739806518283443
leaf_weight=59476 125726 18080 10959 12937 29571 17485 6958 13675 5102 38200 59672 18075 59898 4029 6024 4272 5280 10211 2550 10858 29414 148660 5090 8044 6835 4316 1483 7028 18155 10565 115 480 130 1175 95 20 405 175 200 45 75 125 230 225 20 130 80 11595 2765 2995 6030 5107 1272 23061 20824 4414 2544 3479 2207 1004 10221 18078
leaf_count=59476 125726 18080 10959 12937 29571 17485 6958 13675 5102 38200 59672 18075 59898 4029 6024 4272 5280 10211 2550 10858 29414 148660 5090 8044 6835 4316 1483 7028 18155 10565 115 480 130 1175 95 20 405 175 200 45 75 125 230 225 20 130 80 11595 2765 2995 6030 5107 1272 23061 20824 4414 2544 3479 2207 1004 10221 18078
internal_value=-3.71043e-12 0.00276042 0.00590181 -0.00408796 -0.00315454 0.00731478 0.00521878 -0.00191406 -0.00289532 -0.0050432 5.20094e-05 0.00341191 0.000976957 0.00484726 0.0072322 -0.00773303 -0.00170846 -0.00115811 0.000152151 -0.0101969 -0.0126894 0.00237914 -0.00570288 -0.00157822 -0.00475127 0.00226382 -0.000336112 -0.0060764 0.0115323 0.00541037 -0.0155001 -0.014964 -0.0011466 0.00611608 -0.0074807 0.0301624 0.0338377 -0.00481978 0.0537349 0.0415675 0.00487326 0.0138416 0.0417558 -0.0288842 -0.0289041 -0.0269138 0.0265537 0.00880124 0.0132584 0.0259588 0.00348941 0.0151747 -0.00314792 -0.000886385 -0.0032278 0.00895868 0.022753 -0.00609547 0.00100833 0.00168261 0.00570992 0.0076774
internal_weight=877949 524068 189784 353881 294405 159630 106635 231644 196043 113401 82642 88555 334284 76507 52398 62761 18217 77540 67329 44544 33686 208558 12048 30154 22110 11151 24109 12061 52995 12048 17400 17285 3610 3130 2100 715 1030 350 680 220 275 620 375 245 145 1385 210 34840 17355 5760 35601 7657 96001 54322 43885 10437 3816 41679 6621 8032 46374 36153
internal_count=877949 524068 189784 353881 294405 159630 106635 231644 196043 113401 82642 88555 334284 76507 52398 62761 18217 77540 67329 44544 33686 208558 12048 30154 22110 11151 24109 12061 52995 12048 17400 17285 3610 3130 2100 715 1030 350 680 220 275 620 375 245 145 1385 210 34840 17355 5760 35601 7657 96001 54322 43885 10437 3816 41679 6621 8032 46374 36153
is_linear=0
shrinkage=0.05


Tree=53
num_leaves=63
num_cat=0
split_feature=3 2 3 3 0 0 0 0 11 3 8 8 0 22 3 5 0 7 14 0 5 0 0 0 0 7 13 0 3 0 8 17 6 2 2 2 1 14 2 0 22 3 3 0 3 3 6 4 3 0 0 2 0 0 5 0 0 3 3 6 5 6
split_gain=3601.96 1211.09 1073.7 855.309 614.259 613.02 697.654 563.389 546.667 520.015 559.993 463.415 440.323 634.949 561.911 387.729 387.019 382.439 375.61 444.146 345.128 328.138 598.03 488.033 489.307 368.679 320.492 314.427 417.43 305.802 279.531 273.832 268.991 259.047 444.382 257.584 252.774 248.006 502.02 294.745 246.005 241.834 340.574 249.118 456.779 372.977 240.648 232.894 224.285 220.402 548.962 382.604 320.133 248.774 214.589 261.415 214.09 226.529 470.43 212.911 720.979 596.125
threshold=-0.2678180187940597 0.88939985632896434 0.94304263591766369 -0.57843363285064686 1.7035850882530215 -1.1224189996719358 -1.1085263490676878 -0.37105621397495264 0.61866869032382976 -0.28295548260211939 -0.18441987375263122 0.53518827259540569 -1.0000000180025095e-35 1.0106258392333987 -0.053872611373662942 0.74835324287414562 -1.5449882149696348 0.85204461216926586 1.1298739910125735 -1.2474532127380369 0.74835324287414562 1.4488858580589297 1.5415037870407107 1.2763850092887881 1.0529443025588991 -0.85499599575996388 1.0673541426658633 -0.36063669621944422 -0.73797869682312001 0.28421554714441305 -0.18441987375263122 -0.055877291234588893 0.6487882286310197 1.4562462568283083 0.88939985632896434 0.6059766709804536 -0.4095242172479629 -0.12323328107595442 0.6059766709804536 1.3782647252082827 0.45701609551906591 0.17546492815017703 0.35635852813720709 0.19391308724880221 -0.18533226102590558 -0.078671745955944047 0.6487882286310197 -0.72038355469703663 1.9536987543106081 -0.15108864009380338 0.75193604826927196 -0.81113922595977772 0.62690186500549328 -0.16613905131816861 -1.2493928074836729 1.1698743700981142 -0.18582036346197126 -1.0000000180025095e-35 -0.18533226102590558 0.23542753793299201 0.74835324287414562 1.0000000180025095e-35
decision_type=2 2 2 2 2 2 2 2 2 2 2 2 2 2 2 2 2 2 2 2 2 2 2 2 2 2 2 2 2 2 2 2 2 2 2 2 2 2 2 2 2 2 2 2 2 2 2 2 2 2 2 2 2 2 2 2 2 2 2 2 2 2
left_child=3 2 5 7 9 18 -7 8 47 10 15 20 13 -3 -15 -5 -10 -14 19 26 56 23 25 24 41 -23 -2 -9 29 30 40 37 -21 34 36 -22 -30 -4 -39 -40 -29 43 -43 45 -45 -13 -46 -1 -16 53 51 -51 -53 -12 55 -35 -8 58 -58 60 -20 -62
right_child=1 12 31 4 -6 6 11 27 16 -11 49 21 17 14 48 -17 -18 -19 59 32 35 22 -24 -25 -26 -27 -28 28 33 -31 -32 -33 -34 54 -36 -37 -38 38 39 -41 -42 42 -44 44 46 -47 -48 -49 -50 50 -52 52 -54 -55 -56 -57 57 -59 -60 -61 61 -63
leaf_value=-0.0047187587657637553 -0.016985125728513739 -0.011291104743374051 0.004158348010959211 0.0038645154446987442 0.012123229963643834 0.020818542108083208 0.0099379417392513446 -0.01559814353107173 -0.027775351654407501 -0.017198181602126869 -0.0024697984347662356 0.0033559144746096296 0.0052246424612501924 -0.026045663847210028 0.011667986376830759 -0.003274291864682693 -0.006324055559513893 -0.0073528709730394329 -0.04818778016990951 0.0044889135035591056 0.0037799703233782618 0.0087051702868110332 -0.0018818961418660366 0.010726306132649393 -0.0073993906206863526 -0.044114565982216886 0.018677070658584989 -0.02977175712407093 -0.040887705040937763 0.0099614830944458922 0.0037860119521745811 0.015934598680126685 -0.012043374544303532 -0.037754551182900165 -0.023338217046917274 -0.0044984792629819614 -0.0080052082133859944 0.0066018058485417174 0.036432420971506965 0.013793371115408477 0.00086126201108480702 -0.010467005939657971 0.0020615243310477148 0.021333651827140289 0.0015109418807170588 0.018872212751270986 -0.014338474622489781 0.0012336236531173047 -0.0046903932821270727 -0.017042625996685264 0.00078202872472550491 0.0024158037786038496 -0.016765236400965427 0.011648186363798855 0.0012861251607861077 0.0014172182530812819 0.011903402810637696 0.0070631767478293835 -0.0023422420802125974 0.0083698507508389447 -0.024151407554745676 0.13345113048950832
leaf_weight=23239 9450 24438 17485 66177 8692 6022 34862 12058 2208 5109 68606 9017 20695 1471 7337 26692 44066 8537 588 8398 37112 424 9600 13584 15814 1496 675 1684 590 5795 3256 18155 3480 840 5342 12582 62056 11595 2765 2995 1073 6780 27130 2255 7873 6789 3442 56110 2933 13060 15363 6534 3261 3269 10122 864 8059 59852 20631 7322 120 120
leaf_count=23239 9450 24438 17485 66177 8692 6022 34862 12058 2208 5109 68606 9017 20695 1471 7337 26692 44066 8537 588 8398 37112 424 9600 13584 15814 1496 675 1684 590 5795 3256 18155 3480 840 5342 12582 62056 11595 2765 2995 1073 6780 27130 2255 7873 6789 3442 56110 2933 13060 15363 6534 3261 3269 10122 864 8059 59852 20631 7322 120 120
internal_value=-3.27468e-12 0.00325478 0.00437339 -0.00315129 -0.000899415 0.00326062 0.00398194 -0.00528001 -0.00302846 -0.00144343 -0.00104684 0.00361631 -0.00301236 -0.00669986 0.00285648 0.00181271 -0.00734762 0.00155147 -0.00351706 -0.0069134 0.0052022 0.000981902 -0.00697661 0.00197109 0.000467543 -0.0324502 -0.0146076 -0.00800809 -0.00700919 0.00176512 -0.00613408 0.0109557 -0.000354693 -0.0083073 -0.00949532 0.00168395 -0.0083149 0.00836118 0.0125955 0.0246609 -0.0178497 0.00243334 -0.000443443 0.00575414 0.00078482 0.0100205 -0.00331042 -0.000509655 0.00699621 -0.00345902 -0.006527 -0.0114401 -0.00397004 -0.00182769 -0.00147735 -0.0178928 0.00661898 0.00531219 0.00165935 0.00565222 -0.0183798 0.0546499
internal_weight=877949 431883 366472 446066 216763 313477 283324 229303 125623 208071 202962 277302 65411 36179 11741 92869 46274 29232 30153 22003 173098 104204 11520 92684 79100 1920 10125 103680 91622 11808 6013 52995 11878 79814 67988 49694 62646 34840 17355 5760 2757 63286 33910 29376 13570 15806 11315 79349 10270 110093 38218 22855 9795 71875 11826 1704 123404 88542 28690 8150 828 240
internal_count=877949 431883 366472 446066 216763 313477 283324 229303 125623 208071 202962 277302 65411 36179 11741 92869 46274 29232 30153 22003 173098 104204 11520 92684 79100 1920 10125 103680 91622 11808 6013 52995 11878 79814 67988 49694 62646 34840 17355 5760 2757 63286 33910 29376 13570 15806 11315 79349 10270 110093 38218 22855 9795 71875 11826 1704 123404 88542 28690 8150 828 240
is_linear=0
shrinkage=0.05


Tree=54
num_leaves=63
num_cat=0
split_feature=3 3 0 6 4 3 3 3 3 3 3 0 0 6 0 0 0 0 0 0 3 8 2 0 0 6 3 0 14 22 0 2 0 6 0 13 18 0 3 0 0 3 8 2 5 22 0 0 3 3 0 14 6 5 5 18 10 19 22 6 5 6
split_gain=3252.25 933.172 918.671 608.332 564.843 475.101 474.098 519.727 600.935 925.657 469.892 537.064 582.556 579.597 466.094 548.642 789.75 529.124 457.962 454.029 399.27 390.457 379.433 601.373 1057.86 656.596 437.794 475.252 368.55 359.347 347.437 331.376 328.455 625.218 365.706 300.708 325.042 307.21 345.669 292.31 289.092 284.092 276.024 320.739 272.899 272.429 265.669 330.961 380.315 439.82 272.075 259.171 393.513 449.893 268.566 255.823 541.922 367.512 341.549 284.666 577.329 255.567
threshold=-0.41558174788951868 0.15903349965810779 -1.1224189996719358 1.0000000180025095e-35 -0.43159933388233179 -0.37020635604858393 -0.35084192454814905 -0.31494747102260584 -0.2678180187940597 -0.18533226102590558 -0.57843363285064686 -0.39305296540260309 -0.47525136172771448 1.0000000180025095e-35 -1.1085263490676878 -0.1128837652504444 0.41966924071311956 0.44977006316185003 -1.2185100913047788 -1.1895670294761655 -0.18847476691007611 1.1110181808471682 1.1728230714797976 0.19391308724880221 -1.008962035179138 1.0000000180025095e-35 -0.078671745955944047 -1.0000000180025095e-35 1.2926793098449709 0.34840300679206854 -0.92676365375518788 -0.81113922595977772 1.0263165831565859 1.0621489584445956 0.69404986500740062 0.43286409974098211 0.89120385050773632 -1.2185100913047788 1.9536987543106081 -0.14414230734109876 -1.457001209259033 -0.18013582378625867 1.0000000180025095e-35 0.32255351543426519 0.74835324287414562 0.45701609551906591 1.59591680765152 1.3782647252082827 0.81717792153358471 0.85678997635841381 1.2949085831642153 1.1890759468078616 0.23542753793299201 0.74835324287414562 -1.2493928074836729 -0.088861472904682146 1.0000000180025095e-35 -0.67850741744041432 0.84919226169586193 0.23542753793299201 -1.2493928074836729 -1.0046545863151548
decision_type=2 2 2 2 2 2 2 2 2 2 2 2 2 2 2 2 2 2 2 2 2 2 2 2 2 2 2 2 2 2 2 2 2 2 2 2 2 2 2 2 2 2 2 2 2 2 2 2 2 2 2 2 2 2 2 2 2 2 2 2 2 2
left_child=4 5 3 18 31 -2 -7 -8 30 20 11 12 13 19 -4 21 -17 -18 -3 -6 -10 44 23 24 25 -11 27 -26 41 -27 -9 -1 33 -30 -35 36 -5 38 45 -24 -15 -25 -43 -44 -16 -37 47 48 50 -50 -19 55 53 54 -53 56 -47 59 -59 60 -57 -14
right_child=1 2 14 35 10 6 7 8 9 22 -12 -13 61 40 15 16 17 46 -20 -21 -22 -23 39 28 26 29 -28 -29 32 -31 -32 -33 -34 34 -36 37 -38 -39 -40 -41 -42 42 43 -45 -46 51 -48 -49 49 -51 -52 52 -54 -55 -56 57 -58 58 -60 -61 -62 -63
leaf_value=-0.011289987153563955 0.0073829407139409499 -0.015582667399478304 0.019777615326919143 -0.025397993639050327 -0.018033655662982786 -0.0067646792009869675 0.0093942456363195759 0.0026887238915499875 0.0054354582487810849 -0.019229329285914438 0.00091684956262545975 -0.0068725474989723553 0.020675227313635518 0.013918853898519518 0.0061912023555659333 0.014685961077365625 -0.0089390389441705506 0.012421078383612456 0.0021351529518818897 -0.003921702077356622 0.019342687738459069 -0.005540883608600518 -0.012050191568067938 -0.0085121622750386813 0.014905914458765948 -0.063196478597819808 0.018451348850732349 -0.0050215229625753133 -0.0053475084123397456 0.0062254729469567241 -0.011265225074121522 -0.0049995681432068329 0.0060598136515307701 -0.0028145377469093852 -0.075308714268882082 -0.059361633149588977 0.076104832759925301 -0.0039641138266637158 -0.0049451093243349587 -0.0018932435254364777 -0.00034677556349972205 0.0028516214745719672 -1.3591140398688753e-05 -0.010951835101721291 -0.0017817417786634773 -0.0082365921157044036 -0.0013051375617988065 0.013442575993216044 -0.0098440302423821735 0.0047442180120629701 0.00053657125417781954 0.040236741304397583 0.013724744033576632 0.12141907943619623 -0.090352928311857469 -0.09276256402333577 0.12269682107201102 -0.069896261741717661 0.015287955640559341 0.016581914279397512 0.097192890826198794 0.0046398647044005618
leaf_weight=25894 23199 10944 6022 1292 8550 24092 15683 6029 36164 5472 81490 72269 3142 4110 37425 29729 6017 23900 5470 17097 6020 13823 12058 11984 5988 192 12045 5980 1213 6398 17151 109353 926 225 767 123 84 6261 3033 17171 26128 35448 20133 10046 15048 129 10221 17173 6031 36050 6031 48 6840 36 219 45 204 150 546 399 360 11879
leaf_count=25894 23199 10944 6022 1292 8550 24092 15683 6029 36164 5472 81490 72269 3142 4110 37425 29729 6017 23900 5470 17097 6020 13823 12058 11984 5988 192 12045 5980 1213 6398 17151 109353 926 225 767 123 84 6261 3033 17171 26128 35448 20133 10046 15048 129 10221 17173 6031 36050 6031 48 6840 36 219 45 204 150 546 399 360 11879
internal_value=-5.1675e-12 0.00253656 0.00478854 -0.00256319 -0.00365098 0.000536804 -9.54935e-05 0.000612032 -3.94581e-05 0.000896019 -0.00211413 -0.00383925 -0.000747647 -0.00309727 0.00607069 0.00566094 0.00748847 0.0054588 -0.00967817 -0.00862624 0.00742013 0.0019353 -0.000988409 0.000286405 0.00565345 -0.0064273 0.0117218 0.00494886 -0.00211156 0.00420286 -0.00763587 -0.00620391 -0.0189301 -0.0294248 -0.058866 0.0033443 -0.0192016 0.00503098 0.00967311 -0.00608335 0.00159223 -0.00143306 -0.000140361 -0.00365472 0.00390475 0.0145458 0.00633029 0.00720535 0.00571793 0.00265345 0.0100264 0.0155586 0.0112547 -0.0445044 -0.0668761 0.0323305 0.0719749 0.0235294 -0.00307071 0.0465564 0.0760867 0.00799404
internal_weight=877949 518037 243653 36183 359912 274384 251185 227093 211410 188230 224665 143175 70906 55885 207470 201448 135152 105423 16414 25647 42184 66296 146046 116817 36075 12062 24013 11968 80742 6590 23180 135247 3131 2205 992 19769 1376 18393 12132 29229 30238 77611 65627 30179 52473 9099 99406 89185 72012 42081 29931 8976 7143 303 267 1833 333 1500 696 804 405 15021
internal_count=877949 518037 243653 36183 359912 274384 251185 227093 211410 188230 224665 143175 70906 55885 207470 201448 135152 105423 16414 25647 42184 66296 146046 116817 36075 12062 24013 11968 80742 6590 23180 135247 3131 2205 992 19769 1376 18393 12132 29229 30238 77611 65627 30179 52473 9099 99406 89185 72012 42081 29931 8976 7143 303 267 1833 333 1500 696 804 405 15021
is_linear=0
shrinkage=0.05


Tree=55
num_leaves=63
num_cat=0
split_feature=3 3 0 6 3 0 4 4 3 5 4 13 18 13 3 3 6 9 3 0 4 0 0 0 0 3 1 0 3 3 0 0 0 17 0 6 11 0 8 2 3 4 13 0 0 22 0 0 3 0 6 6 5 0 3 6 15 3 1 6 14 3
split_gain=2945.7 1078.24 796.951 654.2 624.373 418.812 380.657 364.266 398.853 349.591 344.847 326.028 404.622 308.254 301.771 325.144 300.575 273.079 267.344 265.449 240.057 218.705 390.085 385.828 208.385 206.586 205.144 297.282 342.067 388.565 284.911 341.207 260.667 288.275 252.338 225.168 223.613 236.648 204.528 199.106 209.486 196.631 193.528 191.859 189.08 188.632 217.917 206.837 340.834 203.884 202.377 291.955 182.554 182.035 177.964 422.123 174.996 174.042 173.786 624.465 344.513 287.046
threshold=-0.53287750482559193 0.13408648967742923 -1.149046719074249 -1.0000000180025095e-35 -0.53020739555358876 1.7035850882530215 -0.43159933388233179 -0.57599145174026478 -0.76847952604293812 0.74835324287414562 -0.28720723092555994 0.33955676853656774 0.89120385050773632 1.6132020950317385 0.77002382278442394 0.69440227746963512 0.6487882286310197 -0.85614114999771107 1.9536987543106081 -1.2185100913047788 1.3011059165000918 1.5032989382743838 0.75193604826927196 0.32473587989807134 1.6862192749977114 0.13338815420866015 -1.0000000180025095e-35 0.18465130031108859 -0.074210610240697847 -0.078671745955944047 0.82371494174003612 1.0263165831565859 1.3481638431549074 -0.055877291234588893 0.99505805969238292 0.23542753793299201 1.0000000180025095e-35 0.69404986500740062 -0.18441987375263122 0.6059766709804536 -0.19826379418373105 1.3011059165000918 0.64747095108032238 -0.14414230734109876 1.7070583105087282 0.90637847781181347 -1.1895670294761655 -0.95802223682403553 -0.57843363285064686 -0.69406116008758534 1.0000000180025095e-35 0.23542753793299201 0.74835324287414562 -1.5449882149696348 -1.0000000180025095e-35 1.0621489584445956 3.2160221338272099 -0.074210610240697847 -0.99470815062522877 0.23542753793299201 1.228543817996979 -0.58496510982513417
decision_type=2 2 2 2 2 2 2 2 2 2 2 2 2 2 2 2 2 2 2 2 2 2 2 2 2 2 2 2 2 2 2 2 2 2 2 2 2 2 2 2 2 2 2 2 2 2 2 2 2 2 2 2 2 2 2 2 2 2 2 2 2 2
left_child=7 4 3 19 -2 10 -4 53 42 21 26 12 -5 18 15 56 -15 39 -13 -3 -19 22 23 41 -23 -22 27 28 29 -6 36 34 -33 -34 -32 43 54 -38 -20 40 -12 58 -9 -30 -7 47 50 48 -11 -49 -47 -52 -16 -1 -28 -56 -8 -42 59 60 -10 -61
right_child=1 2 6 11 5 44 14 8 9 45 17 13 -14 16 52 -17 -18 20 38 -21 25 24 -24 -25 -26 -27 30 -29 35 -31 31 32 33 -35 -36 -37 37 -39 -40 -41 57 -43 -44 -45 -46 46 -48 49 -50 -51 51 -53 -54 -55 55 -57 -58 -59 -60 61 -62 -63
leaf_value=-0.021605837524483772 0.016084289480491506 -0.014803534405842445 0.0027899594822385215 -0.039448557051842331 -0.00081802506073557618 0.018154515958140636 0.0061399265082037451 -0.019167206049340156 -0.01129702627354532 -0.021462566485157448 -0.0032967005014480338 0.010573556573874453 0.11081570798996837 0.015730607638176044 0.011274007760429226 -0.0053930100283367125 -0.036522015746133847 0.0031944709235050364 -0.020078190222050027 0.0026113815460195749 -0.0014744779260064645 -0.021655365642242963 0.0098231812657950737 -0.0077221700657796842 -0.0042201758683835513 -0.035442356442377629 -0.014901654565261553 0.016118875711303667 -0.0216088923520984 0.019236959228943591 0.00032660362159518355 -0.0086807601301411418 0.0089241243316800934 -0.0051770603292471684 0.019735362172215821 -0.0012291532788793668 -0.010425932266757865 0.011715032258143524 0.0056073244160816963 -0.0066447234020722947 0.0077048457543737285 -0.0047414298878695037 -0.0025170754152926307 -0.00058521015162878252 0.0048564321782410304 -0.027189358453901986 -0.00431083684398746 0.0041344513729139375 0.0019826653524504315 -0.0075344648757471036 0.055512896189828978 0.0086094376441930472 0.0053287865539354967 -0.0064145365566127769 -0.0088416807438479531 -0.073918188648620375 -0.022272036820923019 -0.0046157605483875081 0.0023655619439050153 0.019487336664378171 -0.079435569071456005 -0.0025176588589967798
leaf_weight=2015 6012 10944 86824 672 60306 3625 73196 5456 7844 5624 20867 11387 48 414 45067 6937 821 102724 1406 2735 27577 2250 8545 19130 7191 455 4006 2509 4349 2516 5032 20136 5671 10043 2510 4268 6027 1509 1727 16985 10940 17133 2566 1446 10179 315 10376 4372 2140 26034 385 2400 18097 92384 548 457 546 3884 60269 2964 190 2964
leaf_count=2015 6012 10944 86824 672 60306 3625 73196 5456 7844 5624 20867 11387 48 414 45067 6937 821 102724 1406 2735 27577 2250 8545 19130 7191 455 4006 2509 4349 2516 5032 20136 5671 10043 2510 4268 6027 1509 1727 16985 10940 17133 2566 1446 10179 315 10376 4372 2140 26034 385 2400 18097 92384 548 457 546 3884 60269 2964 190 2964
internal_value=2.02772e-12 0.00199512 0.00440504 -0.00323921 0.000116483 -0.000175688 0.00540434 -0.00420426 -0.00293261 -0.00244678 -0.000549519 0.00347148 -0.0294309 0.00497511 0.00698238 0.00495601 -0.0190058 0.000850841 0.00701481 -0.0113216 0.00207532 -0.00105021 -0.000469253 -0.00126521 -0.00837537 -0.00202583 -0.00250539 -0.000803229 -0.00138576 -1.48297e-05 -0.00479955 -0.00288074 -0.00491437 -8.81066e-05 0.0067859 -0.00994428 -0.0114355 -0.00599245 -0.00591959 -0.00218865 -6.80522e-05 8.67588e-05 -0.0138413 -0.0163629 0.00834858 -0.00592104 -0.000835469 -0.00771651 -0.0150003 -0.00585662 0.0107969 0.0150934 0.00957065 -0.0067388 -0.0196212 -0.0384337 0.00592956 0.00447675 0.00120114 -0.00382528 -0.0129085 0.00848484
internal_weight=877949 595402 260821 30154 334581 328569 230667 282547 188148 180126 314765 16475 720 15755 143843 80679 1235 183432 14520 13679 130756 128480 119039 110494 9441 28032 131333 75394 72885 62822 55939 43392 35850 15714 7542 10063 12547 7536 3133 52676 35691 91364 8022 5795 13804 51646 13476 38170 7764 30406 3100 2785 63164 94399 5011 1005 73742 14824 74231 13962 8034 5928
internal_count=877949 595402 260821 30154 334581 328569 230667 282547 188148 180126 314765 16475 720 15755 143843 80679 1235 183432 14520 13679 130756 128480 119039 110494 9441 28032 131333 75394 72885 62822 55939 43392 35850 15714 7542 10063 12547 7536 3133 52676 35691 91364 8022 5795 13804 51646 13476 38170 7764 30406 3100 2785 63164 94399 5011 1005 73742 14824 74231 13962 8034 5928
is_linear=0
shrinkage=0.05


Tree=56
num_leaves=63
num_cat=0
split_feature=3 3 2 2 3 3 3 0 22 6 3 0 0 8 5 4 3 6 3 3 0 0 3 4 12 5 22 0 7 0 6 0 3 17 4 5 14 2 0 4 14 0 0 0 0 3 3 0 0 6 14 3 12 19 14 5 19 10 22 6 15 10
split_gain=2671.68 781.439 560.761 471.18 668.831 633.857 719.288 608.925 860.135 419.389 412.081 547.763 396.832 386.447 378.588 337.111 330.124 303.508 302.472 301.985 284.094 257.095 255.884 497.359 272.408 239.538 237.179 281.384 287.724 235.872 233.585 301.322 222.065 221.714 219.875 223.981 215.135 447.106 276.843 214.536 212.548 211.164 206.36 293.855 194.534 292.823 466.797 193.46 270.532 185.89 300.96 292.372 184.81 184.437 312.437 341.65 311.726 222.281 220.701 197.542 186.541 273.973
threshold=-0.43878702819347376 0.35635852813720709 0.88939985632896434 -0.81113922595977772 -0.67935135960578907 -0.69208568334579457 -0.69526106119155873 -0.95802223682403553 0.93363687396049511 1.0000000180025095e-35 0.94304263591766369 -0.97423034906387318 -0.51692941784858693 1.0000000180025095e-35 0.74835324287414562 -0.28720723092555994 0.79533234238624584 0.23542753793299201 -0.77242308855056752 0.77002382278442394 -1.3365979194641111 1.6943233013153078 0.85678997635841381 -0.57599145174026478 -1.0295194983482359 0.74835324287414562 1.2510103583335879 -1.0000000180025095e-35 0.53506958484649669 -1.457001209259033 1.0621489584445956 1.6862192749977114 -0.68251031637191761 -0.055877291234588893 1.445498049259186 0.74835324287414562 -0.12323328107595442 0.6059766709804536 1.3782647252082827 1.445498049259186 -0.29097203910350794 -0.40463021397590632 1.6943233013153078 -1.0205392837524412 1.59591680765152 0.49141664803028112 0.58063930273056041 1.1745052933692934 1.0737832784652712 1.0000000180025095e-35 0.37011602520942694 1.9536987543106081 -1.0295194983482359 -0.67850741744041432 0.86346536874771129 1.0000000180025095e-35 1.0025628209114077 -0.79733012616634358 0.90637847781181347 0.23542753793299201 -0.22701143473386762 1.0000000180025095e-35
decision_type=2 2 2 2 2 2 2 2 2 2 2 2 2 2 2 2 2 2 2 2 2 2 2 2 2 2 2 2 2 2 2 2 2 2 2 2 2 2 2 2 2 2 2 2 2 2 2 2 2 2 2 2 2 2 2 2 2 2 2 2 2 2
left_child=3 15 10 13 5 6 18 8 20 -10 11 -3 17 14 -1 -2 19 -13 -5 44 -6 40 23 -18 -24 39 27 49 -29 -11 31 -9 41 36 35 -25 -12 -38 -39 -17 -15 -7 43 -16 45 -14 52 48 -27 -4 -51 53 -47 54 57 59 58 -52 -55 -56 61 -60
right_child=1 2 26 4 7 32 -8 30 9 29 33 12 16 21 42 25 22 -19 -20 -21 -22 -23 24 34 -26 47 -28 28 -30 -31 -32 -33 -34 -35 -36 -37 37 38 -40 -41 -42 -43 -44 -45 -46 46 -48 -49 -50 50 51 -53 -54 56 55 -57 -58 -59 60 -61 -62 -63
leaf_value=-0.00039932183930235278 -0.0010626672888281398 0.012150240046032469 -0.013635745056107427 -0.015332256286255053 -0.014219286660360708 -0.017540905866157759 0.013306083493425195 0.0016044247330180917 -0.02403420649281069 0.01493055008979474 0.0033648382131268579 -0.01262199343874628 0.01287102243229085 -0.0071708031535947132 0.00218230842739671 0.0040739396923301389 -0.020397987523869506 0.0034441385056254224 -0.0037824431455509323 0.016687926520197068 -0.0052526984947044606 -0.0027193086028782609 -0.015826999711341255 0.0099170033432823424 0.0070570253453689086 -0.00093103308009184641 0.0059274096462371192 0.0078749405087667982 -0.0086144603793632171 0.002309927962361011 0.0072507119919077035 -0.01285377810707348 -0.021514394174965215 0.014093945420242466 -0.020758286195562966 -0.0098181610348121243 0.0055665905076173177 0.034017840489406419 0.012077042530593968 -0.0015395452711388286 -0.016939274525478578 -0.0060703876185625475 0.0013813874789157126 -0.020317550878120968 -0.0013024349177602516 -0.032154570273068353 0.0073417212572742894 0.0048242114429930295 -0.014532563580991743 -0.046121486733357114 0.16497471760958435 -0.017175076562145272 -0.0054573665619336688 -0.047798206229344942 -0.056515141475845035 0.069344859809149062 0.06792824961571628 0.054915026326974238 -0.021877256456762556 0.017926499636710756 -0.021073030692632083 0.086808540542488516
leaf_weight=26439 139657 18080 8124 6029 14750 6029 6029 78951 1190 5686 17485 6958 12058 8529 1872 118869 4029 5090 94824 6024 22024 7054 1483 5012 10565 39183 8044 6835 4316 10611 17853 3776 5342 18155 1004 2016 11595 2765 2995 19865 16043 11995 2400 6455 10221 739 18078 12678 4032 300 64 845 5278 256 148 200 154 162 100 224 244 138
leaf_count=26439 139657 18080 8124 6029 14750 6029 6029 78951 1190 5686 17485 6958 12058 8529 1872 118869 4029 5090 94824 6024 22024 7054 1483 5012 10565 39183 8044 6835 4316 10611 17853 3776 5342 18155 1004 2016 11595 2765 2995 19865 16043 11995 2400 6455 10221 739 18078 12678 4032 300 64 845 5278 256 148 200 154 162 100 224 244 138
internal_value=-6.95577e-12 0.00226654 0.00482896 -0.00335655 -0.00246033 -0.00510089 -0.00347002 -0.000239167 -0.00450812 0.00462086 0.00601022 0.00421932 0.00260009 -0.00707067 -0.0036137 0.00081176 0.00392832 -0.00583443 -0.00447289 0.00615619 -0.00884918 -0.0111332 -0.000913691 -0.00606203 0.00424021 0.00215678 -0.0014244 -0.00409912 0.00149271 0.00671324 0.00206385 0.000944493 -0.0125609 0.00961382 0.00112914 0.00425592 0.00727924 0.011223 0.0226094 0.00327016 -0.0135486 -0.00990726 -0.0115362 -0.0152593 0.00478811 0.00651001 0.00332672 -0.000606777 -0.00220007 -0.00978891 0.00123462 0.00683889 -0.00873628 0.0188459 0.0363094 0.0166438 0.00322269 0.0860824 -0.0102795 -0.0116901 0.00964737 0.0411422
internal_weight=877949 524068 189784 353881 285089 130248 106882 154841 54261 17487 159630 106635 88555 68792 37166 334284 76507 12048 100853 52398 36774 31626 24109 12061 12048 194627 30154 22110 11151 16297 100580 82727 23366 52995 8032 7028 34840 17355 5760 138734 24572 18024 10727 8327 46374 36153 24095 55893 43215 10959 2835 2535 6017 1690 798 572 892 226 738 372 482 238
internal_count=877949 524068 189784 353881 285089 130248 106882 154841 54261 17487 159630 106635 88555 68792 37166 334284 76507 12048 100853 52398 36774 31626 24109 12061 12048 194627 30154 22110 11151 16297 100580 82727 23366 52995 8032 7028 34840 17355 5760 138734 24572 18024 10727 8327 46374 36153 24095 55893 43215 10959 2835 2535 6017 1690 798 572 892 226 738 372 482 238
is_linear=0
shrinkage=0.05


Tree=57
num_leaves=63
num_cat=0
split_feature=3 2 3 3 0 0 22 1 3 2 6 0 0 12 0 3 3 0 0 22 3 7 8 0 0 4 0 14 0 0 4 3 6 3 0 22 9 2 2 5 0 0 0 6 0 0 22 3 0 0 7 3 0 3 6 17 14 2 0 0 14 12
split_gain=2434.26 891.723 748.987 622.473 534.749 573.847 616.588 913.123 507.239 484.251 469.493 462.055 517.295 443.871 422.086 367.606 566.61 323.263 312.124 456.637 470.775 315.086 304.374 299.966 563.878 298.377 314.921 289.226 328.905 288.865 286.539 406.016 970.077 276.403 273.037 262.471 255.661 252.492 587.75 250.799 243.116 242.529 230.395 228.669 219.737 282.617 214.969 214.724 350.102 214.683 215.992 209.11 239.245 202.734 200.282 200.097 194.259 402.003 231.025 191.594 188.756 458.229
threshold=-0.2678180187940597 0.88939985632896434 0.94304263591766369 -0.67935135960578907 1.7035850882530215 -1.0000000180025095e-35 0.80309319496154796 -1.1897694468498228 -0.68251031637191761 0.6059766709804536 1.0000000180025095e-35 -1.1224189996719358 -1.1085263490676878 -0.68629828095436085 -0.13140735030174253 -0.18533226102590558 -0.1616052761673927 0.75193604826927196 0.92791008949279796 1.0106258392333987 -0.053872611373662942 0.85204461216926586 0.85218852758407604 1.4488858580589297 1.5415037870407107 -0.86477565765380848 -0.15108864009380338 1.1298739910125735 -1.2474532127380369 -0.47525136172771448 -0.57599145174026478 -0.18013582378625867 -1.0000000180025095e-35 -0.18847476691007611 -1.457001209259033 1.0205361247062685 -0.85614114999771107 0.88939985632896434 1.4562462568283083 0.74835324287414562 1.1745052933692934 1.6943233013153078 -0.15108864009380338 0.6487882286310197 -0.49609039723873133 -0.5065099149942397 0.31604619324207311 0.17546492815017703 0.11866103112697603 1.3481638431549074 0.53506958484649669 -0.68651545047759999 -0.40463021397590632 0.1900519281625748 1.0621489584445956 -0.055877291234588893 -0.29097203910350794 -1.0000000180025095e-35 1.3782647252082827 -0.20087077468633649 1.3321472406387331 -1.0295194983482359
decision_type=2 2 2 2 2 2 2 2 2 2 2 2 2 2 2 2 2 2 2 2 2 2 2 2 2 2 2 2 2 2 2 2 2 2 2 2 2 2 2 2 2 2 2 2 2 2 2 2 2 2 2 2 2 2 2 2 2 2 2 2 2 2
left_child=3 2 11 8 5 6 7 -5 37 13 -8 27 -13 41 25 33 30 -11 19 -3 -21 -20 39 47 -25 26 -9 28 35 34 40 -32 -33 49 -12 -2 42 46 -39 -18 -17 -7 -27 -30 45 -36 54 48 -24 -14 -51 -40 -53 -49 -1 56 -4 -58 -59 -55 -41 -62
right_child=1 18 55 4 -6 9 10 14 -10 17 29 12 15 -15 -16 16 22 -19 21 20 -22 -23 23 24 -26 36 -28 -29 43 -31 31 32 -34 -35 44 -37 -38 38 51 60 -42 -43 -44 -45 -46 -47 -48 53 -50 50 -52 52 -54 59 -56 -57 57 58 -60 -61 61 -63
leaf_value=-0.0082259847129964314 -0.015266431973036836 -0.0097002020929453335 0.0029533616851385443 -0.014206315766905397 0.010908957331740314 -0.014348234739210545 -0.019986263908147811 -0.0042169129000240784 -0.020438674281417903 -0.0061197528443440348 0.014425266200836917 0.017830236904321183 0.0031131488395313707 -0.0040756232996346578 0.012355832789860174 -0.007928864164518384 0.0054742225083604344 0.0044607909357338325 0.0044744947791838128 -0.024157214997241935 0.0060866868794707436 -0.0069418932055820559 0.016597372699583866 -0.036334372363410923 -0.0026849189046079802 -0.0027830363944856325 -0.027582309905422361 0.0048679992874212149 0.0039514834825242276 0.018922980562417962 -0.0081700776001002225 -0.015638144100812337 0.033717542007485023 0.017815832341444182 0.0027464832705442585 0.013281026861123275 0.0018103922557406349 0.012640779336490653 -0.0020140541824976181 0.0018368879265498418 -0.029200608249295563 0.0031590818157429222 -0.024345510769446323 -0.011291415853267829 -0.01389805910743845 0.022768689866480143 -0.0039497602594522818 -0.012314048418268515 0.0019157659532135708 0.021342997251343396 0.0018019614943663546 -0.016663860676228218 -0.0025491481502928786 -0.004525162615177619 -0.023935807738533762 0.013389248188878248 0.0052451191651599425 0.031134801755718561 0.011657909356905678 0.0034544526072181484 -0.047912237636808103 0.0018043544450597141
leaf_weight=38712 9243 24438 16387 13490 8692 22064 1875 31625 5342 12032 5916 6022 18075 37042 6030 4029 115569 18047 20695 1471 10270 8537 5280 1494 7470 28090 1511 8150 8398 3709 8032 1824 2192 6020 35689 882 71096 6029 35926 44337 2015 2173 1296 3480 1854 1854 41822 3513 17582 3767 2264 6029 5980 12321 2141 18155 12349 2906 3198 19315 663 1540
leaf_count=38712 9243 24438 16387 13490 8692 22064 1875 31625 5342 12032 5916 6022 18075 37042 6030 4029 115569 18047 20695 1471 10270 8537 5280 1494 7470 28090 1511 8150 8398 3709 8032 1824 2192 6020 35689 882 71096 6029 35926 44337 2015 2173 1296 3480 1854 1854 41822 3513 17582 3767 2264 6029 5980 12321 2141 18155 12349 2906 3198 19315 663 1540
internal_value=-5.00924e-12 0.00267569 0.00363554 -0.00259061 -0.00131432 -0.001674 -0.000199346 -0.00178395 -0.00532407 -0.00496741 0.00456837 0.00270615 0.00333238 -0.00751781 -0.000583945 0.00301754 0.00238199 0.000228433 -0.00270202 -0.00580664 0.00229751 0.00114042 0.00305474 0.000219279 -0.00829316 -0.0011679 -0.00528237 -0.0031781 -0.0061584 0.00550754 -0.00613651 -0.00167971 0.011301 0.0082321 0.00440945 -0.0127796 0.000188933 -0.00473316 -0.00207279 0.0042262 -0.0150206 -0.0127786 -0.003734 -0.00051436 0.00290543 0.00373525 -0.00646964 0.00153464 0.0053065 0.00583875 0.0140074 -0.00392338 -0.0096353 -0.00091869 -0.0090493 0.00913313 0.00691528 0.0104336 0.0209305 0.000346701 0.00112709 -0.013158
internal_weight=877949 431883 366472 446066 304085 295393 204035 153138 141981 91358 50897 313477 283324 61279 139648 277302 247176 30079 65411 36179 11741 29232 229084 66975 8964 133618 33136 30153 22003 49022 18092 12048 4016 30126 45313 10125 100482 136639 53964 162109 6044 24237 29386 11878 39397 37543 82675 58011 22862 24106 6031 47935 12009 35149 40853 52995 34840 18453 6104 31636 46540 2203
internal_count=877949 431883 366472 446066 304085 295393 204035 153138 141981 91358 50897 313477 283324 61279 139648 277302 247176 30079 65411 36179 11741 29232 229084 66975 8964 133618 33136 30153 22003 49022 18092 12048 4016 30126 45313 10125 100482 136639 53964 162109 6044 24237 29386 11878 39397 37543 82675 58011 22862 24106 6031 47935 12009 35149 40853 52995 34840 18453 6104 31636 46540 2203
is_linear=0
shrinkage=0.05


Tree=58
num_leaves=63
num_cat=0
split_feature=3 2 3 4 0 5 8 8 22 3 5 3 0 4 2 0 2 2 3 0 2 6 3 7 3 6 0 2 2 6 0 8 12 0 0 3 3 3 0 0 0 0 7 0 3 0 3 6 3 0 0 6 2 0 0 14 0 14 22 7 6 14
split_gain=2198.2 649.981 736.182 448.24 366.669 365.956 342.292 328.017 312.815 369.444 285.499 280.306 329.048 262.428 247.548 236.774 233.501 222.414 321.343 221.908 250.423 501.524 447.538 220.635 219.748 545.121 205.399 204.718 397.9 311.135 486.179 258.816 226.651 204.481 218.23 247.047 209.64 307.282 265.679 459.165 341.048 373.558 321.342 206.322 243.246 264.219 283.438 249.709 199.338 199.101 223.971 198.667 191.912 190.172 221.492 188.618 184.559 255.035 179.828 179.209 166.344 348.147
threshold=-0.41558174788951868 1.1728230714797976 0.77002382278442394 -0.43159933388233179 -0.14414230734109876 0.74835324287414562 -0.18441987375263122 0.53518827259540569 1.0106258392333987 -0.053872611373662942 0.74835324287414562 -0.66526141762733448 -1.1895670294761655 1.1567137837409975 -0.81113922595977772 1.5032989382743838 -0.81113922595977772 -0.81113922595977772 -0.72815677523612965 1.3782647252082827 0.6059766709804536 1.0000000180025095e-35 1.0504097342491152 0.53506958484649669 -0.053872611373662942 -0.59129387140274037 1.6862192749977114 0.6059766709804536 -1.0000000180025095e-35 0.23542753793299201 -1.3655410408973692 -0.53798767924308766 -0.68629828095436085 -1.1351540088653562 -1.1085263490676878 -0.34548528492450709 -0.31494747102260584 -0.2678180187940597 1.4488858580589297 1.5415037870407107 1.2763850092887881 1.0737832784652712 -0.85499599575996388 0.99505805969238292 0.17546492815017703 0.19391308724880221 -0.078671745955944047 0.23542753793299201 0.35635852813720709 1.6943233013153078 -1.0205392837524412 1.0621489584445956 -0.81113922595977772 -0.18582036346197126 0.99505805969238292 1.228543817996979 0.69404986500740062 1.440683960914612 0.69838327169418346 -0.85499599575996388 0.23542753793299201 1.228543817996979
decision_type=2 2 2 2 2 2 2 2 2 2 2 2 2 2 2 2 2 2 2 2 2 2 2 2 2 2 2 2 2 2 2 2 2 2 2 2 2 2 2 2 2 2 2 2 2 2 2 2 2 2 2 2 2 2 2 2 2 2 2 2 2 2
left_child=3 2 7 14 8 11 16 10 24 -10 27 -5 60 15 -1 -14 -4 49 -19 20 -8 -22 51 -6 25 -3 -17 28 29 30 55 -29 -30 -9 -35 -36 -37 -38 40 42 41 43 -40 44 45 46 -39 -47 59 50 -7 -23 -15 -31 56 -2 -55 -58 -44 -46 61 -13
right_child=1 4 6 5 23 17 19 33 9 -11 -12 12 13 52 -16 26 -18 18 -20 -21 21 22 -24 -25 -26 -27 -28 31 32 53 -32 -33 -34 34 35 36 37 38 39 -41 -42 -43 58 -45 48 47 -48 -49 -50 -51 -52 -53 -54 54 -56 -57 57 -59 -60 -61 -62 -63
leaf_value=-0.0096717407472604183 -0.011950994021711047 0.01671971335011865 0.01358124397846288 -0.0027793618473957032 0.0034791303814961923 -6.6395910147952641e-05 0.0046293435065581246 -0.0060601748617246948 -0.02294935465088041 0.0045054013007703965 6.8122087386441747e-05 -0.0081527261335833986 0.005784430759848737 -0.0088949770574702942 -0.0042348745310659989 -0.020332512731331312 0.0062617066602626689 -0.011674779118170201 -0.0015212521517816292 0.012885903015743867 -0.016806819275786967 -0.026247144659445377 0.016115743358175484 -0.0046888699569016378 -0.015805604074698776 -0.018097419522933901 0.00060925581756210857 0.010828608035212966 -0.010045730631012252 0.010147208158324393 0.0031930854830293982 0.0021251906462282058 0.00088501426191037614 0.0091198714023061102 -0.0065391916552400235 0.012532011637586202 -0.010274029995087634 0.0026575731185782179 0.010017242946443456 -0.0016201003534317426 0.010081012070202518 -0.0075893900186880057 -0.046778672267481593 0.0092906599746163075 0.005485693151441662 0.0048721730317433359 0.016183775205575041 -0.011935761383006525 0.00031301135566632021 0.00095490223846824785 -0.018352282016233047 0.0091680685486337735 0.0014118511216607088 0.0033152165868865235 0.0092017163924553187 -0.073270176420378128 -0.0074548404886138585 -0.064711491749194508 0.00086148352025354176 -0.014079677077153026 0.00087527511008959912 -0.084451807903027865
leaf_weight=25894 4506 2015 21662 68269 22023 2160 35745 13584 1471 7337 65152 9118 49141 6790 109353 1543 21923 9540 42540 6041 4446 1196 3576 13237 10754 2543 4855 21304 7878 26236 55976 14259 11915 6786 13220 3625 6437 9017 424 9600 11320 11320 1261 9013 1504 5218 6789 3833 18088 2778 7451 592 13488 6807 9340 129 3217 207 235 5276 6840 152
leaf_count=25894 4506 2015 21662 68269 22023 2160 35745 13584 1471 7337 65152 9118 49141 6790 109353 1543 21923 9540 42540 6041 4446 1196 3576 13237 10754 2543 4855 21304 7878 26236 55976 14259 11915 6786 13220 3625 6437 9017 424 9600 11320 11320 1261 9013 1504 5218 6789 3833 18088 2778 7451 592 13488 6807 9340 129 3217 207 235 5276 6840 152
internal_value=-6.8722e-12 0.00208539 0.00272265 -0.00300159 -0.00283686 -0.00163253 0.00663719 0.00169757 -0.00758737 -7.97424e-05 0.00286273 -0.000352361 0.00145004 0.00282897 -0.0052758 0.00460645 0.00989956 -0.00481355 -0.00338117 0.00388135 0.00268727 -0.00438912 0.00590339 0.000412771 -0.011906 -0.00270547 -0.00444125 0.00398821 0.00304405 0.00425481 0.00190449 0.00733897 -0.00346564 -0.000238745 0.000404346 -0.000104723 0.000721459 0.000290461 0.00102249 -0.0060843 0.00202853 0.00072741 -0.0284053 0.00233023 0.0010686 0.00456645 0.00846735 -0.0022458 -0.0024277 -0.0108349 -0.0142427 -0.0145213 -0.00203935 0.00736471 0.00363462 -0.0136576 -0.00144764 -0.0109163 -0.0392951 -0.00973951 -0.0050395 -0.0094038
internal_weight=877949 518037 458657 359912 59380 224665 95181 363476 24120 8808 226926 160196 91927 75817 135247 55539 43585 64469 52080 51596 45555 9810 5364 35260 15312 4558 6398 161774 126211 106418 60611 35563 19793 136550 122966 116180 102960 99335 92898 11520 81378 70058 1920 58738 49725 24857 15806 9051 24868 12389 9611 1788 20278 45807 19571 4635 10231 3424 1496 6780 16110 9270
internal_count=877949 518037 458657 359912 59380 224665 95181 363476 24120 8808 226926 160196 91927 75817 135247 55539 43585 64469 52080 51596 45555 9810 5364 35260 15312 4558 6398 161774 126211 106418 60611 35563 19793 136550 122966 116180 102960 99335 92898 11520 81378 70058 1920 58738 49725 24857 15806 9051 24868 12389 9611 1788 20278 45807 19571 4635 10231 3424 1496 6780 16110 9270
is_linear=0
shrinkage=0.05


Tree=59
num_leaves=63
num_cat=0
split_feature=3 2 3 3 0 0 22 0 3 6 2 12 4 0 3 5 0 22 3 7 0 0 4 0 2 4 3 1 6 8 3 3 0 9 0 0 0 0 3 3 0 6 14 0 0 0 0 0 0 4 0 2 22 0 2 0 0 8 0 0 0 3
split_gain=2009.03 735.85 618.33 523.784 473.97 492.536 556.548 794.579 460.428 414.296 408.824 398.92 397.04 379.498 292.801 262.341 261.513 375.65 382.833 266.666 259.093 252.812 249.541 275.615 245.999 239.5 237.374 232.4 413.972 384.065 273.074 526.457 218.395 211.807 210.703 233.63 198.919 254.341 198.584 407.501 193.39 487.653 249.47 192.865 187.455 211.082 226.551 676.778 218.316 202.699 177.423 242.594 287.856 361.005 249.586 174.237 180.437 172.581 170.891 169.087 164.537 161.748
threshold=-0.2678180187940597 0.88939985632896434 0.94304263591766369 -0.67935135960578907 1.7035850882530215 1.0000000180025095e-35 0.80309319496154796 -1.3655410408973692 -0.68251031637191761 1.0000000180025095e-35 0.6059766709804536 -0.68629828095436085 -0.72038355469703663 -0.13140735030174253 -0.36180990934371943 0.74835324287414562 0.92791008949279796 1.0106258392333987 -0.053872611373662942 0.53506958484649669 -0.47525136172771448 -1.457001209259033 -0.86477565765380848 -0.15108864009380338 0.6059766709804536 1.445498049259186 -0.77242308855056752 -0.79964685440063465 0.23542753793299201 -0.18441987375263122 -0.69208568334579457 -0.69526106119155873 1.6943233013153078 -0.85614114999771107 -1.1224189996719358 -0.99622708559036244 -0.49609039723873133 -0.5065099149942397 0.79533234238624584 0.85678997635841381 -1.2474532127380369 0.23542753793299201 1.228543817996979 -0.15108864009380338 -0.58755058050155629 1.4488858580589297 1.2763850092887881 1.1745052933692934 1.5415037870407107 -1.0091677606105802 0.24485294520854953 -0.81113922595977772 -1.1868195533752439 1.1721898317337038 0.6059766709804536 0.11866103112697603 0.18465130031108859 0.53518827259540569 -0.16613905131816861 -0.40463021397590632 1.1745052933692934 1.9536987543106081
decision_type=2 2 2 2 2 2 2 2 2 2 2 2 2 2 2 2 2 2 2 2 2 2 2 2 2 2 2 2 2 2 2 2 2 2 2 2 2 2 2 2 2 2 2 2 2 2 2 2 2 2 2 2 2 2 2 2 2 2 2 2 2 2
left_child=3 2 12 8 5 6 7 -5 26 -8 11 32 34 22 -12 25 17 -3 -19 -18 21 -11 23 58 60 40 -1 28 -28 -30 31 -29 -7 43 -2 -36 37 -23 44 -40 41 42 -14 -24 -37 46 47 -46 49 -47 57 -52 53 -53 -54 -42 -57 -4 -9 -32 -17 -20
right_child=1 16 50 4 -6 10 9 13 -10 20 14 -13 15 -15 -16 24 19 18 61 -21 -22 36 33 -25 -26 -27 27 30 29 -31 59 -33 -34 -35 35 38 -38 -39 39 -41 55 -43 -44 -45 45 48 -48 -49 -50 -51 51 52 54 -55 -56 56 -58 -59 -60 -61 -62 -63
leaf_value=-0.013997783821712895 -0.0076548288699167079 -0.0088275966712753808 0.0080645928057162652 -0.0132486467081308 0.010324953127527804 -0.013392698652231173 -0.018691627150774003 -0.0046842369159490289 -0.019261205355376312 0.013854469887518634 0.0026679065535336758 -0.0036526634526145665 -0.010790734194045845 0.011728376986098965 -0.0096655990976916659 0.0010165581400934716 0.0047657019628910011 -0.021801886407903478 0.0094386489710242272 -0.0050961427325340045 0.017962033062869451 0.0026210368342636662 -0.0025547098095013952 -0.02571960734037031 -0.0045913554897785503 -0.00062991495058014398 -0.018396701225872052 -0.0030753165797638218 0.015300067196580131 -0.012235118642706586 -0.015675639411246934 0.012163768520344285 0.0032206975967069397 0.0016217327752106087 0.0081763719236914775 -0.0086346328284048323 -0.01321818730987291 0.021615224365060075 -0.020436443296386032 0.0036123636961787834 0.0082617917200361619 0.012207905005893763 -0.083834771725038698 -0.022282959143005862 0.0021770945572391733 -0.034968306571506312 0.0096899170884477363 -0.029433019782234938 -0.0024289382239896309 0.0057791957189219922 0.016468718547066354 -0.019640634933534018 0.0049638829051232491 0.0074252975106388385 0.01658736243722032 -0.0083426198394052267 0.0049050606943605527 -0.0020218618060051964 0.012547484719799124 -0.0054113585410130441 0.0078669780685968107 -0.0044531955942813213
leaf_weight=6029 8820 24438 11299 13490 8692 22064 1875 30114 5342 5916 24064 37042 4515 6030 6015 36657 18256 1471 7337 10976 3709 35689 28090 1511 15476 18630 6957 94497 2333 2770 6029 6029 2173 71096 8800 5291 1854 1854 3527 3519 48133 3420 120 1296 42249 1070 8820 1764 7485 427 11140 1983 9782 3253 8749 2655 80579 6789 1511 11995 11520 2933
leaf_count=6029 8820 24438 11299 13490 8692 22064 1875 30114 5342 5916 24064 37042 4515 6030 6015 36657 18256 1471 7337 10976 3709 35689 28090 1511 15476 18630 6957 94497 2333 2770 6029 6029 2173 71096 8800 5291 1854 1854 3527 3519 48133 3420 120 1296 42249 1070 8820 1764 7485 427 11140 1983 9782 3253 8749 2655 80579 6789 1511 11995 11520 2933
internal_value=-4.5116e-12 0.00243078 0.00330272 -0.00235349 -0.00118274 -0.00152136 -0.000155171 -0.00166065 -0.00486092 0.00437448 -0.00457254 -0.00691591 0.00245827 -0.000541246 0.000201533 0.00360313 -0.00245436 -0.00529615 0.0020543 0.00106279 0.00525671 0.00421674 -0.00109496 -0.00485768 0.0008929 0.00469463 -0.00429793 -0.00385018 -0.0104629 0.000353474 -0.00317748 -0.00216136 -0.0119032 0.000145879 -0.000307506 0.000473709 0.00276951 0.00355903 -0.000440406 -0.00842569 0.00540611 -0.00211413 -0.0126818 -0.00342478 0.000398034 0.00117118 0.00237589 0.000910191 -0.00591505 -0.0233456 0.00829783 0.0103804 0.00752668 -0.00282523 0.0104517 0.00586723 0.00448249 0.00427883 -0.00386093 -0.00884474 0.00265462 0.00547129
internal_weight=877949 431883 366472 446066 304085 295393 204035 153138 141981 50897 91358 61279 313477 139648 30079 221705 65411 36179 11741 29232 49022 45313 133618 33136 63653 158052 136639 130610 12060 5103 118550 100526 24237 100482 91772 82952 39397 37543 74152 7046 139422 8055 4635 29386 67106 61815 52833 44013 8982 1497 52995 34907 23767 5236 18531 131367 83234 18088 31625 18024 48177 10270
internal_count=877949 431883 366472 446066 304085 295393 204035 153138 141981 50897 91358 61279 313477 139648 30079 221705 65411 36179 11741 29232 49022 45313 133618 33136 63653 158052 136639 130610 12060 5103 118550 100526 24237 100482 91772 82952 39397 37543 74152 7046 139422 8055 4635 29386 67106 61815 52833 44013 8982 1497 52995 34907 23767 5236 18531 131367 83234 18088 31625 18024 48177 10270
is_linear=0
shrinkage=0.05


Tree=60
num_leaves=63
num_cat=0
split_feature=3 2 3 3 0 0 22 0 2 3 6 0 0 0 0 8 0 0 3 3 3 0 6 8 3 0 14 0 3 0 0 13 3 2 0 22 3 7 0 0 3 3 0 0 7 5 3 0 3 0 22 8 3 3 5 0 6 0 7 12 6 6
split_gain=1813.15 664.105 558.043 472.715 427.758 451.036 521.28 705.935 458.251 415.536 374.07 358.707 446.208 320.103 311.475 293.926 300.484 275.062 274.66 525.22 587.175 364.459 271.698 254.128 253.136 249.14 244.071 260.001 241.237 241.055 238.308 236.415 236.248 256.247 236.015 339.024 345.507 244.192 234.504 228.842 257.575 342.879 228.162 228.046 398.035 219.558 263.073 217.132 214.23 209.741 383.439 258.357 246.45 475.127 219.873 268.671 207.281 198.876 197.796 195.262 188.077 182.457
threshold=-0.2678180187940597 0.88939985632896434 0.94304263591766369 -0.67935135960578907 1.7035850882530215 0.049197588115930564 0.80309319496154796 -1.3655410408973692 0.6059766709804536 -0.68251031637191761 1.0000000180025095e-35 -1.1224189996719358 -0.97423034906387318 -0.58755058050155629 1.6665380001068117 1.0000000180025095e-35 -0.47525136172771448 0.75193604826927196 -0.18533226102590558 -0.078671745955944047 -0.066463191062211976 1.3574256896972658 0.23542753793299201 -1.0000000180025095e-35 -0.18847476691007611 -0.49609039723873133 1.1298739910125735 -1.2474532127380369 0.69076684117317211 -1.0900027751922605 1.3481638431549074 1.0673541426658633 -0.35707354545593256 -1.0000000180025095e-35 -1.0000000180025095e-35 1.0106258392333987 -0.053872611373662942 0.85204461216926586 -0.47525136172771448 1.4488858580589297 0.79533234238624584 0.85678997635841381 -1.457001209259033 1.5415037870407107 -1.1138049960136411 0.74835324287414562 0.072571337223052992 -0.70216521620750416 -0.77242308855056752 -0.81562218070030201 1.5049142837524416 -0.53798767924308766 -0.69208568334579457 -0.69526106119155873 0.74835324287414562 -1.1640971302986143 0.6487882286310197 1.5032989382743838 0.53506958484649669 -1.0295194983482359 -1.0046545863151548 -1.0046545863151548
decision_type=2 2 2 2 2 2 2 2 2 2 2 2 2 2 2 2 2 2 2 2 2 2 2 2 2 2 2 2 2 2 2 2 2 2 2 2 2 2 2 2 2 2 2 2 2 2 2 2 2 2 2 2 2 2 2 2 2 2 2 2 2 2
left_child=3 2 11 9 5 6 7 -5 14 48 -8 26 28 22 57 16 25 -10 24 21 -21 -20 -14 45 30 32 27 31 29 -13 -15 -2 33 -9 35 -3 -37 -36 42 40 -25 -42 -12 44 -41 -22 -47 -34 -1 50 51 54 53 -51 55 -50 -29 59 -32 -7 -59 -23
right_child=1 34 -4 4 -6 8 10 15 17 -11 38 12 13 18 -16 -17 -18 -19 19 20 23 61 -24 39 -26 -27 -28 56 -30 -31 58 -33 47 -35 37 36 -38 -39 -40 43 41 -43 -44 -45 -46 46 -48 -49 49 52 -52 -53 -54 -55 -56 -57 -58 60 -60 -61 -62 -63
leaf_value=-0.013297894564760977 -0.013515923987357093 -0.0083862169503013655 0.0078829401305363939 -0.012586214287626012 0.009808705468222571 -0.019877452277409585 -0.017757045748035116 0.0051622509846007431 -0.0056643516627332257 -0.01829814522111247 0.013161746294741551 -0.0034684239949580998 -0.012242203765016547 0.00057806908194937194 -0.0017119551320680525 -0.003091651013494668 0.0056230154139253231 0.0040955453709708451 -0.0059620756590539918 0.018510734936234851 0.0060197538152506856 0.018017534723870653 0.002958700965528182 0.0031338460731865046 0.016472775587839966 -0.016828144505083128 0.0045421478678327716 0.003682976349661967 0.013853246091538332 0.008080456630885342 0.019770986360871649 0.017113358876840384 -0.0094263852656048287 -0.0027396121583327334 0.003944773442214603 -0.020711792125430731 0.0051977251661471449 -0.0061055479875208631 0.017037337958814083 0.023976916006605915 -0.014060976547390261 0.003547920297157366 0.0026310321968623066 -0.0024431360258383378 -0.029545396736905729 -0.018289516674716347 0.0018916916675398516 0.0075935650485751058 -0.013156304357476251 -0.0029215507562527841 0.014811889799177269 -0.01915685035909645 -0.0084025073112381377 0.011555580067352342 -0.021507594901467589 0.017891139857590162 -0.010829573098001456 0.0034476482734398179 0.0010711804637297197 -0.0061752817776189921 -0.018709245553543401 0.0015666019233911328
leaf_weight=6029 9450 24438 52995 13490 8692 2965 1875 23542 12032 5342 5916 6029 6958 12060 15272 68016 27442 18047 30103 6030 63108 2070 5090 52470 6020 2313 8150 8398 12051 18032 3767 675 9871 18185 20695 1471 10270 8537 3737 424 5533 5525 39397 9384 1922 1733 23678 2313 1232 94497 1385 6688 18024 6029 1151 1604 3480 1075 2264 21123 8782 9073
leaf_count=6029 9450 24438 52995 13490 8692 2965 1875 23542 12032 5342 5916 6029 6958 12060 15272 68016 27442 18047 30103 6030 63108 2070 5090 52470 6020 2313 8150 8398 12051 18032 3767 675 9871 18185 20695 1471 10270 8537 3737 424 5533 5525 39397 9384 1922 1733 23678 2313 1232 94497 1385 6688 18024 6029 1151 1604 3480 1075 2264 21123 8782 9073
internal_value=-1.66552e-12 0.00230924 0.00313758 -0.00223582 -0.0011236 -0.00144529 -0.000261766 -0.00162534 -0.00467062 -0.00461788 0.0041609 0.00233536 0.00288713 0.00212875 -0.00764208 -0.000650522 0.00133399 0.000191457 0.00253599 0.00195843 0.00318773 -0.00310251 -0.00582017 0.00262357 0.00759156 -0.000759419 -0.00284923 -0.00558702 0.00807879 0.00518664 0.00463623 -0.011474 -7.00055e-05 0.00171855 -0.00233164 -0.00503134 0.00195159 0.00100965 0.00499874 0.000487514 0.00167227 -0.0052629 0.00400591 -0.00592894 -0.0198721 0.00443962 0.000515357 -0.00619533 -0.00408304 -0.00365768 -0.00993972 -0.013151 -0.00301861 -0.00205329 -0.0030766 0.00440367 -0.00056889 -0.0103101 0.0127512 -0.00786189 -0.0162928 0.00462264
internal_weight=877949 431883 366472 446066 304085 295393 216097 165172 79296 141981 50925 313477 283324 247212 49217 151682 83666 30079 235164 211053 169807 41246 12048 163777 24111 56224 30153 22003 36112 24061 18091 10125 53911 41727 65411 36179 11741 29232 49050 75258 63528 11058 45313 11730 2346 88519 25411 12184 136639 130610 12060 10675 118550 100526 3987 2836 11878 33945 6031 24088 9857 11143
internal_count=877949 431883 366472 446066 304085 295393 216097 165172 79296 141981 50925 313477 283324 247212 49217 151682 83666 30079 235164 211053 169807 41246 12048 163777 24111 56224 30153 22003 36112 24061 18091 10125 53911 41727 65411 36179 11741 29232 49050 75258 63528 11058 45313 11730 2346 88519 25411 12184 136639 130610 12060 10675 118550 100526 3987 2836 11878 33945 6031 24088 9857 11143
is_linear=0
shrinkage=0.05


Tree=61
num_leaves=63
num_cat=0
split_feature=3 2 3 4 9 3 3 3 3 8 0 8 0 0 0 3 3 0 22 3 2 3 0 4 3 0 3 6 2 3 3 3 3 3 0 0 0 14 3 2 3 15 14 6 3 3 14 13 3 18 0 17 3 2 0 0 0 22 7 0 0 2
split_gain=1658.68 485.508 629.288 382.187 316.407 295.355 484.321 305.339 339.488 281.041 276.155 247.685 333.503 303.77 392.44 237.614 281.693 217.872 400.052 335.358 207.713 205.849 269.986 227.632 200.543 199.327 193.569 472.292 193.065 267.877 186.566 479.707 259.345 299.599 236.907 180.856 425.588 439.578 244.684 388.952 325.626 230.761 239.619 207.796 327.688 207.252 259.791 175.043 174.896 174.159 189.159 172.342 189.031 170.377 168.693 168.192 303.058 202.537 164.151 161.608 200.112 160.089
threshold=-0.41558174788951868 0.88939985632896434 0.77002382278442394 -0.43159933388233179 -0.85614114999771107 -0.37020635604858393 -0.35084192454814905 0.69440227746963512 0.61896148324012767 -0.18441987375263122 1.7035850882530215 0.85218852758407604 -0.51692941784858693 1.4488858580589297 1.5241379737854006 -0.18533226102590558 -0.13127285987138745 -0.14414230734109876 0.93363687396049511 -0.053872611373662942 -0.81113922595977772 -0.66526141762733448 -1.1895670294761655 1.1567137837409975 -0.38639131188392634 1.5032989382743838 -0.053872611373662942 -0.59129387140274037 -0.81113922595977772 -0.72815677523612965 -0.25424566864967341 -0.31494747102260584 -0.18533226102590558 -0.18013582378625867 1.5241379737854006 -1.0900027751922605 -0.18582036346197126 1.3962825536727907 0.072571337223052992 0.6059766709804536 0.18189372867345813 3.2160221338272099 1.228543817996979 1.0000000180025095e-35 0.25659510493278509 -1.0000000180025095e-35 0.64639165997505199 0.28357230126857763 -0.1133584901690483 0.85958698391914379 -1.2185100913047788 -0.055877291234588893 0.81717792153358471 1.0000000180025095e-35 -1.2185100913047788 -0.18582036346197126 -0.1128837652504444 1.4898728728294375 0.85204461216926586 1.6943233013153078 -1.0205392837524412 -0.81113922595977772
decision_type=2 2 2 2 2 2 2 2 2 2 2 2 2 2 2 2 2 2 2 2 2 2 2 2 2 2 2 2 2 2 2 2 2 2 2 2 2 2 2 2 2 2 2 2 2 2 2 2 2 2 2 2 2 2 2 2 2 2 2 2 2 2
left_child=3 2 5 20 28 24 -7 8 10 51 11 30 -13 15 -15 -14 -17 18 26 -20 -1 -6 -23 25 -2 -24 27 -3 59 -30 31 -8 -32 -34 -33 43 45 38 48 40 41 42 53 44 -35 -37 -47 49 -38 50 -45 52 -4 -40 -49 -18 -57 -58 -19 60 -5 -25
right_child=1 17 9 4 21 6 7 -9 -10 -11 -12 12 13 14 -16 16 55 58 19 -21 -22 22 23 61 -26 -27 -28 -29 29 -31 32 34 33 35 -36 36 37 -39 39 -41 -42 -43 -44 47 -46 46 -48 54 -50 -51 -52 -53 -54 -55 -56 56 57 -59 -60 -61 -62 -63
leaf_value=-0.0087340617854908039 0.002092411114309274 0.016744417935099527 0.014277968230499019 0.00041870758645624542 -0.0022326596139751317 -0.0057357629882465039 0.0085498514430110504 -0.0065170449638270846 0.0085610731161943326 0.0035775867183364448 0.015209717279184482 -0.00540124338507229 0.011399433053379988 -0.030512003378383841 -0.002440106467705142 -0.0093180700388371188 0.011296324306677792 0.002644294187158721 -0.019750034048912558 0.0046835810858389592 -0.00375381799324898 -0.0044865950673572547 0.0053770818198190006 -0.0081547533943099309 0.011397238373974715 -0.0040051799441692846 -0.013190422378978576 -0.016084465997375338 -0.010538771119089607 -0.0012683371374368701 0.0080601860807018224 -0.003074537308837875 -0.0069275045175569054 -0.014442035543184836 -0.017164778255687029 0.015246643405407155 0.0030349839794914894 -0.020943517189490439 0.0091500007451551877 0.010564935110982852 -0.0041858533492281852 -0.034681244014671514 -0.013844760825505148 -0.060541485123060373 0.0043295142530072623 0.0032172963465236337 0.016891957255780604 0.0092662336497204064 -0.0049097611899407076 0.096810518674276494 0.00519719607705749 0.015168132691574722 0.0052435709541217568 0.00015391692404673229 -0.0032673772110082058 -0.018518410325819291 0.0040752153788458463 -0.013590251644995216 -0.004858817524093533 0.00071082586972046698 -0.016865787620769405 0.0012588170468756654
leaf_weight=25894 11141 2015 7650 2160 68269 24092 8538 11127 18078 48326 3625 28145 7036 1494 7470 5283 5279 24964 1613 10856 109353 16110 49141 6790 12058 6398 13266 2401 9540 42540 21328 17069 8539 5814 3615 8505 12052 2083 18172 16782 15570 364 1527 270 3874 16970 4367 6699 16291 27 184 9361 23813 7409 4480 1760 24622 1737 10296 2778 7451 13488
leaf_count=25894 11141 2015 7650 2160 68269 24092 8538 11127 18078 48326 3625 28145 7036 1494 7470 5283 5279 24964 1613 10856 109353 16110 49141 6790 12058 6398 13266 2401 9540 42540 21328 17069 8539 5814 3615 8505 12052 2083 18172 16782 15570 364 1527 270 3874 16970 4367 6699 16291 27 184 9361 23813 7409 4480 1760 24622 1737 10296 2778 7451 13488
internal_value=-1.10367e-12 0.00181148 0.00239338 -0.00260735 -0.00134318 0.00147007 0.00109791 0.00161861 0.00191536 0.00615783 0.00149672 0.00132129 -0.000978882 0.00129736 -0.00711876 0.00294756 0.00141018 -0.00221506 -0.00533564 0.00152283 -0.00470732 -0.000152827 0.00139175 0.00264081 0.00692872 0.00429626 -0.0101721 -0.0011048 -0.00430103 -0.00296649 0.00227135 -0.00142123 0.00290124 0.0021676 -0.00553713 0.00271669 0.00347051 0.00175893 0.00229529 0.00410832 0.0015909 0.00486493 0.00539594 -0.00152393 -0.00693574 0.00864679 0.00601606 0.00297261 -0.0015315 -0.0265614 -0.0338985 0.00921224 0.00744022 0.00654447 0.00424337 0.00310721 0.0015698 0.0029111 0.000453369 -0.00991104 -0.0129812 -0.00189328
internal_weight=877949 518037 452626 359912 224665 363476 340277 316185 305058 89150 286980 283355 82826 54681 8964 45717 38681 65411 30151 12469 135247 160196 91927 75817 23199 55539 17682 4416 64469 52080 200529 29222 171307 149979 20684 141440 120092 90250 88167 59824 43042 27472 27108 21348 9688 29842 21337 11660 28343 481 454 40824 31463 25581 11179 33398 28119 26359 35260 12389 9611 20278
internal_count=877949 518037 452626 359912 224665 363476 340277 316185 305058 89150 286980 283355 82826 54681 8964 45717 38681 65411 30151 12469 135247 160196 91927 75817 23199 55539 17682 4416 64469 52080 200529 29222 171307 149979 20684 141440 120092 90250 88167 59824 43042 27472 27108 21348 9688 29842 21337 11660 28343 481 454 40824 31463 25581 11179 33398 28119 26359 35260 12389 9611 20278
is_linear=0
shrinkage=0.05


Tree=62
num_leaves=63
num_cat=0
split_feature=3 2 3 4 5 3 3 3 3 0 8 0 8 0 0 0 11 3 3 3 4 17 2 3 0 0 3 0 6 14 0 0 0 3 2 3 3 3 3 3 0 3 6 0 0 14 3 2 3 15 2 6 3 6 6 0 6 3 18 15 9 13
split_gain=1496.96 442.141 506.11 344.924 285.557 266.558 437.099 275.568 306.388 266.32 256.201 249.23 223.536 300.987 274.152 354.177 221.252 214.446 254.228 191.387 232.914 188.189 187.461 186.699 184.692 300.807 298.553 265.824 202.781 509.768 344.923 338.614 258.394 180.99 174.242 241.759 168.376 432.936 234.059 270.388 213.809 164.527 164.024 163.223 384.093 396.839 262.322 292.244 323.375 217.394 206.633 210.109 275.082 270.477 187.536 295.739 187.38 293.473 186.938 268.088 192.271 157.977
threshold=-0.41558174788951868 1.1728230714797976 0.77002382278442394 -0.43159933388233179 0.74835324287414562 -0.37020635604858393 -0.35084192454814905 0.69440227746963512 0.61896148324012767 -0.14414230734109876 1.0000000180025095e-35 1.7035850882530215 0.85218852758407604 -0.51692941784858693 1.4488858580589297 1.5241379737854006 0.61866869032382976 -0.18533226102590558 -0.13127285987138745 -0.76847952604293812 1.3011059165000918 -0.055877291234588893 -0.81113922595977772 0.81717792153358471 0.32473587989807134 -0.47525136172771448 -0.57429704070091236 0.75193604826927196 0.23542753793299201 1.228543817996979 -1.3365979194641111 -0.7183733582496642 -1.457001209259033 -0.38639131188392634 -0.81113922595977772 -0.72815677523612965 -0.25424566864967341 -0.31494747102260584 -0.18533226102590558 -0.18013582378625867 1.5241379737854006 -0.75740474462509144 0.23542753793299201 -1.0900027751922605 -0.18582036346197126 1.2926793098449709 0.072571337223052992 0.6059766709804536 0.18189372867345813 3.2160221338272099 -0.81113922595977772 0.6487882286310197 0.17237992584705356 1.0621489584445956 -1.0000000180025095e-35 -1.2185100913047788 0.23542753793299201 0.41323180496692663 0.29051695764064794 -0.51210337877273548 0.30946898169349885 0.28357230126857763
decision_type=2 2 2 2 2 2 2 2 2 2 2 2 2 2 2 2 2 2 2 2 2 2 2 2 2 2 2 2 2 2 2 2 2 2 2 2 2 2 2 2 2 2 2 2 2 2 2 2 2 2 2 2 2 2 2 2 2 2 2 2 2 2
left_child=3 2 5 22 19 33 -7 8 11 16 21 12 36 -14 17 -16 -3 -15 -19 42 24 23 -1 -4 25 28 -26 -28 29 30 -21 -32 -30 -2 -6 -36 37 -8 -38 -40 -39 -27 -5 54 56 46 -46 48 49 -48 51 -47 53 58 55 -41 57 -45 59 -53 -61 -56
right_child=1 9 10 4 34 6 7 -9 -10 -11 -12 -13 13 14 15 -17 -18 18 -20 20 -22 -23 -24 -25 26 41 27 -29 32 -31 31 -33 -34 -35 35 -37 38 40 39 43 -42 -43 -44 44 45 50 47 -49 -50 -51 -52 52 -54 -55 61 -57 -58 -59 -60 60 -62 -63
leaf_value=-0.0082973587163513284 0.001987790515050626 -0.0027482212086930428 0.012617255400837874 -0.016973709633670429 -0.0094154900706408511 -0.00544897481254367 0.0081223588647820876 -0.0061911927262486401 0.0081330194649582906 0.00043070008881238654 0.002674014410754948 0.014449231055661522 -0.0051311811894201656 0.010829461289123786 -0.028986402993669648 -0.0023181011745430371 -0.012688943066066978 -0.0088521665602350735 0.0029518489907210486 -0.011728573213542072 -0.0036978350353617491 0.013620952262012147 -0.0035661270982406366 0.0044613227538277764 -0.005543850747162197 -0.0075831340365485516 -0.0066198234639302175 0.0082859770211915953 0.017952573539213524 -0.080402949231765455 0.0057894868265234364 -0.0068751642129928686 0.0015099870131408165 0.010827376386865737 -0.010011832558125388 -0.0012049202636633895 0.007657176847725944 -0.0029208104656227424 -0.0065811293500090302 -0.013719933524334847 -0.016306539484136528 0.0066793822420600502 0.00071273390171171583 0.0089563686231868469 -0.0015332628237590806 0.0028107370421629274 0.0059622244918889475 0.0099918395040319834 -0.0038195900941252049 -0.03294718184372139 0.0048145655530429619 -0.077679920824608062 -0.011370704408958843 -0.065363426932756527 -0.02523332899459943 0.0041130384663320878 0.012839661039742677 -0.0054859942929076895 0.071502138177553812 -0.034518415100970555 0.049566648352315758 0.0040312028622248959
leaf_weight=25894 11141 15290 9044 3075 12389 24092 8538 11127 18078 35260 43656 3625 28145 7036 1494 7470 8830 5283 33398 7206 31022 11178 109353 31303 21798 2148 4288 9889 2736 210 13563 8640 18859 12058 9540 42540 21328 17069 8539 5814 3615 34477 2285 12283 27904 842 26063 16511 14727 364 1259 164 1435 652 481 3874 12630 4929 54 152 123 11179
leaf_count=25894 11141 15290 9044 3075 12389 24092 8538 11127 18078 35260 43656 3625 28145 7036 1494 7470 8830 5283 33398 7206 31022 11178 109353 31303 21798 2148 4288 9889 2736 210 13563 8640 18859 12058 9540 42540 21328 17069 8539 5814 3615 34477 2285 12283 27904 842 26063 16511 14727 364 1259 164 1435 652 481 3874 12630 4929 54 152 123 11179
internal_value=-5.73718e-12 0.00172091 0.0022465 -0.00247698 -0.00127602 0.00139656 0.00104302 0.00153768 0.00181959 -0.00233879 0.00549222 0.00142188 0.00125522 -0.000929938 0.00123249 -0.00676282 -0.00638738 0.00280018 0.00133967 -0.000145186 0.000176363 0.00788002 -0.00447196 0.00628952 0.00114706 0.00238291 -0.00187048 0.00377754 -9.14641e-05 -0.00277792 -0.00222363 0.000861208 0.0035932 0.00658229 -0.00408597 -0.00281817 0.00215778 -0.00135017 0.00275617 0.00205922 -0.00526027 0.00584291 -0.00943387 0.00258085 0.00329699 0.00167099 0.00244645 0.00437223 0.00211765 0.00542629 -0.0125046 -0.0188766 -0.0259544 -0.0442318 -0.00144773 -0.00658895 0.00821445 0.00482051 -0.016285 -0.0270834 0.00309054 0.00282398
internal_weight=877949 518037 458657 359912 224665 363476 340277 316185 305058 59380 95181 286980 283355 82826 54681 8964 24120 45717 38681 160196 154836 51525 135247 40347 123814 87839 35975 14177 51214 29619 29409 22203 21595 23199 64469 52080 200529 29222 171307 149979 20684 36625 5360 141440 120092 90250 85569 57665 41154 26427 4681 3422 2580 1145 21348 9688 29842 17212 493 439 275 11660
internal_count=877949 518037 458657 359912 224665 363476 340277 316185 305058 59380 95181 286980 283355 82826 54681 8964 24120 45717 38681 160196 154836 51525 135247 40347 123814 87839 35975 14177 51214 29619 29409 22203 21595 23199 64469 52080 200529 29222 171307 149979 20684 36625 5360 141440 120092 90250 85569 57665 41154 26427 4681 3422 2580 1145 21348 9688 29842 17212 493 439 275 11660
is_linear=0
shrinkage=0.05


Tree=63
num_leaves=63
num_cat=0
split_feature=3 2 3 8 4 5 5 2 2 0 22 3 7 3 1 4 0 0 0 0 0 0 3 3 3 1 3 3 3 0 0 7 11 6 0 14 2 0 12 0 2 13 0 2 0 22 2 3 5 4 3 3 8 0 0 2 0 8 3 8 6 22
split_gain=1351.01 399.084 545.286 326.317 311.293 282.263 257.716 212.137 381.948 181.578 271.86 279.961 206.872 173.688 228.929 188.594 179.32 216.239 238.955 172.152 481.413 456.149 222.638 222.534 352.969 211.333 294.958 441.583 311.394 240.034 217.677 197.431 191.018 170.825 240.683 207.046 169.183 168.743 166.225 160.12 197.478 260.312 299.475 255.091 188.769 190.477 157.253 218.187 153.927 150.834 150.597 162.988 169.987 145.851 180.601 145.139 143.794 143.113 142.234 189.256 141.48 140.066
threshold=-0.41558174788951868 0.88939985632896434 0.94304263591766369 -0.18441987375263122 -0.43159933388233179 0.74835324287414562 0.74835324287414562 0.6059766709804536 1.0000000180025095e-35 -1.0000000180025095e-35 1.0106258392333987 -0.053872611373662942 0.53506958484649669 -0.66526141762733448 -0.99470815062522877 1.1567137837409975 1.2567036747932436 0.75193604826927196 0.43819281458854681 -1.1351540088653562 -0.97423034906387318 -0.58755058050155629 -0.34548528492450709 0.79533234238624584 0.85678997635841381 -1.0000000180025095e-35 -0.18533226102590558 0.13408648967742923 -0.25424566864967341 1.0413669943809511 1.59591680765152 -0.85499599575996388 0.61866869032382976 0.23542753793299201 -1.3655410408973692 1.228543817996979 -0.81113922595977772 1.7035850882530215 -0.68629828095436085 0.24485294520854953 -0.81113922595977772 -0.80812382698059071 1.1721898317337038 0.6059766709804536 1.3782647252082827 -0.080039963126182542 -0.81113922595977772 -0.72815677523612965 0.74835324287414562 -0.28720723092555994 0.69076684117317211 0.33440613746643072 1.2940383553504946 1.6943233013153078 -1.0205392837524412 -0.81113922595977772 -1.0000000180025095e-35 0.53518827259540569 1.9536987543106081 -0.18441987375263122 -0.59129387140274037 1.5049142837524416
decision_type=2 2 2 2 2 2 2 2 2 2 2 2 2 2 2 2 2 2 2 2 2 2 2 2 2 2 2 2 2 2 2 2 2 2 2 2 2 2 2 2 2 2 2 2 2 2 2 2 2 2 2 2 2 2 2 2 2 2 2 2 2 2
left_child=4 2 3 5 36 7 13 8 33 10 -3 -12 -11 -6 -15 16 17 18 -16 -5 50 32 -23 25 31 -24 28 61 37 -29 -31 48 -22 34 35 -2 -1 -27 -10 57 -41 42 -42 60 45 -45 53 56 -25 -9 51 -21 -53 54 -8 -17 -48 -4 -13 -60 -43 -28
right_child=1 9 39 19 6 -7 46 49 38 12 11 58 -14 14 15 55 -18 -19 -20 20 21 22 23 24 -26 26 27 29 -30 30 -32 -33 -34 -35 -36 -37 -38 -39 -40 40 41 43 -44 44 -46 -47 47 -49 -50 -51 -52 52 -54 -55 -56 -57 -58 -59 59 -61 -62 -63
leaf_value=-0.0078824907822112131 -0.0080700213143255831 -0.0073879681547212583 0.0065575490628046341 -0.0042484233842903672 -0.0020483910643986167 -8.4608106567951421e-06 0.00086854668363904011 0.0022106520919056567 -0.010817698128286507 0.0041764284336321461 -0.018531354523970121 0.0085117670797398483 -0.0045096815584665844 -0.0041320820998107782 0.0055950246786590774 -0.0076579401998272791 -0.0028080738609481343 0.016432812364578407 -0.0052369462876463001 0.0067938841737108348 -0.0038475468138916892 -0.0069569304716661333 0.0047351776777700416 0.0084603707634353636 0.0030632627204426255 -0.0039956883473428358 -0.0044281359701490129 -0.0036965817066867499 0.014858360426793405 0.0080974437337955497 -0.003161173759474353 -0.019153962237039732 -0.014095420902841889 0.0070600034330130573 0.0035403576041471516 -0.080400203790186975 -0.0033878207258381588 0.012872338496319212 0.00011529182950160947 0.014399603390104774 -0.015712078173055043 0.015724163080633829 0.0061997100736388448 0.007712559143869137 0.008844090110492555 0.032009136597227622 -0.013729557867753395 -0.0011446742253891356 -0.022147010296359643 0.010439262975289135 0.013001820836508141 0.002094200289781007 -0.017035751958061181 0.0011460591042716994 -0.015551723870143523 0.0013053261677382967 -0.00057833466400468469 -0.0026274958134228981 -0.018555221675836064 0.0069745216653045007 0.00071651422085458117 -0.020585597884003208
leaf_weight=25894 3297 24438 11299 19620 68269 52525 2160 7667 5777 18256 1471 7337 10976 16110 37392 6790 8367 3886 5894 19578 12428 9292 39152 1432 6531 6040 33071 9790 6529 19053 5542 4531 7171 37729 46685 102 109353 1965 8731 11140 2506 2004 4128 1178 4134 2559 6480 42540 576 20353 6528 5028 1510 2778 7451 13488 3060 6789 1320 1613 7258 1398
leaf_count=25894 3297 24438 11299 19620 68269 52525 2160 7667 5777 18256 1471 7337 10976 16110 37392 6790 8367 3886 5894 19578 12428 9292 39152 1432 6531 6040 33071 9790 6529 19053 5542 4531 7171 37729 46685 102 109353 1965 8731 11140 2506 2004 4128 1178 4134 2559 6480 42540 576 20353 6528 5028 1510 2778 7451 13488 3060 6789 1320 1613 7258 1398
internal_value=1.10728e-11 0.00163487 0.00216243 0.00153046 -0.00235313 0.00308602 -0.00121222 0.00433304 0.00327747 -0.00201575 -0.00438373 0.00186937 0.000914977 -0.000137926 0.00128087 0.00243104 0.00393787 0.00513441 0.0041201 0.000218159 0.000662676 -0.000437984 0.000530336 0.00104336 -0.00515852 0.00170485 0.000282063 -0.00108417 0.00675454 0.00292488 0.00556054 -0.0133702 -0.0075971 0.00451916 0.0026051 -0.0102406 -0.00424836 0.000144933 -0.00423816 0.00692811 0.00890651 0.0063318 -0.00207749 0.00958793 0.0162061 0.0243502 -0.00388168 -0.00267726 -0.000319436 0.0081877 0.00620917 0.00451127 -0.00232401 -0.00894472 -0.0118614 -0.00169598 -0.00951124 0.00311011 0.00479142 -0.00451517 0.00396369 -0.00508345
internal_weight=877949 518037 452626 399631 359912 182866 224665 130341 102321 65411 36179 11741 29232 160196 91927 75817 55539 47172 43286 216765 197145 164501 144902 135610 13070 122540 83388 68854 14534 34385 24595 6539 19599 87813 50084 3399 135247 8005 14508 52995 34907 23767 6634 17133 7871 3737 64469 52080 2008 28020 32644 26116 6538 12389 9611 20278 9540 18088 10270 2933 9262 34469
internal_count=877949 518037 452626 399631 359912 182866 224665 130341 102321 65411 36179 11741 29232 160196 91927 75817 55539 47172 43286 216765 197145 164501 144902 135610 13070 122540 83388 68854 14534 34385 24595 6539 19599 87813 50084 3399 135247 8005 14508 52995 34907 23767 6634 17133 7871 3737 64469 52080 2008 28020 32644 26116 6538 12389 9611 20278 9540 18088 10270 2933 9262 34469
is_linear=0
shrinkage=0.05


Tree=64
num_leaves=63
num_cat=0
split_feature=3 0 6 0 3 3 13 0 1 2 0 22 14 6 5 16 19 6 18 10 5 4 22 15 18 4 22 18 18 5 4 15 5 22 3 3 22 1 0 0 6 0 3 3 8 8 19 0 0 0 0 0 5 19 15 18 0 0 2 3 3 3
split_gain=1232.06 524.878 527.103 690.172 525.881 458.831 457.012 395.321 315.199 495.86 334.307 290.491 487.149 849.851 788.131 923.534 472.168 615.251 545.71 842.456 419.919 840.944 387.769 435.372 487.08 432.024 294.485 477.591 293.578 760.323 459.883 637.032 590.045 330.83 277.897 446.574 296.262 354.725 291.597 351.778 431.936 310.595 289.723 450.022 336.454 276.059 275.148 270.232 338.965 488.578 354.684 325.887 269.897 360.757 268.316 390.979 266.438 364.195 522.75 587.588 398.945 832.98
threshold=-0.53287750482559193 -1.1351540088653562 1.0000000180025095e-35 -1.3655410408973692 0.15903349965810779 -0.53020739555358876 0.43286409974098211 -1.2891312837600706 -0.79964685440063465 -0.81113922595977772 -0.74500101804733265 0.45701609551906591 1.1890759468078616 0.23542753793299201 0.74835324287414562 -0.11790292830298198 -0.7719002068042754 0.23542753793299201 -0.088861472904682146 1.0000000180025095e-35 -1.2493928074836729 1.0000000180025095e-35 1.0106258392333987 0.65019455552101146 1.2073533535003664 0.86792960762977611 1.0541882514953616 -0.59470257163047779 0.10083015263080598 -1.2493928074836729 0.4347532987594605 -0.22701143473386762 1.2477897703647616 1.0893461108207705 -0.53755223751068104 -0.54680722951889027 0.80309319496154796 -1.1897694468498228 -0.40463021397590632 -0.47525136172771448 -1.0046545863151548 -0.44167736172676081 -0.75740474462509144 -0.73797869682312001 -0.53798767924308766 -0.53798767924308766 1.1893483996391299 -1.1085263490676878 -0.1128837652504444 0.41966924071311956 0.44977006316185003 -0.18582036346197126 0.74835324287414562 1.0025628209114077 -1.455099821090698 0.053404832258820541 1.5415037870407107 0.19391308724880221 1.1728230714797976 -0.078671745955944047 -0.2678180187940597 -0.18533226102590558
decision_type=2 2 2 2 2 2 2 2 2 2 2 2 2 2 2 2 2 2 2 2 2 2 2 2 2 2 2 2 2 2 2 2 2 2 2 2 2 2 2 2 2 2 2 2 2 2 2 2 2 2 2 2 2 2 2 2 2 2 2 2 2 2
left_child=34 2 3 -2 5 -3 54 11 9 -7 -10 -8 16 14 15 -14 17 28 19 -18 21 -17 23 24 46 -25 -21 -28 -13 -30 -31 33 -33 -32 35 36 37 -1 39 -39 41 -41 44 -44 -40 -45 -20 -6 51 -50 -51 -49 -24 -54 55 -4 57 58 59 -12 -59 -62
right_child=1 4 6 -5 47 8 7 -9 10 -11 56 12 13 -15 -16 20 18 -19 22 26 -22 -23 52 25 -26 -27 27 -29 29 30 31 32 -34 -35 -36 -37 -38 38 42 40 -42 -43 43 45 -46 -47 -48 48 49 50 -52 -53 53 -55 -56 -57 -58 60 -60 -61 61 -63
leaf_value=-0.011753873744954648 -0.013510224458766085 0.014237732030763936 0.0072687707285541987 0.0011951179349536257 0.014234733652069254 0.010577563846781613 -0.032129753261032033 -0.0044193059313462259 -0.0069089077759070944 -0.00038406733294996754 0.0020647857845185885 0.13326110829200064 0.15801773099672228 0.0070018521138181453 0.094750328220072247 0.17872341019766672 -0.014057419668289687 0.014789571799883761 -0.070610638443595164 0.13400687731872424 -0.10391768238065653 -0.11724668826375689 -0.0034713849185081264 -0.027599453870207069 0.147362803692619 0.13610300241836479 -0.14146936919007982 0.079798370609355587 -0.096621343408312133 0.1193536708042735 -0.14108057239698987 0.12058896438351699 -0.10508013818945204 0.065478166192770013 -0.010145521129209589 0.007017054595729883 -0.00029336888238777896 -0.0025128740633345503 -0.022483645562998755 0.00064949804914278 0.00064939856840853967 0.030909544390109341 0.016179956925528073 -0.0010015198980140756 -0.0056417889658650425 -0.0069043848925145678 0.039011806283087938 0.0016662761714281598 0.010583425947832346 -0.0084621079977405689 0.0040393951740212621 -0.010525080626465093 0.026000328434897319 0.15034260511398317 -0.007065390033573208 -0.084205525364417472 0.0042298923107720607 -0.0067199945683610908 -0.0041788030235637473 0.014411560685815394 0.0075420422806511608 -0.0032060950723501827
leaf_weight=13490 19152 6012 202 13677 6022 18046 448 9747 18071 24088 48185 168 42 15960 84 42 329 905 542 213 483 56 739 95 30 70 28 189 70 315 63 168 35 28 12059 12059 79776 53515 4833 1272 8709 2544 2675 32025 7674 51916 64 60266 29729 6017 99406 6030 350 70 7727 277 34249 35212 24106 12045 24110 71440
leaf_count=13490 19152 6012 202 13677 6022 18046 448 9747 18071 24088 48185 168 42 15960 84 42 329 905 542 213 483 56 739 95 30 70 28 189 70 315 63 168 35 28 12059 12059 79776 53515 4833 1272 8709 2544 2675 32025 7674 51916 64 60266 29729 6017 99406 6030 350 70 7727 277 34249 35212 24106 12045 24110 71440
internal_value=-6.3988e-12 0.0012903 -0.00270073 -0.00738378 0.00184251 0.00055698 0.00118757 0.00393854 0.000291277 0.0043108 -0.000342033 0.00771247 0.00855689 0.00462553 -0.0490182 -0.0684028 0.0232122 0.0434542 0.0101692 0.0461651 -0.0847705 0.00959764 -0.00377006 -0.0305219 -0.0492977 0.0418501 0.0922424 0.0512477 0.0740817 0.0594394 0.0773774 0.0324029 0.0816805 -0.077524 -0.00271901 -0.00238792 -0.00282679 -0.00395806 -0.00332132 -0.000747438 0.00679566 0.0208229 -0.00503616 -0.00400896 -0.0121499 -0.00465234 -0.0590334 0.00379782 0.00348582 0.0049223 0.00332587 0.000557403 0.0147185 0.046724 -0.00931646 -0.0456297 0.00013389 -0.000518296 0.00204355 0.00453394 -0.00217058 -0.000494032
internal_weight=877949 595402 72368 32829 523034 315564 39539 31333 309552 42134 267418 21586 21138 16667 707 623 4471 1752 2719 759 581 98 1960 801 636 165 430 217 847 679 609 294 203 91 282547 270488 258429 178653 165163 66040 12525 3816 99123 86616 12507 83941 606 207470 201448 135152 105423 66296 1159 420 8206 479 249347 215098 84336 60230 130762 95550
internal_count=877949 595402 72368 32829 523034 315564 39539 31333 309552 42134 267418 21586 21138 16667 707 623 4471 1752 2719 759 581 98 1960 801 636 165 430 217 847 679 609 294 203 91 282547 270488 258429 178653 165163 66040 12525 3816 99123 86616 12507 83941 606 207470 201448 135152 105423 66296 1159 420 8206 479 249347 215098 84336 60230 130762 95550
is_linear=0
shrinkage=0.05


Tree=65
num_leaves=63
num_cat=0
split_feature=3 0 6 0 3 3 13 0 1 2 0 22 14 6 5 16 19 6 18 10 5 4 22 15 18 4 22 18 18 5 4 15 5 22 6 4 3 3 22 1 0 1 3 8 8 0 5 6 0 0 14 0 0 2 3 3 3 12 3 0 22 14
split_gain=1111.94 473.703 475.711 622.881 474.608 414.095 412.453 356.777 284.467 447.514 301.713 262.169 439.652 766.99 711.289 833.489 426.132 555.264 492.503 760.317 378.977 758.952 349.962 392.923 439.589 389.902 268.929 298.571 264.954 686.191 415.044 574.921 532.516 298.574 254.023 251.578 250.802 403.033 267.486 335.854 270.049 337.571 425.833 311.208 267.588 260.808 278.298 259.465 258.716 253.32 247.694 243.665 291.338 471.782 530.298 399.017 684.758 368.356 334.185 309.907 255.261 248.071
threshold=-0.53287750482559193 -1.1351540088653562 1.0000000180025095e-35 -1.3655410408973692 0.15903349965810779 -0.53020739555358876 0.43286409974098211 -1.2891312837600706 -0.79964685440063465 -0.81113922595977772 -0.74500101804733265 0.45701609551906591 1.1890759468078616 0.23542753793299201 0.74835324287414562 -0.11790292830298198 -0.7719002068042754 0.23542753793299201 -0.088861472904682146 1.0000000180025095e-35 -1.2493928074836729 1.0000000180025095e-35 1.0106258392333987 0.65019455552101146 1.2073533535003664 0.86792960762977611 1.1009061336517336 -0.57889413833618153 0.10083015263080598 -1.2493928074836729 0.4347532987594605 -0.22701143473386762 1.2477897703647616 1.0893461108207705 0.23542753793299201 -0.43159933388233179 -0.53755223751068104 -0.54680722951889027 0.87721380591392528 -1.1897694468498228 -0.37105621397495264 -0.4095242172479629 -0.73797869682312001 -0.18441987375263122 -0.85498791933059681 -1.0000000180025095e-35 0.74835324287414562 -1.0046545863151548 0.34441718459129339 -0.19392443448305127 1.0805390477180483 1.6248599290847781 0.19391308724880221 1.1728230714797976 -0.078671745955944047 -0.2678180187940597 -0.18533226102590558 -1.0295194983482359 -0.44724099338054651 -0.15108864009380338 -0.17640325427055356 1.3321472406387331
decision_type=2 2 2 2 2 2 2 2 2 2 2 2 2 2 2 2 2 2 2 2 2 2 2 2 2 2 2 2 2 2 2 2 2 2 2 2 2 2 2 2 2 2 2 2 2 2 2 2 2 2 2 2 2 2 2 2 2 2 2 2 2 2
left_child=36 2 3 -2 5 -3 -4 11 9 -7 -10 -8 16 14 15 -14 17 28 19 -18 21 -17 23 24 34 -25 -21 -28 -13 50 -31 33 -33 -32 -20 -6 37 38 39 -1 47 43 -43 -42 45 46 -44 -41 -40 -38 -30 52 53 54 58 57 60 -54 -12 -60 -57 -58
right_child=1 4 6 -5 35 8 7 -9 10 -11 51 12 13 -15 -16 20 18 -19 22 26 -22 -23 -24 25 -26 -27 27 -29 29 30 31 32 -34 -35 -36 -37 49 -39 48 40 41 42 44 -45 -46 -47 -48 -49 -50 -51 -52 -53 55 -55 -56 56 61 -59 59 -61 -62 -63
leaf_value=-0.011085726933841357 -0.012834713262104261 0.01352584544461476 -0.0088506413417045755 0.0011353620615760099 0.0013672700798335953 0.010048685682816609 -0.030523265489994501 -0.0041983406691163648 -0.0065634624383947258 -0.00036486395728393484 0.0091686694168330845 0.12659805312397934 0.15011684348185858 0.0066517595627329897 0.090012811869382869 0.1697872410217921 -0.013354548774971019 0.014050093223382616 -0.069424475332484747 0.12264706173610268 -0.09872179864356237 -0.11138435453176498 0.013982576900915138 -0.026219481245467538 0.13999466503815106 0.12929785195871124 -0.13477004823230562 0.065197814781900634 -0.15336329657204298 0.1133859881616774 -0.13402654292091493 0.11455951704688015 -0.099826131207602364 0.062204259421144215 0.022458842089823027 0.004960878782328009 -0.016885686227010761 0.0066662018383393086 0.0015024099611907439 0.0035115360514585353 -0.020318254307859898 0.015364558159681928 0.031393129001699917 -0.0050969808364532895 -0.0064091759673278086 -0.0013981516596442765 -0.012628841289459536 -0.0027766359650291846 -0.0053930745682970599 -0.0023920057504867574 0.051880109593981795 0.0049135480817457137 -0.019833227888842092 -0.0039698628682487518 0.013690982594514976 0.0024696697519676226 -0.0019730267742591842 -0.004439443128413662 0.0028238755587233939 -0.0070065320951638701 0.012802178712529162 -0.019228074169242354
leaf_weight=14235 19152 6012 8206 13677 78110 18046 448 9747 18071 24088 12059 168 42 15960 84 42 329 905 518 241 483 56 1159 95 30 70 21 168 49 315 63 168 35 28 88 129360 6029 12059 56536 22852 6362 2822 1248 7112 50914 19785 504 58146 17913 6030 21 24028 4448 24106 12045 13154 79522 30764 24116 12010 10956 2139
leaf_count=14235 19152 6012 8206 13677 78110 18046 448 9747 18071 24088 12059 168 42 15960 84 42 329 905 518 241 483 56 1159 95 30 70 21 168 49 315 63 168 35 28 88 129360 6029 12059 56536 22852 6362 2822 1248 7112 50914 19785 504 58146 17913 6030 21 24028 4448 24106 12045 13154 79522 30764 24116 12010 10956 2139
internal_value=-5.9324e-13 0.00122579 -0.0025657 -0.00701459 0.00175039 0.000529131 0.00112819 0.00374162 0.000276714 0.00409526 -0.000324931 0.00732684 0.00812904 0.00439425 -0.0465673 -0.0649826 0.0220516 0.0412815 0.00966072 0.0438569 -0.080532 0.00911776 -0.00358156 -0.0289958 -0.0468328 0.0397576 0.0876302 0.0429792 0.0703777 0.0564674 0.0735086 0.0307828 0.0775965 -0.0736478 -0.0560817 0.00360793 -0.00258306 -0.00226853 -0.00268545 -0.00370872 -0.00309008 -0.00499534 -0.00369066 -0.012284 -0.00443287 0.000239182 0.0187293 -0.00100255 -0.000156696 -0.00963825 -0.0917903 0.000127195 -0.000383221 0.00194137 0.00430724 -0.00177379 -0.000239018 -0.00638399 0.00196155 -0.000444219 0.00716494 -0.002425
internal_weight=877949 595402 72368 32829 523034 315564 39539 31333 309552 42134 267418 21586 21138 16667 707 623 4471 1752 2719 759 581 98 1960 801 636 165 430 189 847 679 609 294 203 91 606 207470 282547 270488 258429 183980 169745 88747 75273 13474 72451 21537 1752 80998 74449 12059 70 249347 225319 84336 60230 140983 105771 35212 48185 36126 24110 81661
internal_count=877949 595402 72368 32829 523034 315564 39539 31333 309552 42134 267418 21586 21138 16667 707 623 4471 1752 2719 759 581 98 1960 801 636 165 430 189 847 679 609 294 203 91 606 207470 282547 270488 258429 183980 169745 88747 75273 13474 72451 21537 1752 80998 74449 12059 70 249347 225319 84336 60230 140983 105771 35212 48185 36126 24110 81661
is_linear=0
shrinkage=0.05


Tree=66
num_leaves=63
num_cat=0
split_feature=3 2 8 3 3 3 3 0 0 0 8 5 3 0 2 2 7 11 0 3 6 22 4 13 0 0 0 0 0 5 0 3 11 0 13 0 3 8 0 2 3 8 3 22 0 22 0 0 7 3 0 6 2 0 6 2 5 0 0 2 2 12
split_gain=1004.78 400.976 378.209 342.499 379.174 458.461 304.384 297.1 281.719 371.346 293.47 380.579 189.49 183 181.075 293.942 242.714 177.426 171.556 170.361 169.587 162.539 154.63 151.344 270.775 150.035 149.812 144.049 382.12 160.599 185.439 183.75 156.646 224.171 393.311 314.772 198.81 226.537 189.764 183.323 181.095 176.012 159.679 150.786 141.817 164.935 141.521 146.455 138.06 138 155.913 135.216 133.553 132.588 132.469 131.567 124.192 123.321 245.544 119.709 217.373 182.85
threshold=-0.25424566864967341 1.1728230714797976 0.53518827259540569 -0.67935135960578907 -0.69208568334579457 -0.69954967498779286 1.0941625237464907 1.7035850882530215 1.5032989382743838 1.6665380001068117 -0.53798767924308766 0.74835324287414562 -0.23112254589796064 -0.14414230734109876 0.32255351543426519 0.6059766709804536 -0.85499599575996388 0.61866869032382976 -0.85266935825347889 -0.35707354545593256 -1.0046545863151548 0.69838327169418346 -0.28720723092555994 0.43286409974098211 -1.3655410408973692 -0.31432774662971491 1.2763850092887881 0.28421554714441305 0.32473587989807134 -1.2493928074836729 0.33631311357021337 -0.73645466566085804 0.61866869032382976 -0.39305296540260309 -0.64950132369995106 -0.41852289438247675 -0.73768702149391163 -0.18441987375263122 -0.38031800091266627 -0.81113922595977772 -0.74338054656982411 0.85218852758407604 -0.76647076010704029 0.0088128414936363714 1.0000000180025095e-35 0.90637847781181347 -0.47525136172771448 -0.49609039723873133 1.1108536720275881 -0.68251031637191761 -0.40463021397590632 1.4755097031593325 1.4562462568283083 1.0459979176521303 1.0621489584445956 1.0000000180025095e-35 0.74835324287414562 1.1745052933692934 1.0737832784652712 0.6059766709804536 1.0000000180025095e-35 -0.68629828095436085
decision_type=2 2 2 2 2 2 2 2 2 2 2 2 2 2 2 2 2 2 2 2 2 2 2 2 2 2 2 2 2 2 2 2 2 2 2 2 2 2 2 2 2 2 2 2 2 2 2 2 2 2 2 2 2 2 2 2 2 2 2 2 2 2
left_child=3 2 6 4 5 27 22 8 10 20 11 18 -4 17 26 16 -16 -3 19 55 -10 -18 -2 24 -12 -19 -14 32 -29 30 -30 -31 33 34 35 40 37 -34 -38 -35 -1 -36 -39 -33 45 46 47 -13 -15 50 -6 -11 -7 -50 -25 -5 59 58 -58 60 -24 -62
right_child=1 13 12 7 49 52 -8 -9 9 51 23 44 14 48 15 -17 21 25 -20 -21 -22 -23 56 54 -26 -27 -28 28 29 31 -32 43 36 39 41 -37 38 42 -40 -41 -42 -43 -44 -45 -46 -47 -48 -49 53 -51 -52 -53 -54 -55 -56 -57 57 -59 -60 -61 61 -63
leaf_value=0.021015050529187711 0.0010023194541446828 -0.0021658758044546503 0.014635506229382686 0.006182110102768236 -0.013964772637939674 0.010878015581645724 0.0086840917750942003 0.0084030837330596395 0.0051374855470101809 -0.0028649213250980868 -0.013255316273060881 -0.0047350325590004251 0.00017381111661112002 0.0018331561592399279 0.011230083685511073 -0.0020014125258072091 -0.038741405639527139 -0.0073054374365820011 0.0054576402576343875 -0.0080506257404424613 -0.015902117983999289 0.0065507769150699073 0.0049859767498353349 -0.0014279386128080477 -0.0023862077395424381 -0.022358275613727285 0.0050927861761653204 0.010503023072524355 -0.033740421700335685 -0.01061685179583585 -0.0073361688847906536 -0.0068820771377441289 -0.021173861741442847 -0.034152439368525682 0.00047130865592742678 0.036455422533467285 -0.0085074796780788327 -5.1919004895707214e-05 0.0041891928014328754 -0.0059253549202030031 -0.004422935967465424 -0.011318326894184832 -0.016758918598534199 0.0030203066477262875 -0.0089866955766814433 0.0077629844646385799 0.0047760438535609569 -0.032857559175075345 0.0034505573992946385 -0.016555437355455754 -0.0041084664176827303 0.01181469677808665 0.001762021925085983 -0.01070476383484107 0.0032072943751585109 -0.0012152776208141126 0.001236653112919425 0.0065430095549942231 -0.016276903465976055 0.0080764388393065063 -0.01135450796828137 0.0025431250820262576
leaf_weight=1160 67743 15290 2264 11265 6029 6029 26142 8692 1075 13497 6110 13034 83523 27906 424 30966 1261 6623 44785 4831 8782 235 63686 52793 92152 2207 19000 5795 840 4955 3191 5374 5038 590 10507 1160 8826 3559 4415 22941 1763 4531 2391 13506 7776 4214 4198 480 2513 5342 11995 1775 12044 4841 21770 12887 27246 9348 2160 22594 3930 5950
leaf_count=1160 67743 15290 2264 11265 6029 6029 26142 8692 1075 13497 6110 13034 83523 27906 424 30966 1261 6623 44785 4831 8782 235 63686 52793 92152 2207 19000 5795 840 4955 3191 5374 5038 590 10507 1160 8826 3559 4415 22941 1763 4531 2391 13506 7776 4214 4198 480 2513 5342 11995 1775 12044 4841 21770 12887 27246 9348 2160 22594 3930 5950
internal_value=6.67677e-12 0.00174284 0.00236043 -0.00164166 -0.00367557 -0.00252875 0.00360641 -0.000710477 -0.00097328 -0.00604188 -0.000512292 0.00159372 0.000289725 -0.0020687 4.98674e-05 -0.00317849 -0.0221625 -0.00542475 0.00351789 0.000520568 -0.0136075 -0.0316267 0.00295141 -0.00177316 -0.00306206 -0.0110678 0.00108542 -0.00384668 -0.00117897 -0.00360835 -0.0128384 -0.00204735 -0.00518933 -0.00336553 0.000655657 0.0144179 -0.00839989 -0.0133718 -0.00427398 -0.0066331 0.00567219 -0.00308095 -0.00676561 0.000201694 -0.00318516 -0.00112766 -0.0032429 -0.00573391 0.000227043 -0.0094973 -0.00740539 -0.00115877 0.00480304 -0.00586762 -7.45995e-05 0.00223502 0.00393009 0.00154048 -4.97946e-05 0.00489314 0.00391547 -0.00298498
internal_weight=877949 425852 366472 452097 141981 118615 228799 310116 301424 25129 276295 103470 137673 59380 135409 32886 1920 24120 73768 28983 9857 1496 202657 172825 98262 8830 102523 100542 33661 27866 4031 23835 66881 42652 19121 4083 24229 10988 13241 23531 2923 15038 5950 18880 29702 21926 17712 13514 35260 23366 18024 15272 18073 7354 74563 24152 134914 38754 29406 96160 73566 9880
internal_count=877949 425852 366472 452097 141981 118615 228799 310116 301424 25129 276295 103470 137673 59380 135409 32886 1920 24120 73768 28983 9857 1496 202657 172825 98262 8830 102523 100542 33661 27866 4031 23835 66881 42652 19121 4083 24229 10988 13241 23531 2923 15038 5950 18880 29702 21926 17712 13514 35260 23366 18024 15272 18073 7354 74563 24152 134914 38754 29406 96160 73566 9880
is_linear=0
shrinkage=0.05


Tree=67
num_leaves=63
num_cat=0
split_feature=3 3 3 3 3 3 0 0 22 3 6 12 9 13 0 0 0 15 14 18 8 5 0 6 0 7 22 0 3 0 13 0 3 3 6 0 0 0 0 0 0 0 0 3 16 0 0 4 8 12 22 9 14 0 6 0 13 19 6 15 10 14
split_gain=911.687 417.797 342.204 413.761 290.854 533.026 274.609 482.484 378.829 299.114 412.964 357.959 437.343 288.651 267.144 363.377 258.292 415.174 246.633 385.454 241.561 246.99 235.898 233.676 278.202 217.216 193.557 181.109 179.911 179.105 185.065 290.621 238.557 330.643 216.457 223.48 263.458 316.068 214.206 185.14 191.976 260.168 219.852 177.846 177.157 173.652 190.026 181.502 160.826 160.064 157.533 208.296 222.201 153.811 151.248 307.062 150.884 183.622 287.597 181.036 181.699 160.254
threshold=0.072571337223052992 -0.67935135960578907 -0.69208568334579457 -0.69954967498779286 -0.074210610240697847 -0.078671745955944047 -0.1128837652504444 0.41966924071311956 1.5390376448631289 0.12054699286818506 1.0621489584445956 -1.0295194983482359 0.30946898169349885 0.43286409974098211 -1.2185100913047788 -0.68595710396766651 1.0413669943809511 -0.51210337877273548 1.3962825536727907 -0.19951572269201276 -0.85498791933059681 0.74835324287414562 -0.58755058050155629 0.23542753793299201 -0.14414230734109876 -0.5380209982395171 1.8773770928382876 -0.58755058050155629 0.53020715713500988 1.7035850882530215 0.43286409974098211 -1.3655410408973692 -0.13727854937314984 -0.25424566864967341 -1.0046545863151548 -0.52850666642189015 1.2567036747932436 1.5241379737854006 1.1745052933692934 -0.15108864009380338 -0.47525136172771448 -0.49609039723873133 -0.5065099149942397 1.0011113286018374 -0.50098438560962666 -0.18582036346197126 -0.20087077468633649 -0.57599145174026478 0.85218852758407604 -1.0295194983482359 1.5390376448631289 0.30946898169349885 1.3962825536727907 -1.008962035179138 -1.0000000180025095e-35 -1.4384776353836057 0.33955676853656774 -0.86529299616813649 1.0000000180025095e-35 -1.0164967775344846 -0.79733012616634358 1.1298739910125735
decision_type=2 2 2 2 2 2 2 2 2 2 2 2 2 2 2 2 2 2 2 2 2 2 2 2 2 2 2 2 2 2 2 2 2 2 2 2 2 2 2 2 2 2 2 2 2 2 2 2 2 2 2 2 2 2 2 2 2 2 2 2 2 2
left_child=1 2 3 -1 5 20 13 -8 25 10 -10 12 16 14 -2 -16 17 -11 26 -20 21 -3 28 24 56 -9 -19 -17 48 30 31 -22 33 39 35 53 38 -38 -37 40 41 42 54 -30 -21 46 -29 -47 -15 50 -41 52 -52 -33 -32 -56 -6 58 -58 60 -60 -61
right_child=6 4 -4 -5 23 -7 7 8 9 11 -12 -13 -14 22 15 27 -18 18 19 44 29 -23 -24 -25 -26 -27 -28 45 43 -31 32 34 -34 -35 -36 36 37 -39 -40 49 -42 -43 -44 -45 -46 47 -48 -49 -50 -51 51 -53 -54 -55 55 -57 57 -59 59 61 -62 -63
leaf_value=-0.003654345660957856 -0.010228248383902624 0.003132419894723622 -0.0090224310379218627 0.00456288834084071 -0.018123469711971926 0.014751484877824034 0.0082054252714128893 0.005363131830987502 -0.0081413343077168226 -0.0013467043462465061 -0.063971446176919231 0.0044831801184082257 0.0075982873670630974 0.001439961763662567 0.0053370192789321839 -0.014493278867554332 0.014005857608626011 -0.042161466946854492 -0.18346058526321463 -0.15904852856571478 -0.012165322233547366 -0.0019189669962051911 0.012748110284666367 -0.00015445604100370388 -0.0020477431496443697 0.0011431568326620573 -0.18117434757899631 -0.003591909015670454 0.0082575222871505323 0.0074037676095898997 -0.0046383188110892346 0.0003556441776100771 -0.0083600807174797204 0.0070168685126723619 -0.0030393728729704063 -0.0029619954609540929 0.01961887997754792 -0.0038546168043595017 -0.027782126365254813 -0.0057132662349730348 0.011246246882195523 -0.018405955381303501 0.018066187936472886 0.00054503182486977575 -0.018145051076084953 -0.0225672849787487 0.0072768811323061025 -0.0038489495905734065 -0.0079089843487226731 -0.0018795524232294695 -0.025674191100980789 -0.0026973594677048305 -0.080368275246022858 0.0094314867707906633 0.011641410457798491 -4.2715972881647822e-05 -0.0141378617907206 -0.011137755621535066 -0.092337862298720416 0.094785060905207427 0.041452592041689995 -0.033431142355714531
leaf_weight=100542 8896 84131 23366 18073 7044 6030 41769 47824 842 255 546 3773 692 12841 15832 3663 162 345 114 30 7070 33970 5416 15551 9268 84150 27 13115 14255 6194 12068 8687 7315 18658 111000 24697 2902 2835 901 3521 4291 1803 1803 15715 87 1952 5800 3848 7168 16765 845 700 238 10091 6585 38493 347 2710 36 188 86 28
leaf_count=100542 8896 84131 23366 18073 7044 6030 41769 47824 842 255 546 3773 692 12841 15832 3663 162 345 114 30 7070 33970 5416 15551 9268 84150 27 13115 14255 6194 12068 8687 7315 18658 111000 24697 2902 2835 901 3521 4291 1803 1803 15715 87 1952 5800 3848 7168 16765 845 700 238 10091 6585 38493 347 2710 36 188 86 28
internal_value=3.00209e-13 -0.00112901 -0.00349179 -0.00240231 -0.000378273 -4.91863e-06 0.00229941 0.00349376 0.00207636 -0.00936808 -0.0301033 -0.00412095 -0.0230832 0.000311252 -0.00232267 -0.000731899 -0.0438985 -0.0548315 -0.0774494 -0.118028 -0.00022432 0.00167946 0.00283634 -0.00473671 -0.00835262 0.00267237 -0.0522511 -0.00411773 0.00176224 -0.00100647 -0.00119168 -0.00224336 0.000372405 0.000976339 -0.00180796 0.000919615 -0.00166517 0.0080192 -0.00383562 -0.000317446 0.00102523 0.000303308 0.000875545 0.00421342 -0.0542741 -0.00257997 -0.000259158 -0.0101486 -0.00190919 -0.00427467 -0.0118452 -0.0239543 -0.0376938 0.00523286 0.000333168 0.0016641 -0.0139502 -0.00529157 0.0178371 0.0506635 0.00197344 0.0781644
internal_weight=877949 588832 141981 118615 446851 411593 289117 180616 138847 6873 1388 5485 1712 108501 53106 44210 1020 858 603 231 405563 118101 55395 35258 19707 131974 372 28378 49979 287462 281268 168183 113085 105770 161113 50113 31335 5737 25598 87112 65043 60752 58949 29970 117 24715 18915 5800 20009 22069 5304 1783 1083 18778 57146 45078 10439 3395 685 338 122 216
internal_count=877949 588832 141981 118615 446851 411593 289117 180616 138847 6873 1388 5485 1712 108501 53106 44210 1020 858 603 231 405563 118101 55395 35258 19707 131974 372 28378 49979 287462 281268 168183 113085 105770 161113 50113 31335 5737 25598 87112 65043 60752 58949 29970 117 24715 18915 5800 20009 22069 5304 1783 1083 18778 57146 45078 10439 3395 685 338 122 216
is_linear=0
shrinkage=0.05


Tree=68
num_leaves=63
num_cat=0
split_feature=3 2 4 3 3 0 0 0 8 5 3 3 3 3 13 0 4 5 3 0 3 2 0 2 6 6 6 3 1 22 8 5 0 3 3 8 0 0 22 0 0 0 13 0 6 18 6 14 17 2 6 0 0 0 2 7 6 0 0 2 0 0
split_gain=826.812 338.086 337.761 276.664 317.566 249.279 249.342 336.603 251.781 343.805 227.584 199.158 301.683 176.16 576.241 227.013 167.203 172.146 217.251 163.275 172.372 154.092 152.849 155.076 292.586 150.236 149.089 144.923 160.26 322.709 188.034 193.252 270.321 183.273 322.657 146.833 140.712 138.866 180.571 135.088 156.61 131.721 127.344 197.708 131.809 319.246 124.684 309.527 145.196 123.917 133.999 181.037 144.343 122.091 254.084 121.812 121.723 120.886 119.072 206.136 171.269 111.402
threshold=-0.25424566864967341 1.1728230714797976 -0.72038355469703663 -0.67935135960578907 -0.68251031637191761 1.7035850882530215 1.5032989382743838 1.6665380001068117 -0.18441987375263122 0.74835324287414562 1.0941625237464907 -0.18533226102590558 -0.18013582378625867 -0.14171914011240003 -0.70548579096794117 1.1745052933692934 1.445498049259186 0.74835324287414562 -0.078671745955944047 -0.85266935825347889 -0.35707354545593256 1.0000000180025095e-35 -0.14414230734109876 1.7396694421768191 1.0000000180025095e-35 -1.0046545863151548 1.0000000180025095e-35 -0.77242308855056752 -0.79964685440063465 1.3943807482719424 -0.53798767924308766 0.74835324287414562 -1.1640971302986143 -0.69208568334579457 -0.69526106119155873 0.53518827259540569 -0.40463021397590632 -1.0000000180025095e-35 0.90637847781181347 -0.47525136172771448 -0.49609039723873133 -1.149046719074249 0.43286409974098211 -1.3655410408973692 1.0000000180025095e-35 0.95443281531333934 0.23542753793299201 1.228543817996979 -0.055877291234588893 1.0000000180025095e-35 1.0000000180025095e-35 -1.457001209259033 -1.1351540088653562 -1.0205392837524412 -0.24429284036159513 1.1108536720275881 1.4755097031593325 1.0459979176521303 1.2763850092887881 0.6059766709804536 1.1258808970451357 -1.1224189996719358
decision_type=2 2 2 2 2 2 2 2 2 2 2 2 2 2 2 2 2 2 2 2 2 2 2 2 2 2 2 2 2 2 2 2 2 2 2 2 2 2 2 2 2 2 2 2 2 2 2 2 2 2 2 2 2 2 2 2 2 2 2 2 2 2
left_child=3 2 41 4 27 6 8 25 9 19 11 -4 -13 14 -14 -16 17 18 -15 20 21 -5 23 -3 -25 -8 -17 -1 29 30 31 32 -29 34 -30 -31 -35 38 39 40 -11 -2 43 44 -10 -46 47 -23 -48 53 52 -52 -51 54 -44 -24 -9 -57 60 -60 -19 -20
right_child=1 22 10 5 -6 -7 7 56 42 37 -12 12 13 16 15 26 -18 58 61 -21 -22 46 55 24 -26 -27 -28 28 33 35 -32 -33 -34 36 -36 -37 -38 -39 -40 -41 -42 -43 49 -45 45 -47 48 -49 -50 50 51 -53 -54 -55 -56 57 -58 -59 59 -61 -62 -63
leaf_value=-0.010428729194601933 -0.0055068510268678015 -0.0073009998479234301 0.0071961421130401302 0.0056155154957647198 -0.015276543908071339 0.0076956792164559005 0.0047786824111510301 -0.0026311660182303204 -0.010207761038247849 -0.0043729262064615484 0.0072513223652128731 -0.0070846405917104217 -0.014274086763943436 -0.003190606882504539 0.0092452291842047268 -0.0030660594259756743 -0.0018430317415856724 -0.00032816862412256157 0.00056480520524918411 0.0045483794190505555 -0.007605254705876462 -0.0041694438582080811 0.0016878371893224804 -0.010128448087496042 0.011992585827463643 -0.015024212620740851 0.033004524025803249 -0.014523042526578579 -0.0018242351498134407 0.020856656560213307 -0.016923050320211658 -0.020535046365819293 0.017702225412304089 -0.012815412489219878 0.01010597063371596 -0.0072334131437879149 -0.0034519215185333236 -0.0081182155274603669 0.0072649471844614391 0.0039825563481510695 -0.030694219801708444 0.00036838219280732262 0.004582440090379853 -0.0025194465449488584 -0.051941849202200588 0.10561387164252145 0.008078596899513197 -0.072278803474379372 -0.0084374795985245245 -0.011597252352397794 0.014058464163249679 0.0017943827569513353 0.0035475103382442046 -0.0052800980540940136 -0.012872689436508095 0.003351882819357492 0.011296745149606144 -0.010164366309224564 0.0074078279604377767 -0.010809143214029461 -0.014842419754594025 0.0050655120693754397
leaf_weight=6029 10584 18089 21314 13771 5342 8692 1075 13497 4745 15866 29596 8534 1954 10292 4006 329 22538 34433 16109 54758 5906 8893 27906 2736 3295 8782 2216 1108 94497 1250 6291 1093 1577 6029 6029 741 11995 9504 5216 5130 586 96706 10473 78374 395 35 4856 170 1833 3500 3404 25939 2858 17480 2603 2513 1775 4841 10011 1838 2160 93852
leaf_count=6029 10584 18089 21314 13771 5342 8692 1075 13497 4745 15866 29596 8534 1954 10292 4006 329 22538 34433 16109 54758 5906 8893 27906 2736 3295 8782 2216 1108 94497 1250 6291 1093 1577 6029 6029 741 11995 9504 5216 5130 586 96706 10473 78374 395 35 4856 170 1833 3500 3404 25939 2858 17480 2603 2513 1775 4841 10011 1838 2160 93852
internal_value=1.83217e-12 0.00158098 0.00214807 -0.0014892 -0.0033172 -0.000652277 -0.000893003 -0.00566145 -0.000459313 0.00118329 0.0031247 0.00259274 0.00212164 0.00251499 0.00955604 0.016664 0.00220184 0.00274224 0.00375599 0.00283713 0.000192276 0.00175215 -0.00191892 -0.00498606 0.00195724 -0.0128645 0.0283416 -0.00284964 -0.00249979 -0.00799104 -0.0116281 -0.00281099 0.00440405 -0.00194117 -0.00110873 0.0104022 -0.00658399 -0.00292542 -0.00108378 -0.00310153 -0.00531046 -0.000211201 -0.00184625 -0.00314445 -0.0126099 -0.0391175 -0.00162535 -0.00544701 0.00355266 -0.000209245 0.00179121 0.0032171 -0.00478949 -0.00254653 0.0011077 0.000179194 -0.00101238 -0.00554561 0.000225695 0.00458204 -0.00118491 0.00440617
internal_weight=877949 425852 366472 452097 141981 310116 301424 25129 276295 126489 259182 229586 208272 199738 8505 6551 191233 168695 120253 90187 35429 29523 59380 24120 6031 9857 2545 136639 130610 12060 10069 3778 2685 118550 100526 1991 18024 36302 26798 21582 16452 107290 149806 83549 5175 430 15752 9063 6689 66257 35701 29343 6358 30556 13076 35260 15272 7354 48442 11849 36593 109961
internal_count=877949 425852 366472 452097 141981 310116 301424 25129 276295 126489 259182 229586 208272 199738 8505 6551 191233 168695 120253 90187 35429 29523 59380 24120 6031 9857 2545 136639 130610 12060 10069 3778 2685 118550 100526 1991 18024 36302 26798 21582 16452 107290 149806 83549 5175 430 15752 9063 6689 66257 35701 29343 6358 30556 13076 35260 15272 7354 48442 11849 36593 109961
is_linear=0
shrinkage=0.05


Tree=69
num_leaves=63
num_cat=0
split_feature=3 5 8 2 3 3 3 0 14 6 2 8 5 3 3 3 0 11 0 3 0 12 0 7 0 0 7 0 0 0 11 14 9 22 18 0 14 18 18 5 6 13 4 16 11 5 18 0 7 0 0 0 22 6 19 18 0 22 13 22 5 6
split_gain=750.867 299.278 361.294 264.603 267.102 327.748 320.96 318.429 426.327 252.878 219.828 203.831 188.091 184.162 175.384 211.235 203.696 166.909 188.594 152.276 145.087 181.585 161.671 192.828 167.477 177.008 221.572 147.033 169.142 210.993 271.942 365.882 216.508 199.96 212.035 168.314 272.733 214.035 245.661 318.805 221.995 523.509 285.19 185.17 159.902 149.723 171.72 146.299 137.676 136.464 128.615 274.816 127.121 637.037 288.653 622.172 143.059 140.426 123.83 160.843 351.34 235.751
threshold=-0.41558174788951868 0.74835324287414562 -0.53798767924308766 -0.81113922595977772 -0.67935135960578907 -0.69208568334579457 -0.69526106119155873 -0.95802223682403553 1.0213370919227602 1.0000000180025095e-35 0.6059766709804536 1.0000000180025095e-35 0.74835324287414562 -0.44724099338054651 2.7999460697174077 1.9536987543106081 0.3965147733688355 -1.0109356343746183 1.6862192749977114 -0.72815677523612965 1.2150256037712099 -0.68629828095436085 1.0459979176521303 -0.85499599575996388 1.0587329268455508 1.1745052933692934 1.0000000180025095e-35 0.92791008949279796 0.41966924071311956 -0.16613905131816861 0.61866869032382976 1.0805390477180483 0.30946898169349885 1.201113283634186 -0.57889413833618153 -0.97423034906387318 0.69572657346725475 -0.56308570504188526 0.30632539093494421 -1.2493928074836729 1.0000000180025095e-35 1.0673541426658633 -1.2979519963264463 0.55972985923290264 0.61866869032382976 -0.74995630979537953 0.48020859062671667 -0.18582036346197126 -0.85499599575996388 -0.29348869621753687 -1.0205392837524412 0.023727662395685915 0.45701609551906591 1.0000000180025095e-35 -0.30493627488613123 0.43278327584266668 -1.3655410408973692 0.80309319496154796 0.33955676853656774 1.1496823430061343 0.74835324287414562 0.23542753793299201
decision_type=2 2 2 2 2 2 2 2 2 2 2 2 2 2 2 2 2 2 2 2 2 2 2 2 2 2 2 2 2 2 2 2 2 2 2 2 2 2 2 2 2 2 2 2 2 2 2 2 2 2 2 2 2 2 2 2 2 2 2 2 2 2
left_child=3 2 14 11 5 6 19 8 -6 -10 -3 12 -1 -13 15 -2 -16 -9 -19 -5 22 -22 27 -24 -25 -26 -27 28 29 30 47 33 -33 35 -35 36 52 -38 40 -40 -39 42 -42 -43 -30 46 -34 -4 -49 -37 -14 -52 56 -54 57 -56 -32 -55 -11 60 -60 -61
right_child=1 10 20 4 7 -7 -8 17 9 58 -12 13 50 -15 16 -17 -18 18 -20 -21 21 -23 23 24 25 26 -28 -29 44 -31 31 32 45 34 -36 49 37 38 39 -41 41 43 -44 -45 -46 -47 -48 48 -50 -51 51 -53 53 54 55 -57 -58 -59 59 61 -62 -63
leaf_value=0.00023311278434421704 0.003834048488963071 0.00062929173654507258 0.0023855077862823789 -0.0041054621780385403 -0.005645786094409095 -0.0081427440288619271 0.0096006719929205425 0.0061109545893956998 -0.017382880187518896 -0.041582745308125467 -0.0035096227276835848 -0.0063124354482301248 0.0042906395815337497 -0.019818153973984981 0.020954964820942695 -0.014382815543934472 0.0030717942871949979 0.0014269562286017175 -0.0099959912279758614 -0.00021276371002363384 -0.00055086357007237523 0.0056911658668706133 0.0025615787089387334 -0.016096212546532419 -0.0019221908750119117 0.0081565503728209029 -0.030178616171191587 0.0063844446484474645 -0.0070579270441809899 0.0049675574079773421 -0.01119132021341069 -0.007858417979726558 -0.019625654601430356 -0.046330928926666577 0.13228452343631675 -0.0093978971363104426 -0.083483832407938816 -0.01061755580422296 -0.12303336007313598 -0.023029258133757904 -0.031714018351501887 0.031471926683471318 0.12630914403800517 -0.10541277736425402 0.0018815797749594722 -0.086241030975900315 -0.12134424299001695 0.0076913543748545702 -0.022506398800023353 0.0013491460865815144 -0.022727339462106609 -0.0039730349908038516 -0.009468641285379012 0.1174926327403497 0.14920570707569522 -0.083190401312377718 0.0031401600894120302 -0.0099944816902279854 0.0063529371012972825 -0.025057392683029173 0.065281473676779847 0.0064261906903519007
leaf_weight=26439 130268 101684 59511 53445 38820 23366 6029 18940 1250 135 46868 28860 1872 2766 3218 1611 3152 83895 3776 47408 19388 29197 8889 3594 12539 538 1259 10753 13590 26753 1992 480 306 24 54 11625 114 864 90 696 36 42 138 60 7916 216 48 565 1137 3960 2909 5946 666 216 48 72 13836 24 845 625 361 12225
leaf_count=26439 130268 101684 59511 53445 38820 23366 6029 18940 1250 135 46868 28860 1872 2766 3218 1611 3152 83895 3776 47408 19388 29197 8889 3594 12539 538 1259 10753 13590 26753 1992 480 306 24 54 11625 114 864 90 696 36 42 138 60 7916 216 48 565 1137 3960 2909 5946 666 216 48 72 13836 24 845 625 361 12225
internal_value=5.23543e-13 0.00121881 0.00198083 -0.00175428 -0.00109525 -0.00277842 -0.0016057 0.000267502 -0.00285062 0.00417666 -0.000676531 -0.0045432 -0.00203256 -0.00749364 0.00400291 0.00361152 0.012106 0.00185451 0.000934969 -0.00227562 0.000771887 0.00320026 0.000125941 -0.00345982 -0.006445 -0.00402546 -0.0187015 0.000743058 0.000324928 0.00103714 -4.88963e-05 -0.00352329 -0.0326001 -0.00263981 0.0773259 -0.00282071 0.000352104 -0.0169147 -0.0129745 -0.0344801 0.00185302 0.0408913 0.0936147 -0.0490485 -0.00376744 -0.0534352 -0.033418 0.00197213 -0.0124819 -0.00666718 -0.0076168 -0.0101341 0.00244208 0.0194977 0.0730853 0.00976804 0.0013365 0.104744 0.00607572 0.00653345 0.0239924 0.00489489
internal_weight=877949 518037 369485 359912 291120 130248 106882 160872 54261 15441 148552 68792 37166 31626 138249 131879 6370 106611 87671 100853 231236 48585 182651 26819 17930 14336 1797 155832 145079 123573 96820 35607 1050 34557 78 34479 18894 2040 1926 786 1140 276 174 102 21506 570 354 61213 1702 15585 10727 8855 16854 1026 360 120 15828 240 14191 14056 1206 12850
internal_count=877949 518037 369485 359912 291120 130248 106882 160872 54261 15441 148552 68792 37166 31626 138249 131879 6370 106611 87671 100853 231236 48585 182651 26819 17930 14336 1797 155832 145079 123573 96820 35607 1050 34557 78 34479 18894 2040 1926 786 1140 276 174 102 21506 570 354 61213 1702 15585 10727 8855 16854 1026 360 120 15828 240 14191 14056 1206 12850
is_linear=0
shrinkage=0.05


Tree=70
num_leaves=63
num_cat=0
split_feature=3 4 5 0 0 22 3 6 12 9 13 15 0 14 18 0 0 0 8 3 6 3 7 22 13 0 3 0 16 0 0 4 3 9 0 8 0 3 6 19 22 0 6 3 3 3 0 3 0 0 6 6 19 18 15 18 22 0 18 0 5 15
split_gain=700.844 330.265 226.74 223.931 401.876 333.067 268.936 372.471 322.99 394.667 258.023 232.327 374.08 223.941 347.849 212.496 321.818 209.744 189.439 278.056 251.393 183.768 183.295 174.545 164.54 286.138 162.4 162.258 160.084 151.495 169.148 151.358 146.919 145.344 145.265 139.355 138.6 133.275 133.116 130.295 129.425 210.87 204.422 145.726 134.738 158.495 125.432 134.393 122.17 159.172 143.491 194.193 321.076 347.28 189.983 160.983 145.702 215.511 172.668 305.083 181.811 164.878
threshold=0.072571337223052992 -0.28720723092555994 0.74835324287414562 -0.1128837652504444 0.41966924071311956 1.5390376448631289 0.12054699286818506 1.0621489584445956 -1.0295194983482359 0.30946898169349885 0.43286409974098211 -0.51210337877273548 1.0413669943809511 1.3962825536727907 -0.19951572269201276 -1.2185100913047788 -0.68595710396766651 -0.58755058050155629 -0.53798767924308766 -0.75740474462509144 0.23542753793299201 -0.67935135960578907 -0.5380209982395171 1.8773770928382876 0.39554110169410711 -1.3655410408973692 0.53020715713500988 -0.58755058050155629 -0.50098438560962666 -0.18582036346197126 -0.20087077468633649 -0.57599145174026478 1.0011113286018374 0.30946898169349885 -0.68595710396766651 0.85218852758407604 0.44977006316185003 -0.67612668871879567 0.6487882286310197 -1.4256497621536253 0.62618514895439159 -1.3655410408973692 1.0000000180025095e-35 -0.72815677523612965 -0.066463191062211976 -0.078671745955944047 -0.81562218070030201 -0.69208568334579457 0.33631311357021337 0.92791008949279796 1.0000000180025095e-35 0.23542753793299201 1.0025628209114077 0.33794228732585913 -0.66561439633369435 0.037596394307911403 1.1624757647514345 -0.92676365375518788 -0.29435671865940088 -0.92676365375518788 1.2477897703647616 0.21159155666828158
decision_type=2 2 2 2 2 2 2 2 2 2 2 2 2 2 2 2 2 2 2 2 2 2 2 2 2 2 2 2 2 2 2 2 2 2 2 2 2 2 2 2 2 2 2 2 2 2 2 2 2 2 2 2 2 2 2 2 2 2 2 2 2 2
left_child=1 21 18 10 -5 22 7 33 9 11 15 -8 13 23 -15 -2 -17 26 19 20 -3 46 -6 -13 25 -23 35 -18 -16 30 -29 -31 34 38 -28 -12 -24 -26 -7 -35 41 42 -4 -43 45 -45 -1 -48 50 -50 -42 52 54 -54 55 -52 58 61 60 -60 -56 -58
right_child=3 2 40 4 5 6 8 -9 -10 -11 17 12 -14 14 28 16 27 -19 -20 -21 -22 24 36 -25 37 -27 32 29 -30 31 -32 -33 -34 39 -36 -37 -38 -39 -40 -41 48 43 -44 44 -46 -47 47 -49 49 -51 51 -53 53 -55 56 -57 57 -59 59 -61 -62 -63
leaf_value=-0.012365796018452814 -0.0093203248607633161 -0.018985862681477492 -0.012041358088123476 0.0073946938797667151 0.0048316019840606399 0.0062254031768080656 -0.0011518804651048774 -0.060756221554163617 0.0042185006412858612 0.0071793086143302895 0.0012246547380766817 -0.039985664338683308 0.013510661655736549 -0.17440383638696452 -0.15127862519274157 0.0048605467847267414 -0.013857865178681528 0.011954252854963383 -0.00056253959801869406 0.0027134237824260714 0.0036684283374328625 -0.011629516551376368 -0.0092228708413759231 -0.17199454183379811 0.016171929454229083 -0.0020034887007407643 0.0098451642721338432 -0.0035582558447671449 -0.017336667810791528 -0.02099153311737274 0.0066961159836082668 -0.0038980978476891867 0.00058989754116246405 -0.090132350474596029 -0.0037462671136239568 -0.0074778601292712875 0.0013596716408303903 0.00020866028282117024 -0.046232443037270393 0.026325521503537265 -0.013091752044741748 -0.010470453568909303 -0.05696561083729778 -0.001711025347907103 -0.011909076801181792 0.018292921405130377 -0.0029485406938364461 -0.0094325268245180043 -0.0092787044017701558 0.00356271763568254 -0.067523505464196207 0.0025158681073508948 0.09688093529570671 -0.082397401164616316 -0.01013885820284486 0.084853476013343504 0.13170047865973578 0.0040984972361014105 -0.068278428124120605 0.0045472459858415804 0.10886861147979897 0.024696303554487209
leaf_weight=5033 8896 2870 2648 41769 47824 204 262 546 3773 692 12841 345 155 114 30 15832 3663 5416 122376 117201 2136 8253 3217 27 1338 119552 11900 13115 87 1952 5800 3848 15715 26 2355 7168 80933 57381 297 315 1298 5428 280 56081 3195 1008 44457 9743 5672 4200 20 17036 210 31 69 130 72 308 208 466 60 72
leaf_count=5033 8896 2870 2648 41769 47824 204 262 546 3773 692 12841 345 155 114 30 15832 3663 5416 122376 117201 2136 8253 3217 27 1338 119552 11900 13115 87 1952 5800 3848 15715 26 2355 7168 80933 57381 297 315 1298 5428 280 56081 3195 1008 44457 9743 5672 4200 20 17036 210 31 69 130 72 308 208 466 60 72
internal_value=9.2401e-12 -0.00098989 1.23319e-05 0.00201607 0.00309459 0.001801 -0.00892996 -0.0285914 -0.00395456 -0.0219668 0.000220705 -0.0417404 -0.0557697 -0.0735781 -0.112245 -0.00226956 -0.000850794 0.00260807 0.000828026 0.00222051 -0.00931955 -0.00238898 0.00235985 -0.049567 -0.0016185 -0.00262509 0.00159526 -0.00403713 -0.0516808 -0.00258161 -0.000413907 -0.00965092 0.0039241 -0.00773391 0.00759979 -0.00189292 0.000955108 0.000572407 -0.0248724 0.017446 -0.00201326 -0.00320856 -0.0163374 -0.00262357 -0.00191703 -0.00135782 -0.00481525 -0.0041141 0.000735145 -0.00381538 0.00298353 0.00410042 0.0205004 0.0738202 0.0113545 0.0645365 0.00499804 0.0277055 -0.00778376 -0.0179271 0.0452135 0.0781984
internal_weight=877949 588832 343075 289117 180616 138847 6873 1388 5485 1712 108501 1020 758 603 231 53106 44210 55395 244583 122207 5006 245757 131974 372 186524 127805 49979 28378 117 24715 18915 5800 29970 842 14255 20009 84150 58719 501 341 98492 68640 2928 65712 60284 57089 59233 54200 29852 9872 19980 18682 1646 241 1405 150 1255 452 803 674 129 144
internal_count=877949 588832 343075 289117 180616 138847 6873 1388 5485 1712 108501 1020 758 603 231 53106 44210 55395 244583 122207 5006 245757 131974 372 186524 127805 49979 28378 117 24715 18915 5800 29970 842 14255 20009 84150 58719 501 341 98492 68640 2928 65712 60284 57089 59233 54200 29852 9872 19980 18682 1646 241 1405 150 1255 452 803 674 129 144
is_linear=0
shrinkage=0.05


Tree=71
num_leaves=63
num_cat=0
split_feature=3 4 0 0 14 3 9 2 0 0 3 4 12 0 9 18 14 15 22 5 0 6 22 3 8 6 0 2 19 4 5 15 18 8 4 3 0 0 22 1 6 6 22 0 12 18 0 0 19 6 18 10 6 6 22 18 3 1 0 3 3 0
split_gain=638.75 308.736 302.524 342.718 244.393 221.443 216.851 188.123 259.627 245.498 181.015 180.557 175.982 242.157 316.291 321.037 281.9 376.916 179.406 170.709 169.617 164.247 241.776 145.711 159.99 143.765 142.505 161.021 175.955 135.331 134.661 125.419 153.879 124.423 123.509 115.295 114.608 200.205 263.661 384.326 271.327 260.489 211.441 209.773 191.108 357.278 178.784 214.009 159.273 291.071 199.668 173.601 154.837 128.371 125.278 124.746 122.833 140.574 125.748 149.443 114.275 113.202
threshold=0.15903349965810779 -0.28720723092555994 -0.1128837652504444 0.3965147733688355 0.9818691909313203 0.35635852813720709 0.30946898169349885 0.6059766709804536 -0.68595710396766651 -0.20087077468633649 -0.67935135960578907 -0.72038355469703663 -1.0295194983482359 1.0413669943809511 0.30946898169349885 0.1798675283789635 1.3962825536727907 -0.22701143473386762 1.8773770928382876 0.74835324287414562 -0.58755058050155629 0.23542753793299201 1.1788991093635561 4.5974376201629648 0.53518827259540569 -1.4180153012275694 1.2949085831642153 1.4562462568283083 0.72238448262214672 1.445498049259186 0.74835324287414562 -0.66561439633369435 -0.19951572269201276 -0.53798767924308766 1.445498049259186 1.0011113286018374 1.1698743700981142 0.32473587989807134 0.63909837603569042 -1.1897694468498228 1.0000000180025095e-35 1.0000000180025095e-35 1.4519267678260805 -1.457001209259033 -1.0295194983482359 0.1798675283789635 1.4488858580589297 1.5415037870407107 1.0025628209114077 0.23542753793299201 0.33794228732585913 -0.79733012616634358 -1.0046545863151548 -0.59129387140274037 1.8773770928382876 -0.38920252025127405 -0.53287750482559193 -0.60458552837371815 -0.92676365375518788 -0.53020739555358876 0.94304263591766369 -0.81562218070030201
decision_type=2 2 2 2 2 2 2 2 2 2 2 2 2 2 2 2 2 2 2 2 2 2 2 2 2 2 2 2 2 2 2 2 2 2 2 2 2 2 2 2 2 2 2 2 2 2 2 2 2 2 2 2 2 2 2 2 2 2 2 2 2 2
left_child=1 10 4 23 5 11 36 8 35 -10 61 -2 13 14 15 16 18 31 -5 34 -6 22 -9 -4 30 -14 -15 60 -29 -8 -25 -18 -33 -19 -13 -7 37 38 39 41 -40 -3 -39 48 45 54 -38 53 -42 50 51 -50 -41 -48 -44 -56 -54 58 -58 -60 -28 -1
right_child=2 6 3 12 20 7 29 21 9 -11 -12 19 25 26 -16 -17 17 33 -20 -21 -22 -23 -24 24 -26 -27 27 28 -30 -31 -32 32 -34 -35 -36 -37 46 42 40 52 43 -43 44 -45 -46 -47 47 -49 49 -51 -52 -53 56 -55 55 -57 57 -59 59 -61 -62 -63
leaf_value=-0.011747506269095613 -0.011369241954283335 -0.011028990766107149 0.011446023874571457 -0.021736825562378933 0.0033802917836114801 0.0077706335992120141 0.0021037905613126534 -0.0071507638524328475 -0.0054662027847551843 0.0064656521086750157 -0.0014372767433040643 0.0028467767435086493 -0.0020672555746710959 0.0068289417648559007 0.0052206625974662796 0.0023940584856963721 0.0087970021220526717 -0.1043381365679804 -0.1462638225282232 -0.0097393204138789269 0.016476691334739873 0.0071876480411164154 0.091050999930926746 0.014768192187273103 -0.0080482566647406602 0.0040273272656225299 -0.0061009302045716548 -0.010222468543487592 -0.063095942725204926 -0.0020836885988636256 -0.0061375824348996744 -0.13259334453839089 -0.03197708530280037 -0.19937773474018303 -0.012407268886311398 0.0013609460237407446 0.0073269152698604671 -0.0027603782465182446 -0.013930217249160418 0.0021830900083876174 0.010427609892685567 -0.04887248641443289 -0.034010608102519178 0.0024833632766461475 -0.0057714964552994154 -0.0015651421359628229 0.01068634278832474 0.0019962787634637299 -0.029255748987197877 0.010758897347695893 -0.042793769836425785 0.12788498553736458 -0.0047574465591818495 -0.012916986752853965 -0.1487519376131953 -0.035928313164230515 0.0006834798688397036 0.0039784350795682042 0.012350367826434352 -0.009594499052327201 0.010293956799500114 -0.0039083978982061866
leaf_weight=5033 7429 5464 17905 806 14955 17535 134813 12257 15128 6029 205500 11164 10899 5159 1146 579 85 87 30 5181 2962 2597 63 2686 2263 86247 3720 518 226 22517 1080 57 114 57 1506 11695 10080 40115 2244 25928 4640 496 1517 32583 4788 1204 664 16614 20 320 25 145 29370 4349 49 49 10888 12061 862 7758 1488 54200
leaf_count=5033 7429 5464 17905 806 14955 17535 134813 12257 15128 6029 205500 11164 10899 5159 1146 579 85 87 30 5181 2962 2597 63 2686 2263 86247 3720 518 226 22517 1080 57 114 57 1506 11695 10080 40115 2244 25928 4640 496 1517 32583 4788 1204 664 16614 20 320 25 145 29370 4349 49 49 10888 12061 862 7758 1488 54200
internal_value=1.2659e-12 -0.000835874 0.00217601 0.0037546 0.00020967 -0.000845699 9.77626e-05 0.000692433 0.0021526 -0.00206604 -0.00213921 -0.00481904 0.00258659 -0.00263919 -0.0153449 -0.0283301 -0.0427227 -0.0772435 -0.0262055 -0.00209307 0.00554536 -0.00423975 -0.0066486 0.00918219 0.00245904 0.00334356 0.000746786 -0.00452503 -0.0262835 0.00150448 0.00877291 -0.0408417 -0.0655158 -0.141958 0.00103363 0.0052061 -0.000945048 -0.00143199 -0.000433852 -0.00189588 0.00296099 -0.0141784 -0.00420968 0.00396551 -0.0118525 -0.0221809 0.0018274 -0.000735843 0.0133428 0.0398651 0.0888861 0.108838 -0.00105317 -0.00979059 -0.0375501 -0.0923401 -0.00243011 -0.000264895 -0.00288837 -0.00740001 -0.00141668 -0.00457448
internal_weight=877949 634296 243653 135152 108501 90584 369563 65304 50387 21157 264733 25280 111218 14072 2961 1815 1236 400 836 17851 17917 14917 12320 23934 6029 97146 11111 5952 744 157330 3766 256 171 144 12670 29230 212233 180526 132804 92827 39977 5960 47722 37733 7607 2819 31707 21627 5150 510 190 165 86867 5013 1615 98 60939 31569 19508 8620 5208 59233
internal_count=877949 634296 243653 135152 108501 90584 369563 65304 50387 21157 264733 25280 111218 14072 2961 1815 1236 400 836 17851 17917 14917 12320 23934 6029 97146 11111 5952 744 157330 3766 256 171 144 12670 29230 212233 180526 132804 92827 39977 5960 47722 37733 7607 2819 31707 21627 5150 510 190 165 86867 5013 1615 98 60939 31569 19508 8620 5208 59233
is_linear=0
shrinkage=0.05


Tree=72
num_leaves=63
num_cat=0
split_feature=3 2 8 3 3 3 8 5 3 2 2 7 22 2 6 0 12 22 13 3 0 8 8 5 0 11 0 6 0 0 0 22 3 0 0 3 0 0 0 3 6 3 3 7 0 3 2 9 0 2 0 0 0 22 22 6 0 22 18 19 3 0
split_gain=580.128 270.441 275.521 198.289 196.188 163.336 160.829 170.126 178.481 150.657 270.673 213.172 147.935 137.378 517.826 156.464 154.333 131.002 163.203 130.054 427.375 405.062 250.595 218.517 307.072 215.21 211.229 306.635 128.819 126.75 121.39 121.146 121.064 119.697 119.068 118.251 133.678 203.324 177.322 145.163 114.657 113.808 192.239 108.765 152.678 127.773 106.253 104.688 119.883 192.669 156.72 103.284 232.984 111.06 101.791 139.835 209.308 201.758 138.938 305.702 110.073 201.241
threshold=-0.25424566864967341 1.1728230714797976 0.53518827259540569 -0.72815677523612965 1.0941625237464907 -0.23112254589796064 -0.53798767924308766 0.74835324287414562 -0.31494747102260584 0.32255351543426519 0.6059766709804536 -0.85499599575996388 0.69838327169418346 1.7396694421768191 0.23542753793299201 -0.14414230734109876 -0.68629828095436085 -1.0835931301116941 0.43286409974098211 -0.74338054656982411 0.28421554714441305 -0.53798767924308766 -0.18441987375263122 0.74835324287414562 0.33631311357021337 0.61866869032382976 -1.1640971302986143 0.23542753793299201 -1.3655410408973692 0.36757166683673864 1.2763850092887881 1.4189848899841311 -0.35084192454814905 0.33631311357021337 -0.92676365375518788 -0.66526141762733448 1.2567036747932436 1.6665380001068117 -0.85266935825347889 -0.35707354545593256 0.6487882286310197 -0.18533226102590558 -0.18013582378625867 -0.85499599575996388 -0.36063669621944422 -0.77242308855056752 1.0000000180025095e-35 -0.85614114999771107 1.1745052933692934 0.6059766709804536 1.1258808970451357 0.75193604826927196 0.43819281458854681 0.78586807847023021 0.53442355990409862 1.0000000180025095e-35 -1.4384776353836057 0.69267791509628307 -0.15209040790796277 -0.58511462807655323 -0.53503412008285511 -0.5065099149942397
decision_type=2 2 2 2 2 2 2 2 2 2 2 2 2 2 2 2 2 2 2 2 2 2 2 2 2 2 2 2 2 2 2 2 2 2 2 2 2 2 2 2 2 2 2 2 2 2 2 2 2 2 2 2 2 2 2 2 2 2 2 2 2 2
left_child=3 2 4 19 41 -4 7 35 32 30 11 -11 -13 15 -15 -3 -17 -8 28 20 22 23 25 24 26 -1 27 -21 -19 54 -7 33 -9 -23 -10 -5 38 -38 39 46 -22 -2 -43 45 -45 -24 -37 48 50 -50 -44 52 53 -40 -20 -56 57 58 -57 -60 -58 -62
right_child=1 13 5 6 -6 9 17 8 34 10 -12 12 -14 14 -16 16 -18 18 29 21 40 31 43 -25 -26 -27 -28 -29 -30 -31 -32 -33 -34 -35 -36 36 37 -39 51 -41 -42 42 47 44 -46 -47 -48 -49 49 -51 -52 -53 -54 -55 55 56 60 -59 59 -61 61 -63
leaf_value=-0.004798378513941071 0.0060722321547341581 -0.0066748726909754506 0.01338310890579917 -0.0014480352004282054 0.0069714869504169151 -3.4592271641284448e-05 0.0014358290188849997 -0.0018796942158614768 0.0054307253174174777 0.0099740304076442292 -0.001973794130826061 -0.036977557088771422 0.0062319555414464094 -0.0059162516526304531 0.015055022955244394 -0.0054219858839288969 0.0020718510037971249 -0.010532312386725293 -0.0024160144585486172 -0.019940388246068679 0.014960909037800608 -0.015844545632644518 -0.0084398381022403185 -0.0098301645207105586 -0.0066005896410762793 -0.019303164661192872 0.020972683534327179 0.024192330995103147 -0.0029873157685530896 -0.0035740562421881367 0.0043932490760718989 -0.0020291124622353776 0.011805604050832866 -0.0064888955110085581 -0.018621913039364602 0.0052810882355737408 -0.011231837740112185 0.0029441832165011572 0.0051613445963446334 -0.00770438708289362 -0.00071061551018997485 -0.0058320838967202034 -0.00022622580498344355 -0.0066403093570480704 0.0083748739963600549 0.012163476750555546 -0.0015846009741311313 0.0030974179224187541 0.0070422023119479059 -0.010427426304017308 -0.01409772060845811 0.012253007040455115 -0.0030932135854256598 0.013519623772992085 -0.0094953380253648117 0.15061149845520658 -0.00076803099106073896 0.0094567344685009616 0.085743808194443036 -0.073230917113167912 0.0018215088094397855 0.016659446374459499
leaf_weight=7010 18821 18089 2264 25046 26142 83523 30645 37397 648 424 30966 1261 235 6956 5103 11040 18192 5980 22684 927 4175 10101 1004 3168 3091 4026 3221 684 104810 27177 19000 3237 1689 5168 2498 11265 4233 6285 24233 4831 1620 7533 35523 6784 2256 3004 11276 125684 11096 1840 2160 4782 8028 4754 2712 36 29831 5523 108 42 13351 2757
leaf_count=7010 18821 18089 2264 25046 26142 83523 30645 37397 648 424 30966 1261 235 6956 5103 11040 18192 5980 22684 927 4175 10101 1004 3168 3091 4026 3221 684 104810 27177 19000 3237 1689 5168 2498 11265 4233 6285 24233 4831 1620 7533 35523 6784 2256 3004 11276 125684 11096 1840 2160 4782 8028 4754 2712 36 29831 5523 108 42 13351 2757
internal_value=-2.45151e-13 0.00132429 0.00183149 -0.00124741 0.00289496 6.41094e-05 -0.000839859 0.000468485 -0.0022105 -0.000158581 -0.00310332 -0.0213204 -0.03019 -0.00180595 0.00295815 -0.00302 -0.000758334 -0.00162258 -0.00205849 -0.00393783 -0.0016108 -0.00628703 -0.00454409 0.00126873 0.0057066 -0.0100898 0.0135794 -0.00120247 -0.00339456 -0.000638204 0.000785994 -0.0108153 -0.00128832 -0.012678 -0.0136677 0.00154874 0.00249065 -0.002761 0.00328922 0.00016088 0.0105799 0.0023691 0.00198998 0.000146486 -0.00289316 0.00700237 0.00184657 0.00232419 0.000404325 0.00455734 -0.00102134 0.00533791 0.00444455 0.00653214 0.000397408 0.00157143 0.00215253 0.0111817 0.0624013 0.0412309 0.00103045 0.00436113
internal_weight=877949 425852 366472 452097 228799 137673 392621 146965 42232 135409 32886 1920 1496 59380 12059 47321 29232 245656 215011 59476 29879 29597 24084 11091 7923 11036 4832 1611 110790 104221 102523 18506 39086 15269 3146 104733 79687 10518 69169 27372 5795 202657 183836 13048 9040 4008 22541 176303 50619 12936 37683 41797 37015 28987 77044 54360 51648 5709 186 150 45939 16108
internal_count=877949 425852 366472 452097 228799 137673 392621 146965 42232 135409 32886 1920 1496 59380 12059 47321 29232 245656 215011 59476 29879 29597 24084 11091 7923 11036 4832 1611 110790 104221 102523 18506 39086 15269 3146 104733 79687 10518 69169 27372 5795 202657 183836 13048 9040 4008 22541 176303 50619 12936 37683 41797 37015 28987 77044 54360 51648 5709 186 150 45939 16108
is_linear=0
shrinkage=0.05


Tree=73
num_leaves=63
num_cat=0
split_feature=3 5 8 2 3 3 3 0 14 6 2 8 3 5 6 0 3 3 3 0 0 0 6 0 12 0 7 0 0 7 0 19 6 0 15 5 5 18 6 22 18 5 3 0 1 0 11 14 9 22 18 0 14 18 18 5 6 13 4 16 5 18
split_gain=530.111 238.168 280.453 238.094 198.61 287.494 282.25 269.649 337.002 205.942 180.201 167.977 192.233 146.716 143.872 170.721 131.356 128.552 171.492 171.127 123.08 242.133 119.612 117.64 158.347 149.058 165.574 151.431 157.744 199.117 133.074 113.779 143.241 295.418 503.93 325.753 221.674 235.693 203.1 197.651 194.858 282.525 110.213 130.066 108.759 151.122 228.365 334.477 194.818 172.122 187.446 143.654 235.386 192.557 220.178 288.74 196.669 475.127 256.683 166.897 135.177 155.306
threshold=-0.41558174788951868 0.74835324287414562 -0.53798767924308766 -0.81113922595977772 -0.67935135960578907 -0.69208568334579457 -0.69526106119155873 -0.95802223682403553 1.0213370919227602 -1.0000000180025095e-35 0.6059766709804536 0.53518827259540569 -0.44724099338054651 0.74835324287414562 1.0621489584445956 1.6862192749977114 -0.77242308855056752 2.7999460697174077 1.9536987543106081 0.3965147733688355 -1.0205392837524412 0.023727662395685915 0.23542753793299201 1.2150256037712099 -0.68629828095436085 1.0459979176521303 -0.85499599575996388 1.0587329268455508 1.1745052933692934 1.0000000180025095e-35 0.99505805969238292 -0.58511462807655323 1.0000000180025095e-35 -1.3840646743774412 -1.0164967775344846 1.2477897703647616 -1.2493928074836729 0.11663376912474634 0.23542753793299201 0.83205437660217296 -0.21531934291124341 -0.74995630979537953 -0.68251031637191761 -0.40463021397590632 0.37072099745273596 -0.16613905131816861 0.61866869032382976 1.0805390477180483 0.30946898169349885 1.201113283634186 -0.57889413833618153 -0.97423034906387318 0.69572657346725475 -0.56308570504188526 0.30632539093494421 -1.2493928074836729 1.0000000180025095e-35 1.0673541426658633 -1.2979519963264463 0.55972985923290264 -0.74995630979537953 0.48020859062671667
decision_type=2 2 2 2 2 2 2 2 2 2 2 2 2 2 2 2 2 2 2 2 2 2 2 2 2 2 2 2 2 2 2 2 2 2 2 2 2 2 2 2 2 2 2 2 2 2 2 2 2 2 2 2 2 2 2 2 2 2 2 2 2 2
left_child=3 2 17 11 5 6 16 8 31 -10 -3 13 -13 -1 15 -9 -5 18 -2 -19 -15 -22 -17 25 -25 30 -27 -28 -29 -30 44 32 -6 34 40 36 37 -36 -39 -38 41 -34 43 -7 45 46 -4 49 -49 51 -51 52 -48 -54 56 -56 -55 58 -58 -59 61 -50
right_child=1 10 23 4 7 42 -8 14 9 -11 -12 12 -14 20 -16 22 -18 19 -20 -21 21 -23 -24 24 -26 26 27 28 29 -31 -32 -33 33 -35 35 -37 39 38 -40 -41 -42 -43 -44 -45 -46 -47 47 48 60 50 -52 -53 53 54 55 -57 57 59 -60 -61 -62 -63
leaf_value=-0.00033921814641417887 0.0033508415973851763 0.00051557411376439979 0.0018414441014943821 -0.0089864210265066351 -0.0051192298358908317 -0.011445963012156361 0.00930693996318099 0.0014010115083006773 -0.015751344049125909 0.0054185267063327101 -0.0032317635947878443 -0.0059670410513528119 -0.021221960113304406 0.0040513232306855374 0.005738449662985476 -0.0023857944150906555 -0.0013751518502907178 0.018533552210026834 -0.01306311419646445 0.0021422792350576487 -0.02009587158764585 -0.003704325502008526 -0.020650359928959257 -0.00067749756674100677 0.0051514552696617939 0.0021937017752339293 -0.015329372840355597 -0.0018659059507417043 0.0077549005932928518 -0.028585890623693877 0.0069042970425153092 -0.0069430100208067863 0.1807719444235166 -0.00080323878564680516 0.14422234694163005 -0.070380768294517823 0.094075518759324198 -0.09577123267310006 0.03889095749972122 0.031286077811246482 -0.053757656630128631 -0.053012295493057797 -0.013632045884482531 -0.0024436438291844192 -0.0027572558705232049 0.0042348918772755163 0.0023552129932291476 -0.0075256855925545096 -0.01862269940442144 -0.044424601489057143 0.1235147691987179 -0.0060711213641017423 -0.078768400593023549 -0.0095904857644604317 -0.11652425680516494 -0.021352256781517948 -0.029780786567264135 0.029652657253401622 0.12013670503823222 -0.10030269215504328 -0.081930915869910415 -0.11535802073776723
leaf_weight=30533 130268 101684 61213 6029 8326 6029 6029 83895 1250 14191 46868 23619 2263 2160 18940 2312 94824 3218 1611 3152 3354 6863 1464 19388 29197 8889 3594 12539 538 1259 8064 25874 24 3616 24 52 376 56 56 188 200 28 5342 11995 24195 26753 16854 480 306 24 54 15585 114 864 90 696 36 42 138 60 216 48
leaf_count=30533 130268 101684 61213 6029 8326 6029 6029 83895 1250 14191 46868 23619 2263 2160 18940 2312 94824 3218 1611 3152 3354 6863 1464 19388 29197 8889 3594 12539 538 1259 8064 25874 24 3616 24 52 376 56 56 188 200 28 5342 11995 24195 26753 16854 480 306 24 54 15585 114 864 90 696 36 42 138 60 216 48
internal_value=-1.34528e-12 0.00102409 0.00170387 -0.00147401 -0.00084887 -0.00230028 -0.00120193 0.000326244 -0.00254312 0.00370476 -0.000666707 -0.00411954 -0.00730086 -0.00220067 0.00178665 0.000932917 -0.00183015 0.00348542 0.00315033 0.0104228 -0.00679272 -0.00908528 -0.00946718 0.000638738 0.00282539 5.70895e-05 -0.00338596 -0.00615214 -0.00385143 -0.0177059 0.000649645 -0.00502827 -0.00120146 0.005859 0.0298537 0.0503596 0.0593289 0.00202971 -0.0284401 0.0731457 -0.0313387 0.0548881 -0.00732439 -0.00545491 0.000308316 0.00090854 -1.05867e-05 -0.00319447 -0.0309954 -0.00234975 0.0718411 -0.00251758 0.000413604 -0.0156275 -0.0118902 -0.0322498 0.00214722 0.0388913 0.0891193 -0.0467917 -0.0507593 -0.0317394
internal_weight=877949 518037 369485 359912 291120 130248 106882 160872 54261 15441 148552 68792 25882 42910 106611 87671 100853 138249 131879 6370 12377 10217 3776 231236 48585 182651 26819 17930 14336 1797 155832 38820 12946 4620 1004 752 700 136 112 564 252 52 23366 18024 147768 123573 96820 35607 1050 34557 78 34479 18894 2040 1926 786 1140 276 174 102 570 354
internal_count=877949 518037 369485 359912 291120 130248 106882 160872 54261 15441 148552 68792 25882 42910 106611 87671 100853 138249 131879 6370 12377 10217 3776 231236 48585 182651 26819 17930 14336 1797 155832 38820 12946 4620 1004 752 700 136 112 564 252 52 23366 18024 147768 123573 96820 35607 1050 34557 78 34479 18894 2040 1926 786 1140 276 174 102 570 354
is_linear=0
shrinkage=0.05


Tree=74
num_leaves=63
num_cat=0
split_feature=3 4 0 0 0 6 3 3 22 9 3 12 3 3 22 9 15 0 14 18 4 0 0 13 3 2 19 7 3 3 14 8 4 0 3 5 5 4 9 22 9 18 18 8 9 19 3 0 0 22 0 6 6 22 0 12 18 0 0 19 6 18
split_gain=497.33 260.435 251.28 287.763 223.567 251.448 197.302 315.47 197.169 179.5 170.296 181.78 203.873 223.099 206.51 286.106 237.759 202.36 183.664 231.874 173.335 158.178 239.073 221.715 155.932 151.031 149.536 146.428 138.828 138.755 138.32 132.785 127.912 124.148 163.118 114.131 113.708 111.425 108.729 253.753 130.839 143.506 170.067 102.836 102.215 219.681 99.423 98.4712 175.201 221.243 329.302 232.782 229.1 186.367 183.098 172.362 324.968 151.838 188.063 144.196 263.946 179.168
threshold=0.15903349965810779 -0.28720723092555994 -0.1128837652504444 0.3965147733688355 -0.18582036346197126 0.23542753793299201 0.25659510493278509 0.3744166642427445 1.4189848899841311 0.30946898169349885 0.31276594102382665 -1.0295194983482359 1.333412289619446 1.4603368639945986 1.5390376448631289 0.30946898169349885 -0.51210337877273548 1.0413669943809511 1.228543817996979 -0.43662782013416285 -0.14281512796878812 -1.2185100913047788 -0.97423034906387318 1.3332802057266238 0.69440227746963512 1.4562462568283083 0.72238448262214672 0.53506958484649669 4.5974376201629648 -0.67935135960578907 1.440683960914612 0.53518827259540569 -0.57599145174026478 -0.20087077468633649 1.0941625237464907 0.74835324287414562 0.74835324287414562 1.445498049259186 -1.2384440898895261 0.90637847781181347 0.86191278696060192 0.11663376912474634 -0.68954360485076893 -0.53798767924308766 -1.2384440898895261 0.010969315839417961 0.94304263591766369 1.1698743700981142 0.32473587989807134 0.63909837603569042 -1.3655410408973692 1.0000000180025095e-35 1.0000000180025095e-35 1.4519267678260805 -1.457001209259033 -1.0295194983482359 0.1798675283789635 1.4488858580589297 1.5415037870407107 1.0025628209114077 0.23542753793299201 0.33794228732585913
decision_type=2 2 2 2 2 2 2 2 2 2 2 2 2 2 2 2 2 2 2 2 2 2 2 2 2 2 2 2 2 2 2 2 2 2 2 2 2 2 2 2 2 2 2 2 2 2 2 2 2 2 2 2 2 2 2 2 2 2 2 2 2 2
left_child=1 29 4 28 5 8 -7 -8 21 47 -5 12 14 -14 25 16 -16 18 -18 20 30 23 -23 -2 -9 46 -27 -13 -4 -1 -20 35 -6 34 36 -30 43 -11 39 -28 -40 42 -42 -24 45 -21 -12 48 49 50 51 -3 -51 -50 59 56 -55 -49 -59 -54 61 -61
right_child=2 9 3 10 32 6 7 24 -10 37 11 27 13 -15 15 -17 17 -19 19 44 -22 22 33 -25 -26 26 38 -29 31 -31 -32 -33 -34 -35 -36 -37 -38 -39 40 -41 41 -43 -44 -45 -46 -47 -48 57 53 52 -52 -53 54 55 -56 -57 -58 58 -60 60 -62 -63
leaf_value=-0.0040667493310778272 -0.0062701587516261776 -0.010077839247585105 0.010541911082623909 0.0079533228417411807 -0.019511520296190483 0.012799435361318693 -0.0067413686345809331 0.0088308584507261825 -0.073417100749517739 0.0019435940318784828 -0.0050690925138787146 0.004022557522085521 0.031165298972323355 -0.00045565114376234562 -0.00022637190883800101 0.0031242851794116644 -0.017772985178615069 0.010428403482513447 -0.055733283789697712 -0.19506035962810694 -0.21937659605923626 0.0040315634748707523 0.0017777278273715638 0.1458332182218631 0.0015909089529228448 -0.010773446343309491 -0.25544868012269339 -0.00021938888450858345 0.013041195473642592 -0.0013200532604309206 -0.20584444928736914 -0.007802608301821664 -0.0040711741828864945 0.0054820372682067593 0.0051598692724569269 -0.006205056366091379 -0.013032539410830421 -0.0018560844009257048 -0.0056698064671318032 -0.0096490667334624709 -0.02886369602585381 0.006008316662449103 -0.20833412670727933 -0.007653351613014516 -0.045830110020307437 -0.027238170604388684 0.0094971128931541759 0.0068092034102660336 -0.0025179806883465 -0.012757926903358578 -0.00090566345200675073 -0.045852152293457862 0.0096734339001054975 -0.035520545969412294 0.0023016819888582937 -0.0052789479154564597 -0.0012012553102421139 -0.0091092741426956475 0.0019400089875386975 0.10326354480150975 0.0099660723535726012 -0.040373071908950814
leaf_weight=59233 13804 5464 17905 11853 2014 5109 7653 12754 95 134813 5928 54148 744 2229 260 592 144 98 57 39 45 20867 4625 24 17840 491 21 32587 2686 205500 21 2263 4016 3478 3479 1080 5036 22517 102 21 22 26 33 7707 258 39 1460 10080 40115 2244 86867 496 4640 1615 32583 4788 1204 5013 16614 165 320 25
leaf_count=59233 13804 5464 17905 11853 2014 5109 7653 12754 95 134813 5928 54148 744 2229 260 592 144 98 57 39 45 20867 4625 24 17840 491 21 32587 2686 205500 21 2263 4016 3478 3479 1080 5036 22517 102 21 22 26 33 7707 258 39 1460 10080 40115 2244 86867 496 4640 1615 32583 4788 1204 5013 16614 165 320 25
internal_value=-2.00179e-12 -0.000737561 0.00192007 0.00335877 0.000127993 0.000678567 0.0035707 0.00233793 -0.00144257 0.000119939 0.00228849 0.00161275 -0.00399155 0.00745756 -0.00751627 -0.0242189 -0.0410629 -0.0562092 -0.0670391 -0.0824952 -0.141232 -0.00132672 0.000105109 -0.00600617 0.00460909 -0.00431549 -0.0262415 0.00242883 0.0083322 -0.00193462 -0.0961478 0.00176976 -0.0092282 -0.00326317 -0.00472217 0.00752182 -0.00670165 0.00139979 -0.0599964 -0.132549 -0.043345 -0.0907878 -0.136546 -0.00411631 -0.0609935 -0.111149 -0.00219055 -0.000828822 -0.00128019 -0.000346453 -0.00168572 -0.013055 0.00276334 -0.00387864 0.00368639 -0.011054 -0.0208627 0.00174104 -0.000621144 0.0124472 0.0376829 0.084364
internal_weight=877949 634296 243653 135152 108501 102471 43356 38247 59115 369563 111218 99365 12630 2973 9657 1553 961 701 603 459 123 59020 45192 13828 30594 8104 716 86735 23934 264733 78 6029 6030 24325 20847 3766 17368 157330 225 42 183 81 55 12332 336 78 7388 212233 180526 132804 92827 5960 39977 47722 37733 7607 2819 31707 21627 5150 510 190
internal_count=877949 634296 243653 135152 108501 102471 43356 38247 59115 369563 111218 99365 12630 2973 9657 1553 961 701 603 459 123 59020 45192 13828 30594 8104 716 86735 23934 264733 78 6029 6030 24325 20847 3766 17368 157330 225 42 183 81 55 12332 336 78 7388 212233 180526 132804 92827 5960 39977 47722 37733 7607 2819 31707 21627 5150 510 190
is_linear=0
shrinkage=0.05


Tree=75
num_leaves=63
num_cat=0
split_feature=3 11 0 22 13 0 0 0 13 1 19 6 15 5 14 5 14 17 10 22 18 0 18 3 8 3 0 12 9 19 22 5 16 22 3 0 0 0 14 18 15 3 8 3 9 3 6 6 2 22 0 5 22 6 10 22 15 19 10 18 18 5
split_gain=453.235 248.478 301.784 306.05 251.433 245.364 276.916 332.316 293.224 255.302 232.848 513.986 520.404 568.122 604.354 321.409 284.409 281.822 270.817 350.138 266.917 212.555 211.892 202.35 244.766 220.019 194.717 185.947 209.57 179.967 195.131 380.077 250.136 202.248 175.526 298.019 287.713 238.959 173.404 338.931 199.52 168.675 169.647 189.355 186.712 167.754 295.528 165.326 272.08 159.729 148.688 139.662 372.922 138.87 180.405 213.914 408.574 353.021 406.328 142.002 138.079 139.687
threshold=0.072571337223052992 0.61866869032382976 -1.457001209259033 1.4189848899841311 1.3332802057266238 -0.27959600090980524 0.75193604826927196 1.0263165831565859 0.078296039253473296 -0.60458552837371815 -0.67850741744041432 1.0000000180025095e-35 -1.0164967775344846 -1.2493928074836729 1.1890759468078616 1.2477897703647616 1.0805390477180483 1.0000000180025095e-35 -0.79733012616634358 0.98886618018150341 -0.32597358524799341 0.36757166683673864 0.24309645593166354 -0.75740474462509144 -0.53798767924308766 -0.73797869682312001 -1.5820354223251341 -1.0295194983482359 0.30946898169349885 0.53559884428977977 0.85679104924201976 0.74835324287414562 -0.11790292830298198 1.0418835878372195 -0.71073538064956654 -0.47525136172771448 -0.49609039723873133 -0.31432774662971491 1.3962825536727907 -0.19951572269201276 -0.51210337877273548 0.084044579416513457 0.53518827259540569 0.13408648967742923 -0.85614114999771107 0.12054699286818506 0.6487882286310197 0.23542753793299201 -1.0000000180025095e-35 -0.0089417318813502771 -1.4130077362060545 -1.2493928074836729 0.53442355990409862 1.0000000180025095e-35 -0.79733012616634358 0.93363687396049511 -0.22701143473386762 -0.30493627488613123 1.0000000180025095e-35 -0.29435671865940088 0.57505440711975109 0.74835324287414562
decision_type=2 2 2 2 2 2 2 2 2 2 2 2 2 2 2 2 2 2 2 2 2 2 2 2 2 2 2 2 2 2 2 2 2 2 2 2 2 2 2 2 2 2 2 2 2 2 2 2 2 2 2 2 2 2 2 2 2 2 2 2 2 2
left_child=1 5 3 4 10 9 21 8 -8 34 11 -3 18 22 15 17 -17 26 -13 20 -20 -7 -14 24 -4 -25 -15 28 38 53 51 32 -32 -34 -1 36 -36 -37 -23 40 -40 -2 44 47 45 46 -43 48 -44 -39 -46 52 -31 -12 -55 -56 57 -57 -59 -58 61 -61
right_child=41 2 23 -5 -6 6 7 -9 -10 -11 29 12 13 14 -16 16 -18 -19 19 -21 -22 27 -24 25 -26 -27 -28 -29 -30 30 31 -33 33 -35 35 37 -38 49 39 -41 -42 42 43 -45 50 -47 -48 -49 -50 -51 -52 -53 -54 54 55 56 59 58 -60 60 -62 -63
leaf_value=-0.0025388527349064702 0.0099066470077091677 -0.012834549232479363 -0.019918397778722948 -0.091352822288222946 0.13519466618696849 -0.001772357895618735 0.0018470481970759749 -0.00099405309070858664 0.014825769586425933 0.013984493697491607 -0.015905917350409759 -0.0776274162751657 0.05349182580198561 0.039425711916446421 -0.10370082449913026 -0.082630904587832371 0.078165202544663442 -0.073418362617492669 0.1140442548195521 0.093729763539398422 -0.045891845777630808 -0.01553137592169274 -0.09149437026845085 0.014313099475254214 -0.0026757913449245874 -0.0015649933091434619 0.11280738341465463 -0.0051178228441463684 -0.0030068951347043387 -0.01159181132581499 0.083216262863328061 0.060878259823496997 0.0062263090815395123 -0.064705655743946905 0.0011041207996760067 0.0091653377508987902 -0.012804837852519353 -0.018556471009990538 -0.019448810646220713 -0.020147719484156203 -0.10410920694618112 -0.001534125143180942 0.01851272092777893 0.00048399467728766184 -0.0031444904861798783 0.00043889565540985905 -0.041683482476933438 -0.014667993584193429 -0.0087794123453431919 0.0029175230054685076 0.0038743511327481391 -0.018330860366668419 0.12437409976927134 -0.078334680866627482 -0.049987122717357821 -0.088138977629797804 0.065742145975430807 -0.037493188447422457 0.1420848804428464 -0.08039913618192078 0.064155109643936156 -0.00038464138408501945
leaf_weight=30595 6015 2645 3294 115 30 60961 12329 72299 6726 3823 2700 135 35 113 50 55 55 25 30 85 200 2008 90 2207 5486 190675 452 21067 1933 225 60 290 220 185 136652 19068 3822 1326 96 676 253 1500 1304 98010 8061 48525 660 4016 3047 2496 117979 1930 65 210 525 35 30 45 105 200 25 75
leaf_count=30595 6015 2645 3294 115 30 60961 12329 72299 6726 3823 2700 135 35 113 50 55 55 25 30 85 200 2008 90 2207 5486 190675 452 21067 1933 225 60 290 220 185 136652 19068 3822 1326 96 676 253 1500 1304 98010 8061 48525 660 4016 3047 2496 117979 1930 65 210 525 35 30 45 105 200 25 75
internal_value=2.52111e-13 -0.000796046 -0.00216189 -0.0102112 -0.0093571 -2.36588e-05 -0.00136848 0.000554123 0.00642825 0.00118902 -0.00975513 -0.00010112 0.0253177 0.0477893 0.0642372 0.0762328 -0.00223285 0.090862 -0.0183771 0.00701584 -0.0250306 -0.00338745 -0.0508982 -0.00172123 -0.00914471 -0.00138331 0.098131 -0.00716948 -0.0158731 -0.0152896 -0.00600184 0.0159562 -0.0120597 -0.0261747 0.000936821 0.00158775 0.000725687 0.00687815 -0.0240731 -0.0408064 -0.0808215 0.00162127 0.00144523 -0.000132365 0.00239485 -0.000167996 -0.013802 -0.00735233 -0.000599927 -0.00453264 0.00342545 -0.0134696 0.0188833 -0.0222849 -0.0360634 -0.0275278 -0.00463239 0.0548479 0.0882115 -0.0379774 -0.0483493 -0.058577
internal_weight=877949 588832 212702 11040 10925 376130 178348 91354 19055 197782 10895 3970 1325 875 750 700 110 590 450 315 230 86994 125 201662 8780 192882 565 26033 4966 6925 2975 755 465 405 193959 163364 140474 22890 3033 1025 349 289117 283102 106377 176725 50685 2160 8367 4351 3822 126040 2220 290 3950 1250 1040 515 185 150 330 300 275
internal_count=877949 588832 212702 11040 10925 376130 178348 91354 19055 197782 10895 3970 1325 875 750 700 110 590 450 315 230 86994 125 201662 8780 192882 565 26033 4966 6925 2975 755 465 405 193959 163364 140474 22890 3033 1025 349 289117 283102 106377 176725 50685 2160 8367 4351 3822 126040 2220 290 3950 1250 1040 515 185 150 330 300 275
is_linear=0
shrinkage=0.05


Tree=76
num_leaves=63
num_cat=0
split_feature=3 3 3 3 2 0 1 0 6 22 9 12 18 13 0 22 0 1 0 0 0 0 0 6 11 10 14 15 0 18 22 6 0 13 22 15 2 0 7 0 2 12 5 6 14 16 9 6 14 15 5 14 19 19 22 18 15 5 6 8 18 18
split_gain=422.584 293.135 262.602 281.638 260.561 252.198 258.209 545.232 328.405 236.008 292.534 562.054 240.763 212.172 207.471 200.993 199.071 277.548 251.145 232.553 183.235 203.524 182.261 231.172 182.252 179.218 312.621 308.875 248.588 242.974 170.248 205.355 193.846 169.337 189.087 175.768 166.515 190.14 165.968 197.366 206.304 425.443 211.796 165.743 271.056 181.367 245.261 328.831 350.649 320.362 298.794 295.449 268.601 191.069 303.297 187.316 186.998 201.841 257.574 165.063 157.391 154.993
threshold=-0.53287750482559193 -0.53020739555358876 -0.53755223751068104 -0.54680722951889027 -0.24429284036159513 1.3921573758125307 0.37072099745273596 -0.13140735030174253 0.6487882286310197 1.4519267678260805 0.30946898169349885 -1.0295194983482359 0.1798675283789635 1.0207004547119143 -0.19392443448305127 0.017657770775258545 -1.3655410408973692 -0.79964685440063465 -0.29348869621753687 -0.28654234111309046 -0.28654234111309046 -0.58755058050155629 0.69404986500740062 1.0621489584445956 0.61866869032382976 -0.79733012616634358 1.3321472406387331 -0.66561439633369435 0.99505805969238292 0.13244220614433291 0.53442355990409862 0.6487882286310197 -1.3365979194641111 1.5572178363800051 1.4898728728294375 -0.22701143473386762 -1.0000000180025095e-35 1.6943233013153078 0.85204461216926586 0.18465130031108859 0.6059766709804536 -0.68629828095436085 0.74835324287414562 -1.0000000180025095e-35 0.37011602520942694 -0.11790292830298198 0.30946898169349885 0.23542753793299201 0.86346536874771129 0.65019455552101146 -0.74995630979537953 1.1298739910125735 1.0025628209114077 -0.67850741744041432 0.84919226169586193 -0.1837072819471359 -1.0164967775344846 -1.2493928074836729 0.23542753793299201 -1.0000000180025095e-35 0.037596394307911403 -0.24693621695041654
decision_type=2 2 2 2 2 2 2 2 2 2 2 2 2 2 2 2 2 2 2 2 2 2 2 2 2 2 2 2 2 2 2 2 2 2 2 2 2 2 2 2 2 2 2 2 2 2 2 2 2 2 2 2 2 2 2 2 2 2 2 2 2 2
left_child=2 -2 3 30 5 6 7 8 16 15 11 12 25 59 -4 -8 43 -18 24 -20 21 -10 -13 -24 -19 29 -27 -28 33 -11 31 32 -1 34 -29 -36 37 -33 39 -6 41 -41 -42 -3 -45 53 52 48 49 -48 51 61 -47 56 -55 -53 -46 -58 -59 -5 -54 -50
right_child=1 4 14 13 38 -7 9 -9 20 10 -12 22 -14 -15 -16 -17 17 18 19 -21 -22 -23 23 -25 -26 26 27 28 -30 -31 -32 36 -34 -35 35 -37 -38 -39 -40 40 42 -43 -44 44 45 46 47 -49 50 -51 -52 55 60 54 -56 -57 57 58 -60 -61 -62 -63
leaf_value=-0.0085812563244135661 0.011740426042527296 -0.01059279553064308 -0.01537051585368837 0.015400048661207675 -0.0018602312732995359 0.0062671895615359257 -0.0024092856978183514 0.0077281163269992256 0.0040342643152923262 -0.0047011827027712543 0.00097996633798209248 0.0020639735426993869 0.014308258432850249 -0.0062355473379648854 -0.002253870838918543 0.0028932972541360746 0.0027956368715890767 -0.0011136449346001672 0.012357673921686511 -0.00053236631821621558 -0.002257438046812635 0.01312694357927653 0.01004415161116788 -0.043798438818185403 -0.0084914672628193365 -0.023078619283744772 -0.0057423794918932116 -0.17926260246507203 0.015869424893365552 -0.16803480715801319 -4.0637671286035458e-06 -0.013748628221422197 -0.0014488911495307963 -0.1875578474430811 -0.04935471595528846 -0.1042861006212587 -0.0010290601370004128 0.0024926288992368601 -0.0024888030909262686 -0.0091003678254364534 0.0043687636942796653 0.0027701197605249236 -0.0011236008242123802 -0.044433341061075493 0.0017695358584367837 0.0058144116098088339 -0.024473963567504177 0.0061315897947371682 -0.026574410774089674 0.12757801238228292 -0.090680932515878179 0.06130215326944987 0.12277153011549402 -0.061703085858923527 0.027457162858772394 -0.085540975160426927 -0.054086415469646459 0.12421616073810693 0.0091724614204460944 0.0019755253754509469 0.024204449163013956 0.12495748996734619
leaf_weight=10285 6012 8208 6029 5427 68262 26433 41690 35759 38393 444 5076 3040 224 2671 6030 31279 54542 15936 4199 20992 9156 7329 315 543 17632 694 164 48 60 24 100024 10283 129157 42 300 283 6495 2185 76605 12507 61164 19038 24617 300 129 1545 108 810 27 51 321 27 81 129 366 111 27 165 69 3961 81 45
leaf_count=10285 6012 8208 6029 5427 68262 26433 41690 35759 38393 444 5076 3040 224 2671 6030 31279 54542 15936 4199 20992 9156 7329 315 543 17632 694 164 48 60 24 100024 10283 129157 42 300 283 6495 2185 76605 12507 61164 19038 24617 300 129 1545 108 810 27 51 321 27 81 129 366 111 27 165 69 3961 81 45
internal_value=1.01628e-12 0.00075567 -0.0015924 -0.00127055 0.000643621 0.00158471 0.00117318 0.00208687 0.000971003 -0.00117584 -0.00791441 -0.0152187 -0.0349201 0.00619836 -0.00881165 -0.000136273 -0.000435968 0.000227054 -0.00215719 0.00161623 0.00419887 0.00549177 -0.00367988 -0.0240311 -0.00498894 -0.0402757 -0.0482763 -0.0677715 -0.0816497 -0.0130773 -0.00161907 -0.00263885 -0.00197496 -0.0903439 -0.0838732 -0.0760195 -0.00752067 -0.0109024 -0.000530782 0.000277429 0.00152115 -0.00193631 0.00279259 -0.00639796 0.00144158 0.00480485 -0.000724881 -0.0154753 -0.04084 0.0242974 -0.0603444 -0.0139729 0.0122369 0.0248431 0.00422146 -0.0568108 0.0510167 0.0753572 0.090293 0.00973595 0.073488 0.068133
internal_weight=877949 595402 282547 270488 589390 327197 300764 216538 180779 84226 11257 6181 2283 12059 12059 72969 125901 113301 58759 25191 54878 45722 3898 858 33568 2059 1591 897 733 468 258429 158405 139442 673 631 583 18963 12468 262193 185588 117326 31545 85781 12600 4392 4092 3207 1500 690 159 531 210 1707 885 495 138 390 261 234 9388 162 72
internal_count=877949 595402 282547 270488 589390 327197 300764 216538 180779 84226 11257 6181 2283 12059 12059 72969 125901 113301 58759 25191 54878 45722 3898 858 33568 2059 1591 897 733 468 258429 158405 139442 673 631 583 18963 12468 262193 185588 117326 31545 85781 12600 4392 4092 3207 1500 690 159 531 210 1707 885 495 138 390 261 234 9388 162 72
is_linear=0
shrinkage=0.05


Tree=77
num_leaves=63
num_cat=0
split_feature=3 4 5 3 4 9 8 3 6 3 6 2 0 3 4 0 6 14 0 15 6 2 3 3 0 13 1 0 6 14 19 19 10 14 6 5 18 6 5 5 3 3 3 0 0 6 0 0 3 0 0 0 0 2 3 17 2 2 3 0 9 22
split_gain=381.516 221.97 154.062 151.854 156.41 165.355 139.994 198.24 203.712 130.783 302.934 153.888 137.345 117.309 116.027 139.919 114.031 170.021 149.899 111.31 110.527 123.552 110.279 122.36 252.583 115.341 197.678 112.46 148.747 262.606 269.409 332.253 317.071 386.585 260.221 301.387 252.298 156.259 673.986 147.488 107.585 102.453 132.536 123.82 141.782 101.521 129.25 255.734 164.095 102.307 152.857 149.35 146.602 99.7923 162.574 96.6125 114.295 155.088 147.314 100.576 96.0646 97.5952
threshold=0.072571337223052992 -0.28720723092555994 0.74835324287414562 0.084044579416513457 -0.72038355469703663 -0.85614114999771107 -0.53798767924308766 -0.75740474462509144 0.23542753793299201 0.12054699286818506 0.6487882286310197 -1.0000000180025095e-35 1.1258808970451357 0.13408648967742923 1.445498049259186 -1.4130077362060545 0.23542753793299201 1.228543817996979 -1.4975215792655943 3.2160221338272099 0.23542753793299201 -1.0000000180025095e-35 -0.72815677523612965 -0.74338054656982411 -0.36063669621944422 0.39554110169410711 -1.1897694468498228 -1.3840646743774412 1.0000000180025095e-35 1.1890759468078616 -0.7719002068042754 0.16202769801020625 1.0000000180025095e-35 0.5871897041797639 0.23542753793299201 -1.2493928074836729 0.36955435574054724 0.23542753793299201 -1.2493928074836729 1.0000000180025095e-35 0.14603213220834735 -0.066463191062211976 -0.25424566864967341 1.1745052933692934 1.0737832784652712 -1.0046545863151548 -0.40463021397590632 -0.44167736172676081 -0.1616052761673927 1.2567036747932436 1.5241379737854006 1.3574256896972658 1.1745052933692934 1.0000000180025095e-35 -0.37020635604858393 -0.055877291234588893 -0.24429284036159513 -0.81113922595977772 -0.18941957503557202 1.1698743700981142 1.244215786457062 1.0205361247062685
decision_type=2 2 2 2 2 2 2 2 2 2 2 2 2 2 2 2 2 2 2 2 2 2 2 2 2 2 2 2 2 2 2 2 2 2 2 2 2 2 2 2 2 2 2 2 2 2 2 2 2 2 2 2 2 2 2 2 2 2 2 2 2 2
left_child=1 22 6 -2 13 9 7 8 -3 10 11 -6 -12 20 15 16 17 -7 -18 -17 21 -5 23 24 -1 26 -24 28 -27 30 34 60 36 -34 35 -30 -33 38 -31 -40 -21 42 -4 44 -44 46 47 48 53 52 51 -51 -48 54 -28 56 57 -8 -59 -58 61 -32
right_child=3 2 41 4 5 14 55 -9 -10 -11 12 -13 -14 -15 -16 19 18 -19 -20 40 -22 -23 25 -25 -26 27 45 -29 29 37 31 32 33 -35 -36 -37 -38 -39 39 -41 -42 -43 43 -45 -46 -47 49 -49 -50 50 -52 -53 -54 -55 -56 -57 59 58 -60 -61 -62 -63
leaf_value=-0.0072975695797560542 0.0093488690351121694 -0.016484762772212766 -0.0021277651177559558 0.01392863427658053 0.015213680972454742 -0.0064154253603018203 -0.00012331551088226071 0.0023769017909385536 0.0039082731615039867 0.000314459286962166 -0.059438383252544205 -0.01487322065278022 -0.016587882125510506 4.368835803124308e-05 -0.00091092340242313887 0.0040458141214616558 0.011461091904510747 -0.066716767993445211 -0.010744519886865053 -0.044709275338960734 -0.013707998216793124 -0.0069253892536961644 -0.0098336229078084831 -0.0085656715977170585 0.0072590656041344659 -0.015781197907107938 0.01235136865894269 -0.00057549346400015714 -0.061098409891128538 0.16563694708877141 -0.077137587856555334 -0.069699583231427137 -0.042914782819293798 0.13333740564577359 0.019640559426801648 0.10654877391126422 0.068826017667608416 0.0055372468473207587 -0.088339862501484234 0.016054353685606093 0.0015551362787974354 -0.0086345468603726046 0.0025167774769416108 0.010552113962912757 -0.011805368104425784 -0.002719852645993507 -0.0029481869679971661 0.027446138100645875 0.022341582262679155 0.004931221281314617 -0.0022287777261027937 0.035416129854589799 -0.029611362686451034 -0.0037410323581255666 -0.0023736531057666245 -0.0031239902297990657 -0.0019662386862277039 0.0047060485432451026 0.022664370741168661 0.0053174457734644492 0.011823206914193703 0.022365967519581319
leaf_weight=7539 6015 2870 75607 1014 850 4515 26702 117201 2136 54975 374 850 374 76389 16831 117377 2280 120 1140 230 3135 2371 8253 12348 4928 732 3588 63393 30 36 138 84 42 120 264 252 54 5964 174 42 277 4889 12096 3884 2016 100933 18887 1060 934 1060 3024 647 530 6680 3925 26191 47978 15010 1236 5259 66 30
leaf_count=7539 6015 2870 75607 1014 850 4515 26702 117201 2136 54975 374 850 374 76389 16831 117377 2280 120 1140 230 3135 2371 8253 12348 4928 732 3588 63393 30 36 138 84 42 120 264 252 54 5964 174 42 277 4889 12096 3884 2016 100933 18887 1060 934 1060 3024 647 530 6680 3925 26191 47978 15010 1236 5259 66 30
internal_value=-4.67123e-12 -0.000730353 9.12849e-05 0.00148748 0.00132045 0.00207677 0.000763659 0.00196071 -0.0077833 -0.000189071 -0.0114969 0.00017023 -0.0380131 -0.00050578 0.00298811 0.00350919 -0.00286643 -0.00797663 0.00405922 0.00394484 -0.00694341 -0.000678423 -0.00187735 -0.00503778 -0.00154357 -0.00152239 -0.00231195 0.000130561 0.00570591 0.00786169 0.0306191 0.00536747 0.0401997 0.0876424 0.0553158 0.088714 -0.0154939 0.00390769 -0.0346584 -0.068041 -0.0194327 -0.00157841 -0.00120986 0.00264657 0.000470757 -0.00187252 0.000247801 0.00370482 0.00204119 -0.00206953 0.00452368 0.0164858 -0.00367598 0.000705279 0.00465861 -0.000431735 0.000301361 0.00222032 0.00607232 -0.00124672 -0.0392892 -0.0593691
internal_weight=877949 588832 343075 289117 283102 200193 244583 122207 5006 57423 2448 1700 748 82909 142770 125939 8055 4635 3420 117884 6520 3385 245757 24815 12467 220942 149521 71421 8028 7296 1080 534 300 162 546 282 138 6216 252 216 507 98492 93603 17996 14112 141268 40335 16187 15127 24148 4731 1707 19417 14193 7513 122376 96185 42948 16246 53237 234 168
internal_count=877949 588832 343075 289117 283102 200193 244583 122207 5006 57423 2448 1700 748 82909 142770 125939 8055 4635 3420 117884 6520 3385 245757 24815 12467 220942 149521 71421 8028 7296 1080 534 300 162 546 282 138 6216 252 216 507 98492 93603 17996 14112 141268 40335 16187 15127 24148 4731 1707 19417 14193 7513 122376 96185 42948 16246 53237 234 168
is_linear=0
shrinkage=0.05


Tree=78
num_leaves=63
num_cat=0
split_feature=3 3 3 3 0 0 14 6 3 0 13 2 5 8 13 22 5 6 5 19 6 13 15 6 5 16 18 15 13 6 18 18 0 0 0 6 0 3 0 0 14 6 0 0 22 19 6 15 10 9 18 18 5 6 22 18 5 6 6 19 5 22
split_gain=354.793 268.707 238.23 250.284 235.043 299.926 289.96 252.583 251.67 221.972 193.388 185.813 176.608 186.097 166.476 171.232 551.492 284.88 275.046 485.447 451.045 396.002 236.568 213.718 1060.28 640.014 201.654 190.755 177.371 167.409 163.648 404.567 161.85 153.406 248.614 282.732 317.81 304.262 162.41 156.771 280.639 266.035 158.973 149.685 293.595 169.016 482.249 903.177 458.907 472.684 391.243 343.94 333.548 274.757 251.84 248.815 252.046 260.761 229.884 442.466 517.093 264.407
threshold=-0.53287750482559193 -0.53020739555358876 -0.53755223751068104 -0.54680722951889027 -1.1351540088653562 -1.1085263490676878 1.0213370919227602 1.0000000180025095e-35 0.94304263591766369 -1.1224189996719358 1.0113697052001955 -1.0000000180025095e-35 0.74835324287414562 -0.53798767924308766 0.33955676853656774 1.1496823430061343 0.74835324287414562 0.23542753793299201 -0.74995630979537953 0.16202769801020625 0.23542753793299201 0.43286409974098211 -0.22701143473386762 0.23542753793299201 0.74835324287414562 -0.11790292830298198 0.021792780142277483 -0.66561439633369435 0.70345541834831249 0.23542753793299201 0.22728801518678668 0.13244220614433291 1.2763850092887881 -0.39305296540260309 -0.47525136172771448 -1.0046545863151548 -0.41852289438247675 -0.69526106119155873 -0.64659449458122242 -0.81562218070030201 1.2926793098449709 0.23542753793299201 -1.5449882149696348 -1.4130077362060545 1.1788991093635561 -0.58511462807655323 1.0000000180025095e-35 -1.0164967775344846 -0.79733012616634358 0.86191278696060192 -0.057244595140218728 -0.21531934291124341 -0.74995630979537953 0.23542753793299201 0.63909837603569042 1.0018532872200014 -0.74995630979537953 0.23542753793299201 1.0000000180025095e-35 0.72238448262214672 -1.2493928074836729 0.83205437660217296
decision_type=2 2 2 2 2 2 2 2 2 2 2 2 2 2 2 2 2 2 2 2 2 2 2 2 2 2 2 2 2 2 2 2 2 2 2 2 2 2 2 2 2 2 2 2 2 2 2 2 2 2 2 2 2 2 2 2 2 2 2 2 2 2
left_child=2 -2 3 33 6 9 43 -8 12 -6 -5 -4 13 -7 -9 16 18 -18 19 21 -20 -16 -21 24 25 -17 -24 -27 -23 -30 31 -26 -14 34 38 37 -37 -36 39 40 42 -42 -1 44 45 46 -3 51 -49 50 -50 52 -48 -52 -51 56 -56 -58 -47 -60 -61 -62
right_child=1 4 11 10 5 8 7 14 -10 -11 -12 -13 32 -15 15 23 17 -19 20 22 -22 28 26 -25 30 27 -28 -29 29 -31 -32 -33 -34 -35 35 36 -38 -39 -40 -41 41 -43 -44 -45 -46 58 47 48 49 54 53 -53 -54 -55 55 -57 57 -59 59 60 61 -63
leaf_value=-0.013034526316554114 0.011209505778349073 -0.0091220766655551958 -0.0021291109322379848 0.0093857070161367951 0.00054157306522748568 0.0024790033885507008 -0.015448706528437989 -0.044469305202822509 0.0037196868705983662 0.0093033146289188701 -0.0055751491050331659 -0.014542283203539336 -0.0023098250609259424 -7.3114330597739388e-05 -0.067640933303200465 0.10933491332190377 0.088750559803630627 0.0075087422425172126 -0.076295047985906361 0.15412602440996484 0.014478116529252197 0.012239219130653524 -0.099106192304974514 0.0045961484480964944 0.078609742562310042 0.045898770945412774 0.11519559293620936 -0.074377837461769278 0.16458633187271299 0.0067508113869865025 0.13365396737278282 -0.15942824397768296 0.0021217855056184965 -0.0026659096473661643 0.036011466628186543 0.0080105546190189485 -0.0049151937209584769 0.0077341787817459054 -0.00700206137032219 0.0023384889515851719 -0.058286622876767072 0.0067188388070077683 -0.0027505240161788801 -0.0021240533853497429 0.048590329358468583 -0.0093793557581575079 0.15761303504308066 0.09936592041160025 0.13039241387612291 0.096551187264008659 -0.085284539670855919 -0.073265595115652241 -0.049792491680099853 0.021463801054778742 0.062728864845336865 0.14704487300995325 -0.12472689471862936 0.01820653598301877 -0.056828343198180968 0.11826877922583851 -0.037112328487211001 0.027658914476469683
leaf_weight=4089 6012 5478 6030 9240 12044 114100 1750 173 59027 18080 2819 6029 96580 191001 147 56 350 156 238 91 322 273 21 17148 119 35 23 567 42 28 77 21 26190 132804 1272 9514 9508 3773 11160 30097 160 9650 46402 32587 228 9414 36 294 36 216 162 270 42 96 108 36 54 78 780 78 510 228
leaf_count=4089 6012 5478 6030 9240 12044 114100 1750 173 59027 18080 2819 6029 96580 191001 147 56 350 156 238 91 322 273 21 17148 119 35 23 567 42 28 77 21 26190 132804 1272 9514 9508 3773 11160 30097 160 9650 46402 32587 228 9414 36 294 36 216 162 270 42 96 108 36 54 78 780 78 510 228
internal_value=-1.71888e-12 0.00069241 -0.00145909 -0.00115254 0.000585131 0.000958692 -0.00208371 0.00276251 0.000659148 0.00580025 0.00588835 -0.00833518 0.000236931 0.000881313 0.00436505 0.00479359 0.0200067 0.0637037 0.00134785 0.0241496 -0.0241005 0.00101987 0.108102 0.00336624 -0.0207373 -0.052345 0.0129152 -0.067385 0.0304459 0.101452 0.0751056 0.042904 -0.00136445 -0.00148109 -0.000228555 0.00434065 0.00154972 0.0148638 -0.00131135 -0.000608814 -0.00207985 0.00565861 -0.00358337 -0.00415065 -0.00779046 -0.00850797 -0.00237609 0.0235024 0.0460744 0.026141 -0.0240185 -0.0465486 0.0459331 -0.0455642 0.0561143 0.0244681 0.00608156 -0.0402662 -0.0123542 -0.0299011 -0.00416188 -0.0171017
internal_weight=877949 595402 282547 270488 589390 517022 72368 21637 486898 30124 12059 12059 427871 305101 19887 19714 1691 506 1185 625 560 490 135 18023 875 658 44 602 343 70 217 140 122770 258429 125625 24067 19022 5045 101558 90398 60301 9810 50491 50731 18144 17916 6906 1428 1080 786 294 348 78 258 492 276 240 132 11010 1596 816 738
internal_count=877949 595402 282547 270488 589390 517022 72368 21637 486898 30124 12059 12059 427871 305101 19887 19714 1691 506 1185 625 560 490 135 18023 875 658 44 602 343 70 217 140 122770 258429 125625 24067 19022 5045 101558 90398 60301 9810 50491 50731 18144 17916 6906 1428 1080 786 294 348 78 258 492 276 240 132 11010 1596 816 738
is_linear=0
shrinkage=0.05


Tree=79
num_leaves=63
num_cat=0
split_feature=3 8 5 3 7 0 0 0 0 6 0 16 14 11 6 6 14 6 3 0 2 5 13 1 0 6 14 19 6 6 9 10 4 18 10 5 16 13 22 15 6 9 22 8 18 15 14 22 22 18 6 5 6 18 14 5 0 13 22 3 3 22
split_gain=324.216 253.917 241.069 231.884 188.066 118.565 184.677 123.286 223.859 188.806 118.338 206.019 277.629 512.819 941.025 249.022 434.475 187.191 137.175 158.707 210.561 135.088 114.345 293.921 144.695 265.602 274.071 486.276 419.765 375.927 742.553 425.093 444.253 321.264 628.291 264.418 421.366 239.43 229.192 352.709 390.646 344.039 313.537 244.213 203.232 175.113 204.801 163.789 141.776 210.563 392.757 176.812 175.104 131.319 247.289 121.54 112.594 250.608 136.829 110.756 111.055 106.469
threshold=-0.67935135960578907 -0.85498791933059681 0.74835324287414562 -0.68251031637191761 -0.85499599575996388 1.1629280447959902 0.92791008949279796 1.5415037870407107 1.4488858580589297 -1.0046545863151548 -1.4130077362060545 -0.11790292830298198 0.64639165997505199 0.61866869032382976 1.0000000180025095e-35 0.23542753793299201 1.1298739910125735 1.0000000180025095e-35 0.65640461444854747 0.11866103112697603 0.6059766709804536 1.0000000180025095e-35 0.39554110169410711 -1.1897694468498228 -1.3840646743774412 1.0000000180025095e-35 1.1890759468078616 -0.7719002068042754 0.23542753793299201 0.23542753793299201 0.30946898169349885 -0.79733012616634358 1.445498049259186 -0.15209040790796277 1.0000000180025095e-35 -1.2493928074836729 0.55972985923290264 0.86207795143127453 1.0205361247062685 1.1107277274131777 0.23542753793299201 0.86191278696060192 0.5826215147972108 1.2940383553504946 0.11663376912474634 1.1107277274131777 0.91280031204223644 1.1300720572471621 0.69267791509628307 0.053404832258820541 1.0000000180025095e-35 -1.2493928074836729 1.0000000180025095e-35 -0.057244595140218728 0.86346536874771129 1.2477897703647616 -0.13140735030174253 -0.015011323150247334 0.73115441203117382 0.58063930273056041 0.25659510493278509 1.0418835878372195
decision_type=2 2 2 2 2 2 2 2 2 2 2 2 2 2 2 2 2 2 2 2 2 2 2 2 2 2 2 2 2 2 2 2 2 2 2 2 2 2 2 2 2 2 2 2 2 2 2 2 2 2 2 2 2 2 2 2 2 2 2 2 2 2
left_child=3 2 5 -1 -3 6 10 8 -7 -10 11 12 -2 -14 -15 16 61 -18 19 56 -21 -16 23 48 25 -24 27 28 35 30 31 -28 -33 34 -29 36 -27 -37 41 40 -40 53 -43 45 -39 46 -44 -36 -6 51 -51 52 -50 54 -35 -46 58 -58 -12 60 -26 -13
right_child=1 4 -4 -5 22 7 -8 -9 9 -11 18 15 13 14 21 -17 17 -19 -20 20 -22 -23 24 -25 59 26 29 33 -30 -31 -32 32 -34 38 47 37 -38 44 39 -41 -42 42 43 -45 55 -47 -48 -49 49 50 -52 -53 -54 -55 -56 -57 57 -59 -60 -61 -62 -63
leaf_value=-0.0017880610166238259 -0.012534152503568636 0.0011146706817557208 -0.00076978785584608136 -0.012406995828124713 -0.007019443977466489 7.1147610951379834e-05 0.0088558360150934722 0.0041327795929692922 0.018813402670850573 -0.019162970185060101 0.0018335164241658547 -0.0089279208476392476 0.0049159929118804246 -0.0077815756799259287 0.13599431723846819 0.0051734283703215962 -0.0076109568834581767 -0.072333882677094383 0.0078853375264263895 -0.0055350841909562187 0.006800925609572882 0.048565095883828624 -0.010360932094789665 -0.001107280561846388 -0.00043943083825115272 -0.12228841021656991 -0.08398612916469575 -0.021076223683679323 0.014809798383095769 0.005848652444438553 -0.085683145572741828 0.16156890384852887 -0.1018975779414177 -0.076996971666812908 0.1124182593971491 0.10355259809534736 0.12560120632251104 0.088938418745994563 0.1290830843978458 -0.076609324006421953 0.0062115353941866805 0.17115575830141705 -0.071044960096478468 -0.076444593923432502 0.010028859575589499 0.17684739112854006 0.080744783133268369 0.011241129246074706 -0.0062292826785282657 -0.0073286178740160322 -0.077324301894609038 -0.0099486322984668665 0.19326103221286428 -0.070788048612063434 0.089796435534954075 -0.14909607052803039 0.014499161843586603 -0.013403734493365103 0.0077885608089100656 0.0027039804343526024 -0.0056783050839544717 0.077439032836506771
leaf_weight=136639 1206 183683 61573 5342 11044 16281 14928 12272 372 2723 45174 4059 2106 279 243 2727 153 414 14964 11250 4995 54 2470 202782 71129 40 40 240 550 10670 300 80 20 50 200 430 30 50 90 80 230 30 40 70 30 20 50 50 22 418 385 671 22 340 40 20 5231 951 12265 23503 11793 36
leaf_count=136639 1206 183683 61573 5342 11044 16281 14928 12272 372 2723 45174 4059 2106 279 243 2727 153 414 14964 11250 4995 54 2470 202782 71129 40 40 240 550 10670 300 80 20 50 200 430 30 50 90 80 230 30 40 70 30 20 50 50 22 418 385 671 22 340 40 20 5231 951 12265 23503 11793 36
internal_value=-2.82806e-12 0.000422025 0.00187125 -0.0021876 -0.00017314 0.00293631 0.00364879 0.000211503 -0.00227208 -0.0145984 0.00291622 -0.0019259 0.00739068 0.0163502 0.0581564 -0.00682818 -0.0138484 -0.054869 0.00349203 0.00266888 -0.00174202 0.120098 -0.000872929 -0.00156704 0.000345422 0.00473844 0.00744296 0.0217948 0.0463612 0.00398094 -0.041311 0.0537723 0.108876 0.00332994 0.036709 0.0752833 -0.01605 0.0873462 -0.0123967 0.0172935 0.0407692 -0.0309531 0.0215045 -0.00343741 0.0176587 0.0430217 0.0132827 0.0921828 -0.00898876 -0.0233162 -0.0408882 -0.00358159 0.0935159 -0.0565719 -0.00286657 -0.0536211 0.00379516 0.0102068 0.0031051 -0.000325759 -0.00118449 -0.00816865
internal_weight=877949 735968 214256 141981 521712 152683 121035 31648 19376 3095 106107 11277 3888 2682 576 7389 4662 567 94830 79866 16245 297 338029 215344 122685 16260 13790 2680 1150 11110 440 140 100 1530 490 600 70 530 1040 400 320 640 210 180 100 110 90 250 12562 1518 803 715 44 430 90 50 63621 6182 57439 106425 82922 4095
internal_count=877949 735968 214256 141981 521712 152683 121035 31648 19376 3095 106107 11277 3888 2682 576 7389 4662 567 94830 79866 16245 297 338029 215344 122685 16260 13790 2680 1150 11110 440 140 100 1530 490 600 70 530 1040 400 320 640 210 180 100 110 90 250 12562 1518 803 715 44 430 90 50 63621 6182 57439 106425 82922 4095
is_linear=0
shrinkage=0.05


Tree=80
num_leaves=63
num_cat=0
split_feature=3 11 0 22 0 3 0 1 0 0 22 3 3 0 0 0 0 3 2 3 0 0 3 8 3 3 6 0 5 22 3 6 0 0 0 0 14 9 4 19 0 0 13 19 6 15 5 17 5 4 18 9 22 18 22 18 10 18 6 15 9 18
split_gain=308.973 198.307 224.159 317.474 216.091 238.748 284.562 200.12 306.711 285.264 271.989 212.513 187.521 181.558 177.437 209.076 201.954 172.018 153.584 202.091 224.242 146.631 137.619 131.682 144.858 200.207 191.636 161.467 137.745 134.853 131.277 266.848 128.972 121.961 121.087 184.881 131.711 249.295 183.846 177.934 125.865 128.58 333.587 211.815 533.337 664.675 614.679 372.687 430.172 416.985 339.521 305.799 483.807 328.965 229.091 207.69 156.966 864.393 874.021 674.793 697.428 313.523
threshold=0.072571337223052992 0.61866869032382976 -0.29348869621753687 1.4189848899841311 -0.31432774662971491 -0.72433647513389576 -0.38031800091266627 -0.4095242172479629 0.75193604826927196 1.0263165831565859 0.30008210241794592 -0.73797869682312001 -0.71073538064956654 -0.24023338407278058 -0.47525136172771448 -0.31432774662971491 -0.49609039723873133 -0.73797869682312001 1.1728230714797976 -0.33054500818252558 -0.13140735030174253 -0.27959600090980524 0.084044579416513457 0.85218852758407604 0.13408648967742923 0.13338815420866015 0.6487882286310197 1.1258808970451357 0.74835324287414562 0.69838327169418346 0.12054699286818506 0.6487882286310197 1.1258808970451357 1.1258808970451357 -0.92676365375518788 -1.008962035179138 1.228543817996979 0.30946898169349885 -0.72038355469703663 0.62899166345596325 -1.0564287304878233 -1.3655410408973692 1.3332802057266238 -0.67850741744041432 1.0000000180025095e-35 -1.0164967775344846 -1.2493928074836729 1.0000000180025095e-35 1.2477897703647616 1.1567137837409975 0.24309645593166354 0.30946898169349885 0.98886618018150341 -0.32597358524799341 0.8857095241546632 -0.10466991364955901 1.0000000180025095e-35 0.13244220614433291 1.0000000180025095e-35 -0.22701143473386762 0.86191278696060192 -0.29435671865940088
decision_type=2 2 2 2 2 2 2 2 2 2 2 2 2 2 2 2 2 2 2 2 2 2 2 2 2 2 2 2 2 2 2 2 2 2 2 2 2 2 2 2 2 2 2 2 2 2 2 2 2 2 2 2 2 2 2 2 2 2 2 2 2 2
left_child=1 7 3 4 5 -3 34 12 11 10 -10 -9 13 -1 16 -16 -14 -4 19 20 -17 -19 -2 28 25 26 -25 -28 -24 -27 31 33 -33 -30 35 36 40 38 -38 -40 41 42 43 44 -7 51 50 48 55 54 -47 52 53 -46 -50 -48 -45 58 -58 -60 61 -61
right_child=22 2 17 -5 -6 6 -8 8 9 -11 -12 -13 14 -15 15 18 -18 21 -20 -21 -22 -23 23 24 -26 29 27 -29 30 -31 -32 32 -34 -35 -36 -37 37 -39 39 -41 -42 -43 -44 56 45 46 47 -49 49 -51 -52 -53 -54 -55 -56 -57 57 -59 59 60 -62 -63
leaf_value=-0.0020664301793056959 0.0088224741099630199 -0.0093017593435345564 0.013645864781760284 -0.064684136379598453 -0.018789527471165302 -0.0080105067022669865 0.010315424987369462 0.0078039062843806503 0.0022457495907473048 -0.00092539407859696982 0.015581208102022681 -0.0047237741499251791 0.00099597514506211821 -0.030069116528651171 0.0082653748934415818 -0.0048037245693747926 -0.010657117052131128 0.012272658664390309 -0.0029839936754001749 0.010634594828740702 0.01002731759776875 -0.00076273751741462903 0.0027038492539008269 0.0040590222552286583 0.00011286253684771662 -0.030715746468718771 -0.039294721970140049 -0.0060293913664686291 0.01281819620931195 0.0085520337207095811 0.00030920561798751007 -0.057173087260621119 -0.015649237258379713 -0.013966418981689084 -0.0046120009604302776 0.0067760356312816378 0.11159967275602477 -0.067850518070401697 -0.029317678619057888 0.10573988248194968 -0.0099023857898682937 0.0014541133028184352 0.13614616933323087 -0.014937965256430531 0.11918293765613011 0.079130151442119059 -0.050582710547106606 -0.083612086659386048 -0.084390595413389669 -0.10688921478059557 -0.08622520696215269 -0.072695748431341994 0.095110825076699268 -0.043184024780884851 0.10390324677739825 0.088024597320624148 -0.0090469237390870798 -0.020292135347357815 0.12082291710159337 0.12859624779524922 -0.077304245193465418 0.018209426594632015
leaf_weight=30595 6015 13166 2207 211 2206 3661 4388 3588 13760 72299 5295 59891 136652 590 19068 7646 3822 2207 11456 7645 3823 95858 142905 3337 76232 1228 536 1142 850 266 55008 374 374 850 44072 6617 35 217 189 28 4411 22064 42 5509 35 42 28 42 21 63 119 175 112 287 70 777 749 2387 329 119 119 140
leaf_count=30595 6015 13166 2207 211 2206 3661 4388 3588 13760 72299 5295 59891 136652 590 19068 7646 3822 2207 11456 7645 3823 95858 142905 3337 76232 1228 536 1142 850 266 55008 374 374 850 44072 6617 35 217 189 28 4411 22064 42 5509 35 42 28 42 21 63 119 175 112 287 70 777 749 2387 329 119 119 140
internal_value=9.09013e-13 -0.000657259 -0.00187745 -0.00341034 -0.00329513 -0.00298443 -0.00212561 3.2758e-05 -0.00134605 0.000508997 0.0059514 -0.00401568 0.000997453 -0.00259622 0.00158694 0.00415662 0.000678919 -0.000158691 0.00159378 0.00433748 0.000139956 -0.00046937 0.00133861 0.0011796 -0.000498458 -0.00765812 -0.0028719 -0.0166553 0.00187257 -0.0237243 -0.00019498 -0.0115243 -0.0364112 -0.000574111 -0.00271605 -0.00098917 -0.0022193 -0.0285669 0.00526057 -0.0118909 -0.0019201 -0.000965646 -0.00456672 -0.00496648 0.00288633 0.0254122 0.0475876 0.0621719 0.0685566 -0.00800647 -0.043089 -0.0168994 0.00559908 -0.0255354 0.0604508 0.0832035 -0.00952769 -0.00177197 0.0285904 0.0684637 0.0228917 0.0689277
internal_weight=877949 588832 212702 112430 112219 110013 96847 376130 154833 91354 19055 63479 221297 31185 190112 49638 140474 100272 30570 19114 11469 98065 289117 283102 82741 6509 5015 1678 200361 1494 57456 2448 748 1700 92459 48387 41770 469 252 217 41301 36890 14826 14784 5432 1771 1162 1001 959 154 161 609 434 322 91 805 9352 3843 1456 707 378 259
internal_count=877949 588832 212702 112430 112219 110013 96847 376130 154833 91354 19055 63479 221297 31185 190112 49638 140474 100272 30570 19114 11469 98065 289117 283102 82741 6509 5015 1678 200361 1494 57456 2448 748 1700 92459 48387 41770 469 252 217 41301 36890 14826 14784 5432 1771 1162 1001 959 154 161 609 434 322 91 805 9352 3843 1456 707 378 259
is_linear=0
shrinkage=0.05


Tree=81
num_leaves=63
num_cat=0
split_feature=4 4 5 0 6 14 3 19 6 15 18 5 18 14 22 13 3 0 6 15 18 19 19 13 13 19 13 13 3 6 22 0 3 16 15 19 13 14 6 0 3 3 3 3 3 3 0 0 3 2 0 0 12 18 14 15 19 6 6 13 14 19
split_gain=294.089 208.922 220.246 156.941 447.222 392.746 198.651 179.776 554.411 688.24 675.971 636.32 522.943 200.738 502.75 153.951 143.683 136.427 116.541 496.63 1107.06 354.057 319.217 205.287 252.775 195.421 213.869 148.833 103.384 115.21 97.1418 193.538 99.9859 95.1222 116.67 93.1102 90.1742 253.185 548.357 243.56 84.3354 84.5288 84.2096 95.114 94.1787 190.835 83.4024 142.135 91.4915 83.0521 82.0855 207.144 199.778 306.368 298.861 164.167 123.058 115.78 281.987 448.705 324.218 358.353
threshold=-0.28720723092555994 1.445498049259186 0.74835324287414562 -1.4130077362060545 0.23542753793299201 1.228543817996979 0.77002382278442394 -0.58511462807655323 1.0000000180025095e-35 -1.0164967775344846 0.33794228732585913 -1.2493928074836729 0.33794228732585913 0.75492852926254284 0.83205437660217296 1.3332802057266238 -0.67935135960578907 -1.4975215792655943 1.0000000180025095e-35 -0.51210337877273548 0.21147957444190982 1.2827411890029909 1.0000000180025095e-35 1.0673541426658633 0.64747095108032238 -0.4917218536138534 0.95538532733917247 0.33955676853656774 -0.76847952604293812 0.23542753793299201 0.62618514895439159 -1.149046719074249 -0.54680722951889027 -0.11790292830298198 -0.22701143473386762 -0.7719002068042754 0.24624940007925036 1.0805390477180483 -0.59129387140274037 -1.2474532127380369 -0.67612668871879567 0.53020715713500988 1.4603368639945986 1.2102176547050478 0.89552295207977306 0.81717792153358471 -0.92676365375518788 -0.88971650600433339 0.79533234238624584 0.6059766709804536 0.33631311357021337 0.92791008949279796 -1.0295194983482359 -0.21531934291124341 1.3321472406387331 -0.66561439633369435 0.068634903989732279 1.0000000180025095e-35 0.23542753793299201 1.1793230772018435 0.97200217843055736 1.0025628209114077
decision_type=2 2 2 2 2 2 2 2 2 2 2 2 2 2 2 2 2 2 2 2 2 2 2 2 2 2 2 2 2 2 2 2 2 2 2 2 2 2 2 2 2 2 2 2 2 2 2 2 2 2 2 2 2 2 2 2 2 2 2 2 2 2
left_child=16 2 3 4 5 7 28 8 -2 10 -10 12 -11 14 -13 18 -1 -6 -9 20 22 25 -20 24 -23 26 -21 -22 29 -5 31 -4 -33 34 -27 -15 37 39 -39 -18 -38 -42 43 44 45 46 -41 -48 -49 -34 57 52 53 54 -52 -56 -57 -32 59 60 -59 -62
right_child=1 -3 30 6 17 -7 -8 15 9 11 -12 13 -14 35 -16 -17 36 -19 19 21 27 23 -24 -25 -26 33 -28 -29 -30 -31 50 32 49 -35 -36 -37 40 38 -40 42 41 -43 -44 -45 -46 -47 47 48 -50 -51 51 -53 -54 -55 55 56 -58 58 -60 -61 61 -63
leaf_value=-0.003335678776242123 -0.0081401641055965004 -0.0016988539786719074 -0.0085587963006524808 -0.013050885735972557 0.011166851000493621 -0.06141697520393577 0.0056774777482476507 -0.0088051791945758916 0.10948669984936715 0.11470418149605394 -0.08430164514316453 0.081705006262171087 -0.1025747302836842 0.096618636466562755 -0.13779479265213013 0.12724883377552032 -0.0068011640738313076 -0.0013161114177520224 -0.083410312533378606 -0.062121891230344777 0.071463649421930314 -0.029120833054184916 0.12715015413032638 -0.080889312426249194 0.13314678862690926 0.060894761582215629 0.16910793453454973 -0.071932614649596979 0.0018438780955509363 0.0035215395225049713 -0.0097917240962829347 -0.0037637575239605672 0.001628999837446638 -0.069174929638393223 -0.04560851650933425 0.15785808821519218 0.011991837289626427 -0.17933353943720698 -0.007434285838445992 0.0033898631037718781 -0.00045965691861644628 0.0027335631618907062 0.0041213963035189654 -0.0089834490807057122 0.0050968038718172048 -0.013885794541435915 -0.01659614575271013 -0.0007582070305397979 -0.010622692075687466 -0.0023422377893743645 -0.0014297420252114535 0.0046828186182370363 -0.0026737662976983254 -0.011259508572901514 -0.003091559286694974 -0.13366350996133405 -0.035613017010618933 -0.025115009002876582 0.0026010902909634421 0.080768525800095844 0.0158055177159027 0.10131260569606509
leaf_weight=59233 3180 73147 8713 2460 5472 340 36052 6500 60 40 180 200 90 200 30 20 17913 3648 20 20 20 40 180 30 60 30 20 190 250596 1828 1556 20048 39900 640 180 90 1561 63 176 11207 88095 27100 8688 3586 6604 2821 1463 135688 2392 19649 130 7009 5461 1382 40 160 40 418 19883 285 982 140
leaf_count=59233 3180 73147 8713 2460 5472 340 36052 6500 60 40 180 200 90 200 30 20 17913 3648 20 20 20 40 180 30 60 30 20 190 250596 1828 1556 20048 39900 640 180 90 1561 63 176 11207 88095 27100 8688 3586 6604 2821 1463 135688 2392 19649 130 7009 5461 1382 40 160 40 418 19883 285 982 140
internal_value=6.5103e-14 0.000774822 0.00118773 0.00189902 -0.00222531 -0.00842261 0.00220353 -0.0069236 0.00162254 0.036505 -0.0358546 0.0632224 -0.0357197 0.0879579 0.0530746 -0.0112988 -0.0010808 0.00617367 -0.0116482 -0.0245711 0.0219046 -0.0432526 0.106094 0.0338253 0.0682397 -0.0545112 0.053493 -0.0582758 0.00171215 -0.00598596 -0.000578772 -0.00148402 -0.000709591 -0.0595937 -0.0303938 0.115624 -0.000646251 -0.00131655 -0.0527466 -0.00125198 0.000447988 0.000291559 -0.000675559 -0.000930052 -0.000749752 -0.00100117 -0.00076006 -0.00109335 -0.000929092 0.000318636 0.00155383 -0.00143865 -0.00738698 -0.0220781 -0.0624871 -0.0955598 -0.114053 0.00338322 0.00432759 0.0231374 0.0124719 0.0264749
internal_weight=877949 511359 438212 312416 21480 12360 290936 12020 4070 890 240 650 130 520 230 7950 366590 9120 7930 1430 410 1020 200 130 100 890 40 210 254884 4288 125796 88310 79597 850 210 290 307357 190601 239 190362 116756 115195 172449 163761 160175 153571 150750 139543 138080 59549 37486 14222 7213 1752 370 240 200 23264 21708 1825 1540 1122
internal_count=877949 511359 438212 312416 21480 12360 290936 12020 4070 890 240 650 130 520 230 7950 366590 9120 7930 1430 410 1020 200 130 100 890 40 210 254884 4288 125796 88310 79597 850 210 290 307357 190601 239 190362 116756 115195 172449 163761 160175 153571 150750 139543 138080 59549 37486 14222 7213 1752 370 240 200 23264 21708 1825 1540 1122
is_linear=0
shrinkage=0.05


Tree=82
num_leaves=63
num_cat=0
split_feature=4 8 5 3 3 3 3 3 3 3 13 0 14 22 0 0 0 3 0 0 4 13 3 22 0 2 3 3 0 22 0 0 2 3 3 0 0 3 3 3 0 6 0 0 3 3 4 14 3 3 0 0 22 2 6 15 4 0 6 5 19 6
split_gain=265.415 190.792 199.44 148.941 132.394 125.963 108.306 156.614 210.176 129.464 108.763 93.0369 92.3215 90.2138 179.539 88.8721 80.9985 80.8375 84.9439 130.837 98.2103 77.7469 77.7603 93.1768 143.074 109.144 82.0647 105.943 83.664 133.839 133.25 82.5169 75.4667 112.576 111.337 75.5632 142.452 93.4084 222.484 139.865 107.525 94.933 91.6847 269.037 92.7947 133.462 80.7199 80.0617 77.9024 217.283 149.435 97.9256 96.4838 99.0226 225.008 98.672 88.3442 75.3437 105.444 74.9279 74.1724 82.3955
threshold=-0.28720723092555994 1.2940383553504946 0.74835324287414562 0.15903349965810779 -0.41558174788951868 -0.44724099338054651 -0.37020635604858393 -0.35084192454814905 -0.31494747102260584 -0.30077947676181788 1.2819610834121706 -1.1224189996719358 -0.67578449845314015 0.61148646473884594 -1.149046719074249 -0.85266935825347889 -1.0564287304878233 -0.54680722951889027 -0.37105621397495264 0.023727662395685915 1.0123216807842257 1.5572178363800051 -0.67935135960578907 0.90637847781181347 -1.127049922943115 1.0000000180025095e-35 -0.69208568334579457 -0.69954967498779286 0.28421554714441305 -1.2057496309280393 0.32473587989807134 -0.39305296540260309 1.4562462568283083 -0.099987413734197603 0.12054699286818506 -1.1351540088653562 -0.99622708559036244 0.89552295207977306 0.79533234238624584 0.85678997635841381 -0.58755058050155629 1.0621489584445956 -0.18582036346197126 -0.14414230734109876 0.15903349965810779 0.31276594102382665 -0.57599145174026478 1.1298739910125735 -0.18533226102590558 -0.14171914011240003 1.0899914503097536 1.0737832784652712 1.4189848899841311 -0.81113922595977772 1.0621489584445956 -0.66561439633369435 -0.86477565765380848 -0.29348869621753687 0.6487882286310197 0.74835324287414562 -0.58511462807655323 0.23542753793299201
decision_type=2 2 2 2 2 2 2 2 2 2 2 2 2 2 2 2 2 2 2 2 2 2 2 2 2 2 2 2 2 2 2 2 2 2 2 2 2 2 2 2 2 2 2 2 2 2 2 2 2 2 2 2 2 2 2 2 2 2 2 2 2 2
left_child=4 2 3 -2 5 21 -6 10 -9 15 16 60 -7 14 -4 -10 -8 18 -16 20 -20 22 26 24 -24 -25 27 28 29 31 -30 -1 35 -34 -35 47 -37 38 40 41 -38 46 57 -44 48 -46 -40 -11 50 51 -45 -50 -51 54 55 -54 -52 58 -42 -57 -5 -62
right_child=1 -3 13 11 6 12 7 8 9 32 -12 -13 -14 -15 17 -17 -18 -19 19 -21 -22 -23 23 25 -26 -27 -28 -29 30 -31 -32 -33 33 34 -36 36 37 -39 39 -41 42 -43 43 44 45 -47 -48 -49 49 52 56 -53 53 -55 -56 59 -58 -59 -60 -61 61 -63
leaf_value=0.013395561855458963 0.001004542430607047 -0.0027437288150220598 -0.0080440698374283377 0.0040499572854127861 0.0049332976131200683 0.0048287324840868917 -0.00086052671122009206 0.0086414863409671402 -0.015031187658083152 -0.0047738339709488438 0.007777258664898673 0.0040048430062498957 -0.013047862967873261 0.0013391557332918906 0.00024928078214507814 -0.0017309880705302181 -0.011456771921499485 0.0001507730803572986 -0.019196697626759445 -0.0026707083659027369 -0.001823771952036311 -0.0087226647054972333 -0.0062098476582486241 -0.0061181390923993736 -0.00038835383250600838 0.0046028256585370656 -0.0072943071281931018 0.0031889165480687657 0.010555546013726928 -0.0063270837192975883 -0.0023425526083417901 -0.0016692981439388197 0.0032812607844303343 -0.011416152930238293 -0.0022483952226397368 0.0050946879197819386 -0.0057630031360105674 0.0029177975353747547 -0.020471817344421456 0.00071823651151319999 -0.0026709886150913711 0.00084086507663902108 -0.016272171928548143 0.013621580796177125 0.0083598403750607467 0.00051728779125014544 -0.0029747635691519374 0.0021994926623732348 -0.0014741608739193227 0.00035907815082974505 0.0039698496773557003 -0.013554512204095268 -0.054355928273223157 0.0047634011393084246 -0.061042372712912546 0.022603663908358503 -0.0073631772321227614 0.0091499057726218101 0.010168415175257945 -0.025987685440060013 -0.0075832614266378405 0.0024697459906534297
leaf_weight=1393 244608 36573 9335 5576 9683 874 2517 6548 2515 14366 1168 79938 4159 41323 9214 2509 6362 64018 2624 8587 1179 4056 13164 2890 53241 13295 9707 7541 2419 23241 11628 2616 5031 5032 9687 15070 7551 22144 3295 2507 5237 914 2516 2510 7539 19344 824 5769 2516 32526 4308 5034 79 425 277 251 2862 5032 2302 116 4888 3496
leaf_count=1393 244608 36573 9335 5576 9683 874 2517 6548 2515 14366 1168 79938 4159 41323 9214 2509 6362 64018 2624 8587 1179 4056 13164 2890 53241 13295 9707 7541 2419 23241 11628 2616 5031 5032 9687 15070 7551 22144 3295 2507 5237 914 2516 2510 7539 19344 824 5769 2516 32526 4308 5034 79 425 277 251 2862 5032 2302 116 4888 3496
internal_value=3.64845e-12 0.000736081 0.00100413 0.00165435 -0.00102676 -0.00216712 -0.000235013 -0.000477146 -0.000166032 -0.000469426 -0.00656615 0.00334713 -0.00994352 -0.000610949 -0.00145959 -0.00838903 -0.00845297 -0.00074171 -0.00338636 -0.00609005 -0.0138108 -0.00189755 -0.00170141 -0.000713278 -0.0015424 0.00268849 -0.00309537 -0.00226079 -0.00325593 -0.00487173 -0.000121402 0.00356526 -0.00025443 -0.00317561 -0.00538259 9.4562e-05 0.000492664 -4.037e-05 -0.000647101 -0.00893059 -2.51685e-05 -0.0137368 0.000441339 -0.000180232 0.000340258 0.00271663 -0.0169716 -0.00277586 -0.000914734 -0.00186257 0.00312178 -0.0095288 -0.000143734 -0.0143898 -0.0256486 -0.0036663 -0.000553877 0.0044119 0.00124947 0.00724509 -0.000419068 -0.00339131
internal_weight=877949 511359 474786 338506 366590 150224 216366 206683 196636 190088 10047 93898 5033 136280 94957 5024 8879 85622 21604 12390 3803 145191 141135 82590 66405 16185 58545 48838 41297 27250 14047 4009 185064 19750 14719 165314 145179 130109 107965 7540 100425 5033 92874 80303 77787 26883 4119 20135 50904 41224 9680 7550 33674 1148 723 446 7170 12571 7539 367 13960 8384
internal_count=877949 511359 474786 338506 366590 150224 216366 206683 196636 190088 10047 93898 5033 136280 94957 5024 8879 85622 21604 12390 3803 145191 141135 82590 66405 16185 58545 48838 41297 27250 14047 4009 185064 19750 14719 165314 145179 130109 107965 7540 100425 5033 92874 80303 77787 26883 4119 20135 50904 41224 9680 7550 33674 1148 723 446 7170 12571 7539 367 13960 8384
is_linear=0
shrinkage=0.05


Tree=83
num_leaves=63
num_cat=0
split_feature=4 4 5 0 6 14 3 19 6 15 18 5 18 14 22 13 0 3 3 6 15 18 19 19 13 13 19 13 22 3 3 3 3 13 3 6 16 15 0 0 19 14 0 0 3 3 3 3 2 2 0 12 0 0 4 3 0 3 11 3 18 3
split_gain=239.537 176.271 179.824 137.343 397.639 353.785 168.307 157.668 500.356 621.137 610.063 574.279 471.956 181.166 453.731 138.941 122.941 119.485 113.682 105.178 448.209 999.119 319.537 288.093 185.272 228.13 176.368 193.017 134.417 97.7459 141.344 189.684 116.841 98.8374 92.7309 103.977 85.8478 105.295 85.4843 128.785 84.0319 83.3202 80.207 75.7214 71.347 70.9029 83.4096 70.9028 79.3766 183.395 281.652 156.606 229.842 132.085 112.687 109.633 81.1408 128.159 86.2052 98.2277 130.48 107.706
threshold=-0.28720723092555994 1.445498049259186 0.74835324287414562 -1.4130077362060545 0.23542753793299201 1.228543817996979 0.77002382278442394 -0.58511462807655323 1.0000000180025095e-35 -1.0164967775344846 0.33794228732585913 -1.2493928074836729 0.33794228732585913 0.75492852926254284 0.83205437660217296 1.3332802057266238 -1.4975215792655943 -0.41558174788951868 -0.44724099338054651 1.0000000180025095e-35 -0.51210337877273548 0.21147957444190982 1.2827411890029909 1.0000000180025095e-35 1.0673541426658633 0.64747095108032238 -0.4917218536138534 0.95538532733917247 0.42704145610332495 -0.37020635604858393 -0.35084192454814905 -0.31494747102260584 -0.30077947676181788 1.2259767055511477 -0.76847952604293812 0.23542753793299201 -0.11790292830298198 -0.22701143473386762 1.1698743700981142 1.0737832784652712 -0.7719002068042754 -0.67578449845314015 -0.85266935825347889 -1.0564287304878233 0.81717792153358471 -0.72815677523612965 -0.73334911465644825 0.69440227746963512 -0.24429284036159513 0.6059766709804536 0.75193604826927196 -0.68629828095436085 0.11866103112697603 0.34441718459129339 0.86792960762977611 0.65640461444854747 0.99505805969238292 -0.55416440963745106 1.0000000180025095e-35 -1.0000000180025095e-35 0.35374590754508978 0.13999358564615252
decision_type=2 2 2 2 2 2 2 2 2 2 2 2 2 2 2 2 2 2 2 2 2 2 2 2 2 2 2 2 2 2 2 2 2 2 2 2 2 2 2 2 2 2 2 2 2 2 2 2 2 2 2 2 2 2 2 2 2 2 2 2 2 2
left_child=17 2 3 4 5 7 34 8 -2 10 -10 12 -11 14 -13 19 -6 18 -1 -9 21 23 26 -21 25 -24 27 -22 -23 -19 33 -32 42 43 35 -5 37 -28 39 45 -15 -20 -33 -31 -8 46 -4 48 53 51 -51 52 -50 -36 -52 56 58 -58 59 -55 61 -61
right_child=1 -3 38 6 16 -7 44 15 9 11 -12 13 -14 40 -16 -17 -18 29 41 20 22 28 24 -25 -26 -27 36 -29 -30 30 31 32 -34 -35 47 -37 -38 -39 -40 -41 -42 -43 -44 -45 -46 -47 -48 -49 49 50 54 -53 -54 55 -56 -57 57 -59 -60 60 -62 -63
leaf_value=-0.001802670905595039 -0.0078290642212795209 -0.0015728933894919321 -0.0035021525178451371 -0.012448568560974076 0.010522714286592509 -0.058277801298536359 0.0099733844498137471 -0.0082863302707645112 0.10391645545760791 0.10887306493707001 -0.080182471358113822 0.077523847674834556 -0.097541902189453453 0.091691796186380098 -0.13100096106529235 0.12096498250961303 -0.0013272081290064139 0.0046866327363164328 0.0045872959943016184 -0.079161207675933848 -0.058937206268310553 0.068012660145759588 -0.027586201764643194 0.12087123638639848 -0.076766256491343179 0.12656803761919341 0.05792861257990202 0.16073112905025483 -0.068261983865185782 -0.00081750040579947462 0.0082094120446954324 -0.014279628265830327 -0.00024170858024966316 0.0067004032769897963 0.0038962850930617473 0.0032952354247368469 -0.065637593271676453 -0.043249500907129715 0.0022579128668492507 -0.010618494915747678 0.1498692754904429 -0.012395469870689377 -0.0016444387059497204 -0.011090398337586129 0.004166464571975983 -0.00039316663707042741 -0.019893295231149421 -0.0049698694574646183 0.0040890651171764025 2.4031323384170474e-06 0.0077943606723391932 0.00033280641765682227 -0.011856483080444591 -0.0025064941766871872 0.0015681097413556676 0.011458485413050726 -0.007075697344501951 0.0033000566679289296 0.00012303364002709969 -0.039871036899311367 0.0020734560402681031 -0.013640070821171477
leaf_weight=145191 3180 73147 7632 2460 5472 340 6440 6500 60 40 180 200 90 200 30 20 3648 9683 874 20 20 20 40 180 30 60 30 20 190 2517 6548 2515 185064 1287 79414 1828 640 180 22729 3456 90 4159 2509 6243 29612 91115 864 3947 3168 63686 21744 17310 7884 4212 10915 2145 3496 20013 10146 594 775 1147
leaf_count=145191 3180 73147 7632 2460 5472 340 6440 6500 60 40 180 200 90 200 30 20 3648 9683 874 20 20 20 40 180 30 60 30 20 190 2517 6548 2515 185064 1287 79414 1828 640 180 22729 3456 90 4159 2509 6243 29612 91115 864 3947 3168 63686 21744 17310 7884 4212 10915 2145 3496 20013 10146 594 775 1147
internal_value=1.20407e-12 0.000699277 0.00107855 0.00172127 -0.00213696 -0.00798063 0.00200612 -0.00655792 0.0014455 0.0345839 -0.0341577 0.0599654 -0.0340296 0.0834641 0.050325 -0.0106553 0.00578275 -0.000975426 -0.00205876 -0.0109872 -0.023264 0.020888 -0.0410114 0.100868 0.0322127 0.0649063 -0.051707 0.050897 -0.0552834 -0.000223262 -0.000453289 -0.00015773 -0.000445955 -0.00623784 0.00155383 -0.00573689 -0.0565354 -0.0287955 -0.00051764 -0.00112972 0.109747 -0.00944635 -0.00796958 -0.0081387 0.00520376 -0.00080051 -0.00516905 0.00167859 0.00178498 0.000898009 0.00193834 -0.00263597 -0.00728577 0.00269206 0.00571348 0.000443359 -0.000141725 0.00175709 -0.00278717 -0.00717583 -0.0149927 -0.0225896
internal_weight=877949 511359 438212 312416 21480 12360 290936 12020 4070 890 240 650 130 520 230 7950 9120 366590 150224 7930 1430 410 1020 200 130 100 890 40 210 216366 206683 196636 190088 10047 254884 4288 850 210 125796 103067 290 5033 5024 8760 36052 99611 8496 250596 246649 124707 96345 28362 11052 121942 32659 42528 40383 23509 16874 6728 2516 1741
internal_count=877949 511359 438212 312416 21480 12360 290936 12020 4070 890 240 650 130 520 230 7950 9120 366590 150224 7930 1430 410 1020 200 130 100 890 40 210 216366 206683 196636 190088 10047 254884 4288 850 210 125796 103067 290 5033 5024 8760 36052 99611 8496 250596 246649 124707 96345 28362 11052 121942 32659 42528 40383 23509 16874 6728 2516 1741
is_linear=0
shrinkage=0.05


Tree=84
num_leaves=63
num_cat=0
split_feature=3 3 3 3 0 0 0 0 0 0 7 0 0 0 0 0 0 11 22 22 8 13 0 0 3 3 6 12 6 0 0 3 0 3 13 6 0 0 6 0 3 0 6 2 3 3 14 22 2 0 22 0 8 5 7 14 9 18 15 6 3 9
split_gain=223.052 174.738 157.022 203.587 171.104 149.912 329.826 178.726 171.87 275.817 243.116 227.01 168.411 265.937 434.8 378.18 208.544 195.454 218.577 177.689 166.055 149.981 218.101 206.313 140.645 203.378 137.72 137.71 136.721 171.347 134.833 138.952 131.379 128.235 127.965 122.643 122.048 114.697 112.513 111.281 110.82 205.15 206.999 186.691 242.663 171.164 166.657 145.996 233.568 174.689 144.223 166.972 133.015 113.653 108.973 108.002 199.663 212.759 152.664 102.831 131.146 187.351
threshold=0.072571337223052992 -0.066463191062211976 -0.67935135960578907 -0.68251031637191761 1.7035850882530215 1.5032989382743838 1.6248599290847781 1.3481638431549074 1.0459979176521303 0.99505805969238292 0.53506958484649669 1.1745052933692934 0.049197588115930564 -0.47525136172771448 -0.49609039723873133 -0.27959600090980524 0.75193604826927196 0.61866869032382976 1.4189848899841311 0.33316831290721899 -1.0000000180025095e-35 -0.75213941931724537 1.2567036747932436 1.2567036747932436 -0.33054500818252558 -0.44724099338054651 -0.59129387140274037 -1.0295194983482359 -1.0046545863151548 1.3574256896972658 -0.77394410967826832 -0.65138506889343251 0.82371494174003612 0.084044579416513457 -0.015011323150247334 1.4755097031593325 1.3574256896972658 -0.13140735030174253 -1.0046545863151548 1.5241379737854006 -0.47164988517761225 -0.92676365375518788 -1.0000000180025095e-35 -0.81113922595977772 -0.30077947676181788 -0.37929293513298029 1.1298739910125735 -0.36789010465145106 1.4562462568283083 -0.85266935825347889 -0.41412687301635737 -1.127049922943115 -0.53798767924308766 0.74835324287414562 0.53506958484649669 1.3962825536727907 0.30946898169349885 -0.19951572269201276 -0.51210337877273548 1.4755097031593325 0.12054699286818506 0.86191278696060192
decision_type=2 2 2 2 2 2 2 2 2 2 2 2 2 2 2 2 2 2 2 2 2 2 2 2 2 2 2 2 2 2 2 2 2 2 2 2 2 2 2 2 2 2 2 2 2 2 2 2 2 2 2 2 2 2 2 2 2 2 2 2 2 2
left_child=1 2 3 -1 5 7 38 8 9 12 11 -10 13 14 17 -15 27 30 -19 32 34 22 -13 26 25 -22 -23 55 29 -9 40 -32 -18 -2 37 -8 54 -17 39 -7 46 42 43 -42 -45 -44 50 48 -43 -49 51 -4 53 -51 -30 -14 57 58 -57 -35 61 -61
right_child=33 -3 4 -5 -6 6 35 28 10 -11 -12 21 16 15 -16 20 19 18 -20 -21 24 23 -24 -25 -26 -27 -28 -29 36 -31 31 -33 -34 59 -36 -37 -38 -39 -40 -41 41 47 45 44 -46 -47 -48 49 -50 52 -52 -53 -54 -55 -56 56 -58 -59 -60 60 -62 -63
leaf_value=-0.0014236760466139412 0.0083615502931301683 -0.0043273594250340967 -0.0036931696010947938 -0.01137362541323645 0.007068564580403041 0.03165547942390938 -0.0011831201846766795 0.0035586110691249091 -0.0035847537691495353 0.0078501510923875417 -0.008505170301324862 -0.01592258923675589 -0.0074609421284103153 0.0096459801964424684 -0.013421124682197763 0.0020459952642128561 0.0064461927230127659 -0.0017484473737197134 -0.062371556016447761 0.016250904457510297 -0.0016695962340260143 -0.025454533065957349 0.01378377148737785 0.0025163690587317708 0.0080325006850932579 -0.016522196529027974 0.025852577768454885 -0.0031085468079332973 0.015015046407897359 0.029511174423537369 -0.0059878612268898165 0.0054918413013472665 -0.0029418502940869091 0.00073736055362893344 -0.007799436118912058 0.010922745367876761 -0.0021756629766844521 0.0096375950711965648 -0.012786573933807041 -0.005127248883869279 0.00358679228627651 -0.0045142318680977053 0.014632226141064478 -0.019705059041254299 0.0021337013028640767 0.0043925902497200893 0.0042297132767249133 -0.0130214606703365 0.021999013059318291 0.028788778637645923 -0.0054311875644376542 0.0093643804391987332 -0.005840259352267718 -0.0091333187806526845 -0.00060925675437504634 -0.016196976034948029 -0.0033470636929727529 -0.019789658024696372 -0.096894743665997915 -0.033102378708253284 0.0055284327669042725 0.02511720985470068
leaf_weight=136639 6015 29227 5820 5342 8692 277 18017 1272 15068 12007 13584 1413 3805 18071 6029 12421 5870 70444 149 2011 13824 139 1098 2669 2766 2766 2215 36913 2972 1272 2924 26762 10206 265346 2124 2367 4759 8300 8782 798 7608 2492 5103 2544 2544 20381 10001 5152 1246 677 21992 4226 1604 279 1787 81 641 448 212 493 17071 192
leaf_count=136639 6015 29227 5820 5342 8692 277 18017 1272 15068 12007 13584 1413 3805 18071 6029 12421 5870 70444 149 2011 13824 139 1098 2669 2766 2766 2215 36913 2972 1272 2924 26762 10206 265346 2124 2367 4759 8300 8782 798 7608 2492 5103 2544 2544 20381 10001 5152 1246 677 21992 4226 1604 279 1787 81 641 448 212 493 17071 192
internal_value=3.4909e-12 -0.000558443 -0.000361601 -0.00179804 0.00012675 -2.08004e-05 -0.00340851 0.000249731 5.27075e-05 0.000410951 -0.0032187 -4.14848e-05 0.000130448 0.000685554 -0.000199747 0.00359352 -0.00225139 0.000215531 -0.0018764 0.00223891 0.00100179 0.00704505 -0.00293271 0.0120329 -0.00240561 -0.00414592 0.022823 -0.00418051 0.00623833 0.0165349 0.00143242 0.00436112 0.000486105 0.00113736 0.00388879 0.000222619 0.00348624 0.00508689 -0.0109176 0.00435072 0.000483997 0.00208401 0.00384443 -0.00137155 -0.00878568 0.00644301 -0.00140493 -0.00378613 0.00432352 -0.00771687 -0.00316384 0.00179968 0.00295861 0.0177216 0.00914814 -0.0118091 -0.0237807 -0.0414567 -0.0745858 0.000983867 0.00466766 -0.0167839
internal_weight=877949 588832 559605 141981 417624 408932 30241 378691 366629 330443 36186 22602 318436 258249 197977 60272 60187 191948 70593 18087 42201 7534 2511 5023 19356 16590 2354 42100 12062 2544 121355 29686 16076 289117 22845 20384 9518 20721 9857 1075 91669 49630 38180 12696 5088 25484 42039 11450 3738 7712 32038 10046 2560 956 4759 5187 1382 741 293 283102 17756 685
internal_count=877949 588832 559605 141981 417624 408932 30241 378691 366629 330443 36186 22602 318436 258249 197977 60272 60187 191948 70593 18087 42201 7534 2511 5023 19356 16590 2354 42100 12062 2544 121355 29686 16076 289117 22845 20384 9518 20721 9857 1075 91669 49630 38180 12696 5088 25484 42039 11450 3738 7712 32038 10046 2560 956 4759 5187 1382 741 293 283102 17756 685
is_linear=0
shrinkage=0.05


Tree=85
num_leaves=63
num_cat=0
split_feature=4 4 9 3 0 6 22 13 19 6 15 6 16 15 15 4 14 4 14 3 3 3 3 0 0 3 3 19 13 14 6 0 2 3 22 0 0 0 3 2 3 3 3 3 13 0 6 1 0 2 0 0 3 3 3 3 0 0 0 13 0 0
split_gain=211.427 159.636 166.652 103.569 103.371 300.945 289.32 324.344 160.364 363.647 948.718 298.917 471.869 385.219 233.726 465.582 162.872 110.248 305.664 100.456 114.83 88.1672 124.48 98.2986 79.1579 78.7518 115.801 77.9624 76.6995 227.399 493.676 193.942 75.9321 90.6235 101.989 122.938 94.2574 85.8221 73.9435 71.4514 70.1339 88.431 78.6722 162.625 75.1164 73.5099 80.6667 72.3876 102.403 75.9029 73.2631 85.2062 186.874 116.16 114.825 107.085 143.696 106.963 102.594 99.5521 98.4904 113.03
threshold=-0.28720723092555994 1.5898901224136355 0.30946898169349885 -0.67935135960578907 -1.4130077362060545 0.23542753793299201 1.3157574534416201 1.2259767055511477 -0.4917218536138534 1.0000000180025095e-35 -1.0164967775344846 1.0000000180025095e-35 -0.11790292830298198 -0.22701143473386762 0.21159155666828158 0.57914540171623241 1.228543817996979 1.445498049259186 0.91280031204223644 -0.25424566864967341 -0.23112254589796064 -0.31494747102260584 -0.34548528492450709 -0.92676365375518788 -1.4975215792655943 -0.36534266173839564 -0.38639131188392634 -0.7719002068042754 0.24624940007925036 1.0805390477180483 -0.59129387140274037 -1.2474532127380369 -0.81113922595977772 -0.69208568334579457 -1.2259613275527952 0.28421554714441305 -0.39305296540260309 0.32473587989807134 -0.67612668871879567 1.7396694421768191 1.4603368639945986 1.2102176547050478 0.89552295207977306 0.81717792153358471 -1.7785204052925108 1.0529443025588991 1.0621489584445956 -0.79964685440063465 -0.88971650600433339 1.0000000180025095e-35 -0.85266935825347889 -0.16613905131816861 -0.053872611373662942 -0.078671745955944047 0.072571337223052992 0.3744166642427445 -0.20087077468633649 -0.15108864009380338 -0.14414230734109876 -1.1160381436347959 0.049197588115930564 1.6943233013153078
decision_type=2 2 2 2 2 2 2 2 2 2 2 2 2 2 2 2 2 2 2 2 2 2 2 2 2 2 2 2 2 2 2 2 2 2 2 2 2 2 2 2 2 2 2 2 2 2 2 2 2 2 2 2 2 2 2 2 2 2 2 2 2 2
left_child=3 2 19 32 5 6 7 8 9 -4 -11 -10 13 -13 15 16 -12 27 -19 21 -21 22 25 -23 -7 26 -2 -16 29 31 -31 -5 -1 34 36 -36 -34 -37 -30 -40 41 42 43 47 -43 -45 -47 49 -49 -33 -50 52 53 59 57 -54 -57 -53 -59 -52 -60 -62
right_child=1 -3 4 28 -6 24 -8 -9 11 10 14 12 -14 -15 17 -17 -18 18 -20 20 -22 23 -24 -25 -26 -27 -28 -29 38 30 -32 40 33 -35 35 37 -38 -39 39 -41 -42 44 -44 45 -46 46 -48 48 50 -51 51 54 55 -55 -56 56 -58 58 60 -61 61 -63
leaf_value=-0.0087940149649897593 -0.00077545465845948211 -0.0025260709746276143 -0.0076761709081032414 -0.0060562457037712999 0.0022973172951586606 0.010996707172921283 -0.060428004542437311 0.10033783540129662 -0.0079080127493595959 -0.084050668684335861 0.091416037694479424 0.11066661542281508 -0.06359596262038765 -0.036535872057080275 0.086802617550755926 -0.10519811934232713 -0.061852253079414367 0.13135479708512626 -0.12099430501461028 0.013380451243883687 0.00090828332500030029 0.0046009113361339836 0.009547778589681824 -0.0082616035258424904 -0.00074580586103721819 -0.0057182909258232072 0.0065771548946206128 0.14552517819404603 0.011270962148403044 -0.17001621974669101 -0.0069126994547828377 0.0054153763148205858 0.012883435587611231 -0.0066618936040456246 -0.0043044333563757404 0.010154553516882062 -0.00031087624004627173 -0.000254807041723267 0.00013417122428811696 0.0088794579640027443 0.0037876287112093704 -0.023268353500738595 0.0046951007745858163 -0.0019228706069971757 -0.0050205460236895268 -0.02262843280610757 0.010055706506376329 -0.014125019593064737 0.010302752004501804 -0.0044687769339160875 0.0041420501879070055 0.0090060715746232995 -0.013281062823276563 0.01005729813126173 0.0022501520668744869 -0.008630889497775884 0.0061249780342006984 -0.011920338046735224 0.0032289142691189058 -0.0034971786838782662 -0.0030046073378620329 0.0049125656926850003
leaf_weight=4897 115284 36573 2290 17913 188252 3588 260 70 3930 130 130 80 590 100 130 50 20 30 20 1872 130293 1872 3008 7192 2392 7487 5616 100 1561 63 176 8707 2248 9743 25371 2407 3402 11165 112810 2385 8688 701 6604 1005 2885 1602 214 1463 1463 2500 5738 2393 5308 2392 32689 5318 2392 2392 9802 16610 46592 4991
leaf_count=4897 115284 36573 2290 17913 188252 3588 260 70 3930 130 130 80 590 100 130 50 20 30 20 1872 130293 1872 3008 7192 2392 7487 5616 100 1561 63 176 8707 2248 9743 25371 2407 3402 11165 112810 2385 8688 701 6604 1005 2885 1602 214 1463 1463 2500 5738 2393 5308 2392 32689 5318 2392 2392 9802 16610 46592 4991
internal_value=1.65958e-12 0.000656967 0.000902158 -0.000916407 0.00198998 -0.00216938 -0.0085559 -0.00679752 -0.00778429 0.00146198 0.0357675 -0.0134894 -0.0419765 0.0288875 0.0682182 0.0269357 0.0709803 0.0977058 0.0304152 9.54915e-05 0.00108494 -0.000835531 -0.000506513 -0.00560509 0.0062997 -0.000742077 -0.000433914 0.112334 -0.000547469 -0.00116566 -0.0499065 -0.00110446 -0.00283081 -0.00229338 -0.00133892 -0.00224972 0.00493883 0.0015913 0.000461709 0.000315234 -0.000590102 -0.000822353 -0.000648503 -0.000878294 -0.00858767 -0.0127725 -0.0187769 -0.000655716 -0.000966218 0.00321047 -0.000826796 -0.00094598 -0.00296647 -0.000414875 -0.000174278 -0.00781564 -0.00405293 -0.00137198 -0.00176138 -0.00153576 -0.00136552 -0.00223857
internal_weight=877949 511359 474786 366590 202162 13910 7930 7670 7600 2900 610 4700 770 180 480 200 150 280 50 272624 132165 140459 131395 9064 5980 128387 120900 230 307357 190601 239 190362 59233 54336 44593 38943 5650 13572 116756 115195 172449 163761 160175 153571 3586 2821 1816 150750 139543 11207 138080 136617 37758 24740 98859 13018 7710 66170 63777 22348 61385 51583
internal_count=877949 511359 474786 366590 202162 13910 7930 7670 7600 2900 610 4700 770 180 480 200 150 280 50 272624 132165 140459 131395 9064 5980 128387 120900 230 307357 190601 239 190362 59233 54336 44593 38943 5650 13572 116756 115195 172449 163761 160175 153571 3586 2821 1816 150750 139543 11207 138080 136617 37758 24740 98859 13018 7710 66170 63777 22348 61385 51583
is_linear=0
shrinkage=0.05


Tree=86
num_leaves=63
num_cat=0
split_feature=9 8 3 0 0 14 6 11 22 0 0 6 6 14 13 16 22 19 18 19 18 18 22 18 15 7 7 15 5 8 13 0 12 14 0 13 0 15 18 18 14 2 2 2 0 0 6 3 6 11 2 7 5 18 0 3 0 4 0 18 0 0
split_gain=194.849 258.518 229.171 141.298 173.836 157.715 152.367 139.582 130.826 323.165 249.523 304.812 1006.43 604.082 524.012 784.365 445.906 313.471 286.15 257.393 220.037 460.939 317.969 196.583 267.824 191.193 146.522 171.672 295.239 128.995 128.546 124.672 124.053 266.387 600.301 325.703 189.414 191.023 193.203 124.037 175.393 123.341 165.121 423.475 191.171 456.952 239.466 272.933 222.423 172.048 166.843 112.806 109.058 191.641 102.546 167.38 131.387 101.388 100.635 100.123 95.8865 123.94
threshold=-0.85614114999771107 -0.18441987375263122 -0.75740474462509144 -1.1224189996719358 -1.1085263490676878 1.2630783319473269 0.23542753793299201 0.61866869032382976 0.80309319496154796 -1.149046719074249 -1.2474532127380369 1.0000000180025095e-35 0.23542753793299201 1.0805390477180483 1.1793230772018435 -0.11790292830298198 1.1496823430061343 -1.0520786046981809 0.29051695764064794 1.0025628209114077 0.19567114114761355 0.13244220614433291 0.91351509094238292 -0.12047835439443587 0.65019455552101146 0.53506958484649669 1.1108536720275881 -0.51210337877273548 1.2477897703647616 -1.3915759325027464 1.123338580131531 -1.1085263490676878 -1.0295194983482359 1.3321472406387331 0.41966924071311956 1.5572178363800051 0.92791008949279796 -0.22701143473386762 0.053404832258820541 -0.0098240994266234321 1.440683960914612 0.88939985632896434 0.6059766709804536 -1.0000000180025095e-35 0.34441718459129339 -0.15108864009380338 1.0621489584445956 -0.49729524552822107 1.4755097031593325 -1.0109356343746183 -0.81113922595977772 -0.85499599575996388 1.2477897703647616 -0.19951572269201276 -0.71026927232742298 -0.64683356881141651 -0.88971650600433339 -0.28720723092555994 -0.77394410967826832 -0.12047835439443587 -0.14414230734109876 -0.15108864009380338
decision_type=2 2 2 2 2 2 2 2 2 2 2 2 2 2 2 2 2 2 2 2 2 2 2 2 2 2 2 2 2 2 2 2 2 2 2 2 2 2 2 2 2 2 2 2 2 2 2 2 2 2 2 2 2 2 2 2 2 2 2 2 2 2
left_child=8 2 7 5 -5 -3 -7 -2 9 -1 11 -10 13 14 15 19 17 -17 -18 26 21 22 -15 24 -16 -21 -13 28 -28 -24 -31 -11 33 -12 -35 36 37 39 52 40 -36 42 43 44 45 49 -47 48 50 -4 -48 54 -39 -54 55 58 -57 -44 -6 -19 61 -33
right_child=1 3 41 4 51 6 -8 -9 10 31 32 12 -14 20 23 16 18 59 -20 25 -22 -23 29 -25 -26 -27 27 -29 -30 30 -32 60 -34 34 35 -37 -38 38 -40 -41 -42 -43 57 -45 -46 46 47 -49 -50 -51 -52 -53 53 -55 -56 56 -58 -59 -60 -61 -62 -63
leaf_value=-0.0078910117690144475 -0.0017734874923267124 -0.0040857126083396053 0.0071695984382729649 0.0077578882907118583 0.0027495952581080528 -0.068936643997828159 0.0041209121592861954 -0.015596211616347831 -0.014750968760514478 0.0049341188209515536 -0.00086896635241597248 0.12219030043575914 0.0035711812104838193 -0.099056560297807073 -0.11005436951915425 0.098327616167565191 -0.052061515135897532 0.0080241365979115183 0.13441965399930875 0.056811837520864272 0.11046511210054935 -0.089956559566780933 -0.02110768643518289 0.13059009751925865 0.082812977168295124 -0.10614397989379035 -0.10630845891104804 0.10385922425116101 0.12009115939339002 0.11027573544535757 -0.010825328280528387 -0.0025519552132490394 0.0010954331804138736 -0.00050578847171345689 -0.071363576599798126 -0.15592524260282517 0.0091078178779450056 -0.17273988318443301 -0.026087273276749662 -0.010156358418041946 -0.008167346219244578 -0.00042423909597364752 0.0012002765503594652 -0.0038575251226324577 0.00012730074857860408 0.012908572685819847 -0.04147012188628179 0.011015986723560921 0.012343872916600404 0.00094106645396896155 -0.0039023290421959971 -0.0008896022801349701 -0.11726469946178525 0.025303066121414305 0.00053690241862914786 0.0059627764152280728 -0.0064196366696392454 0.0059973110310498233 0.025761215486664268 -0.098641742483684514 -0.00043256960855534018 -0.016128203207709177
leaf_weight=19676 4986 43136 13634 6991 712 72 8127 2882 1368 8091 13440 120 8640 24 24 24 36 24 48 36 336 48 24 120 72 36 36 60 24 252 24 63245 32766 2341 310 60 192 50 110 360 170 50328 15163 29946 48422 17527 759 2200 511 59352 484 195149 110 30 72767 8573 2856 40264 1428 264 97362 1727
leaf_count=19676 4986 43136 13634 6991 712 72 8127 2882 1368 8091 13440 120 8640 24 24 24 36 24 48 36 336 48 24 120 72 36 36 60 24 252 24 63245 32766 2341 310 60 192 50 110 360 170 50328 15163 29946 48422 17527 759 2200 511 59352 484 195149 110 30 72767 8573 2856 40264 1428 264 97362 1727
internal_value=-3.0732e-13 0.000472203 0.00157863 -0.000460508 -3.0407e-05 -0.00287745 0.00347935 -0.00683667 -0.00117501 -0.00182382 0.000827935 0.00742047 0.0103732 0.0463839 0.019756 -0.00104171 -0.0477552 -0.0752852 0.0544992 0.0582484 0.0811357 0.0546447 0.0760671 0.0879261 0.0345961 -0.0246661 0.0831228 0.0440553 -0.0157486 0.090077 0.0997452 -0.00112334 -0.000708682 -0.00415093 -0.015967 -0.041969 -0.0368359 -0.0445737 -0.0788221 -0.0323422 -0.0489816 0.0018163 0.0023103 0.00154875 0.00268177 0.00399114 0.0104011 -0.000713622 -0.0154258 0.00210457 -0.026842 -0.000223838 -0.109353 -0.0867145 0.00128102 0.00527151 0.00286853 0.004685 0.018105 -0.0897529 -0.00142526 -0.00291282
internal_weight=877949 626269 286458 339811 288476 51335 8199 7868 251680 190101 61579 11640 10272 1632 924 708 396 312 84 312 708 372 324 216 96 72 240 120 60 300 276 170425 49939 17173 3733 1392 1332 1140 300 840 480 278590 228262 172835 142889 94467 21481 3954 1754 72986 1243 281485 190 140 86336 13569 11429 55427 2140 288 162334 64972
internal_count=877949 626269 286458 339811 288476 51335 8199 7868 251680 190101 61579 11640 10272 1632 924 708 396 312 84 312 708 372 324 216 96 72 240 120 60 300 276 170425 49939 17173 3733 1392 1332 1140 300 840 480 278590 228262 172835 142889 94467 21481 3954 1754 72986 1243 281485 190 140 86336 13569 11429 55427 2140 288 162334 64972
is_linear=0
shrinkage=0.05


Tree=87
num_leaves=63
num_cat=0
split_feature=3 3 6 4 9 3 0 0 11 0 5 18 16 22 15 6 18 0 0 0 18 14 10 10 22 4 14 5 22 22 22 5 7 7 3 14 5 15 22 3 3 3 0 0 2 6 8 5 14 19 18 8 22 0 0 22 1 12 18 6 6 0
split_gain=184.19 176.783 139.847 128.658 132.883 113.671 109.606 232.708 233.203 265.735 284.942 401.418 232.62 213.077 217.297 120.54 119.59 113.055 101.407 96.4284 94.8954 94.255 156.466 84.3083 100.223 129.325 312.585 601.392 173.763 162.345 108.068 188.094 80.8338 78.0515 77.6828 76.2259 124.421 121.772 140.915 73.4795 71.7836 126.925 108.702 236.513 84.2974 169.345 123.668 68.6415 117.587 233.439 68.2944 67.052 65.2345 64.853 216.706 189.949 199.808 175.774 298.551 168.929 150.365 125.952
threshold=0.15903349965810779 0.17546492815017703 1.0621489584445956 -0.86477565765380848 0.30946898169349885 5.9515886306762704 0.20433260500431064 0.41966924071311956 -1.0000000180025095e-35 1.0413669943809511 -1.2493928074836729 0.10083015263080598 -0.11790292830298198 1.7294026017189028 -0.22701143473386762 0.6487882286310197 -0.29435671865940088 -0.18582036346197126 -1.5449882149696348 1.0529443025588991 -0.53146880865097035 1.440683960914612 -0.79733012616634358 -0.79733012616634358 -0.836950123310089 -0.28720723092555994 0.26157920062541967 0.74835324287414562 1.6725777983665469 -0.70414617657661427 1.7947488427162173 0.74835324287414562 -0.85499599575996388 0.53506958484649669 -0.77242308855056752 1.3962825536727907 0.74835324287414562 -0.66561439633369435 1.5661576986312868 4.5974376201629648 0.3744166642427445 0.25659510493278509 1.1721898317337038 1.0587329268455508 -1.0000000180025095e-35 1.4755097031593325 -0.53798767924308766 0.74835324287414562 1.3321472406387331 1.0000000180025095e-35 -0.19951572269201276 -0.53798767924308766 0.61148646473884594 0.32473587989807134 0.75193604826927196 0.76012519001960765 -1.1897694468498228 -1.0295194983482359 -0.00096230398105490156 -1.0046545863151548 1.0000000180025095e-35 -1.457001209259033
decision_type=2 2 2 2 2 2 2 2 2 2 2 2 2 2 2 2 2 2 2 2 2 2 2 2 2 2 2 2 2 2 2 2 2 2 2 2 2 2 2 2 2 2 2 2 2 2 2 2 2 2 2 2 2 2 2 2 2 2 2 2 2 2
left_child=3 21 6 18 34 40 17 39 9 10 11 12 13 15 -15 -9 20 -3 -1 -11 -14 -2 -23 -12 -25 26 27 29 47 -26 35 -32 -19 -10 -5 -27 -37 -38 -39 -8 41 -4 43 -42 -43 46 -46 -28 -49 -50 -40 -34 -48 55 57 56 -36 58 -55 -58 -57 -62
right_child=1 2 5 4 -6 -7 7 8 33 19 23 -13 16 14 -16 -17 -18 32 -20 -21 -22 22 -24 24 25 30 28 -29 -30 -31 31 -33 51 -35 53 36 37 38 50 -41 42 44 -44 -45 45 -47 52 48 49 -51 -52 -53 -54 54 -56 60 59 -59 -60 -61 61 -63
leaf_value=-0.0090485808261756197 0.0074467321434842117 -0.00056535178945136199 0.0058875689643606366 -0.0093718393191084704 0.00093363437057168003 -0.01463428220821027 0.0093229395417302515 -0.1086235181055963 0.003312850614153328 0.011419988824336818 0.00025057138553310983 0.0021975234661258058 -0.19638723111538978 -0.043550663727715065 -0.25032394429047905 0.0053916460980533388 -0.24461339224750797 0.0016164930772651128 -0.0014636486020521648 -0.002606694496843363 -0.083513011997565625 -0.14210355478738035 0.014555885139349346 0.0016308988057151916 -0.095823065619915729 0.0070628503388074394 0.0054942086586240863 0.0012237721085844059 -0.14682806725355074 -0.26645761909692184 0.007101539380705112 -0.10603920978556076 -0.0041814391365714255 -0.00047549850052864726 -0.0082913543468794617 0.0097698454599396724 0.011257590960788851 -0.15464987612462469 -0.11677040138414928 0.0032259887081958101 0.005663198088511007 -0.0022458498307177123 0.00065245888136608338 0.029562374560647364 -0.005406763500965966 0.010741880138570296 0.027914860513475099 -0.010684167404038212 -0.17797697897897 -0.020913464344946831 -0.010506267698171239 -0.018240660990417837 -0.05216367373064365 -0.032073317800122701 -0.00017296435630443458 -0.011372556997624645 0.0025360695362819548 -0.003730634708557909 -0.0040550391500219747 -0.0017023843296821038 0.0098418627438221166 0.0022206658370569196
leaf_weight=4536 11818 83994 4247 2592 202436 852 9883 30 36210 1320 1152 207 27 27 24 102 24 1442 154468 17075 60 28 37 579 20 546 210 63 27 46 72 75 1442 21771 8872 147 51 42 21 9884 21729 3261 10491 1087 279 343 27 225 36 69 54 2059 438 1559 71846 1797 32751 26287 2437 83305 6415 34995
leaf_count=4536 11818 83994 4247 2592 202436 852 9883 30 36210 1320 1152 207 27 27 24 102 24 1442 154468 17075 60 28 37 579 20 546 210 63 27 46 72 75 1442 21771 8872 147 51 42 21 9884 21729 3261 10491 1087 279 343 27 225 36 69 54 2059 438 1559 71846 1797 32751 26287 2437 83305 6415 34995
internal_value=-1.78594e-12 0.0011685 0.000863542 -0.000448857 -3.69814e-05 0.00344598 0.000279414 0.00141444 0.000218297 -0.00412316 -0.0159145 -0.0511407 -0.0886951 -0.0540568 -0.140856 -0.0205209 -0.145801 -0.000997811 -0.00168003 -0.00160016 -0.118543 0.00711648 -0.0529282 -0.0107767 -0.0163411 -0.0224477 -0.0390246 -0.109275 -0.0230418 -0.21475 -0.0110018 -0.0506233 -0.00834638 0.00189038 -0.000757096 -0.00423716 -0.0238238 -0.0532183 -0.0813232 0.00627431 0.0038136 -0.000260293 0.00486489 0.0068018 -0.00626535 -0.0183238 -0.0317238 -0.0168525 -0.0310731 -0.0747638 -0.0402602 -0.0124499 -0.047514 -0.000674475 -0.00166827 -7.08237e-05 -0.00105916 -0.00521585 -0.0149861 -0.000506293 0.00278685 0.0034013
internal_weight=877949 243653 231770 634296 475292 42754 189016 100079 80312 22331 3936 501 294 183 51 132 111 88937 159004 18395 87 11883 65 3435 2283 1704 696 129 567 66 1008 147 4943 57981 272856 861 315 168 117 19767 41902 8595 33307 22816 4348 1087 744 540 330 105 75 3501 465 270264 102129 168135 124928 30283 3996 116056 43207 41410
internal_count=877949 243653 231770 634296 475292 42754 189016 100079 80312 22331 3936 501 294 183 51 132 111 88937 159004 18395 87 11883 65 3435 2283 1704 696 129 567 66 1008 147 4943 57981 272856 861 315 168 117 19767 41902 8595 33307 22816 4348 1087 744 540 330 105 75 3501 465 270264 102129 168135 124928 30283 3996 116056 43207 41410
is_linear=0
shrinkage=0.05


Tree=88
num_leaves=63
num_cat=0
split_feature=3 3 5 8 22 0 6 18 11 19 22 19 0 6 18 18 4 5 22 5 18 7 18 19 13 6 0 18 3 2 3 3 6 0 0 6 14 0 3 22 0 3 0 2 3 0 0 14 0 0 19 6 9 13 0 0 16 22 6 14 18 14
split_gain=173.364 179.007 161.728 209.186 96.8668 255.305 488.542 453.062 227.32 328.81 390.322 278.581 256.497 412.479 225.546 343.528 418.179 211.563 207.951 199.866 299.474 196.68 273.982 196.607 164.593 157.422 137.589 113.781 109.011 101.284 123.322 136.007 100.374 95.8463 131.961 123.824 388.132 136.863 150.08 130.789 122.009 128.958 144.003 181.236 209.15 121.339 170.262 120.229 166.91 151.846 118.834 195.949 169.703 136.889 142.376 141.353 105.572 661.549 489.991 268.21 239.921 116.279
threshold=-0.67935135960578907 -0.68251031637191761 0.74835324287414562 -0.18441987375263122 0.80309319496154796 -1.3655410408973692 1.0000000180025095e-35 -0.64212310314178456 0.61866869032382976 0.72238448262214672 0.90637847781181347 -0.7719002068042754 0.11866103112697603 1.0000000180025095e-35 -0.073053032159805284 0.19567114114761355 0.86792960762977611 1.2477897703647616 0.44107373058795935 1.2477897703647616 0.16405908763408664 -0.85499599575996388 0.27470850944519049 1.3761340379714968 1.3332802057266238 1.0000000180025095e-35 0.3965147733688355 -0.057244595140218728 1.9536987543106081 0.6059766709804536 -0.57843363285064686 -0.64683356881141651 -0.59129387140274037 -1.2185100913047788 1.1629280447959902 0.23542753793299201 1.228543817996979 -1.3365979194641111 1.9536987543106081 1.3943807482719424 0.92791008949279796 0.77002382278442394 0.11866103112697603 0.6059766709804536 0.65640461444854747 1.5415037870407107 1.5032989382743838 0.75492852926254284 1.2150256037712099 1.1745052933692934 1.3761340379714968 1.0621489584445956 1.244215786457062 0.80609360337257396 1.318063020706177 1.3782647252082827 -0.11790292830298198 0.69838327169418346 1.0000000180025095e-35 0.91280031204223644 0.68570381402969371 0.64639165997505199
decision_type=2 2 2 2 2 2 2 2 2 2 2 2 2 2 2 2 2 2 2 2 2 2 2 2 2 2 2 2 2 2 2 2 2 2 2 2 2 2 2 2 2 2 2 2 2 2 2 2 2 2 2 2 2 2 2 2 2 2 2 2 2 2
left_child=1 -1 3 33 5 6 -4 -8 -6 11 19 12 13 -10 25 16 -16 26 -9 23 -21 22 -15 -11 -13 -12 -17 -23 -27 30 31 32 -7 35 40 36 39 38 -37 56 41 42 -35 44 -44 46 47 -36 49 -49 -50 52 -52 54 -54 -56 57 61 -59 -58 -61 -2
right_child=2 -3 4 -5 8 29 7 18 9 10 14 24 -14 21 15 17 -18 -19 -20 20 -22 27 -24 -25 -26 28 -28 -29 -30 -31 -32 -33 -34 34 45 37 -38 -39 -40 -41 -42 -43 43 -45 -46 -47 -48 48 50 -51 51 -53 53 -55 55 -57 59 58 -60 60 -62 -63
leaf_value=-0.0012486254124637487 -0.0059498482497953691 -0.010578603493652618 -0.0058029622511459669 -0.00013764689104987389 -0.00014722209930793906 0.014340146103431654 0.13656323606317694 -0.035097440892270397 -0.012299040622369854 -0.08517969239835145 -0.0077768070609167675 -0.0019761994730208665 0.0017112788721959705 -0.1477221581068906 -0.10945569853970989 0.11369632925395366 0.099255427718162537 -0.041318831171116066 -0.088006264383142643 0.13009686387764913 -0.040812530378726397 -0.021509913219646973 0.10181454646993766 0.055926765655749479 0.12938897451385856 0.1237650115340948 0.005520741368732038 0.095698231416331103 0.033344861473888161 -0.0027741966927219658 0.00044527464868422245 -0.01049995911844403 -0.0045985221006181508 0.002726847089093798 0.0012270960477875183 0.0074231848159214148 -0.053954721157399216 -0.0074795397107446458 -0.014703780121190037 0.11938159716400235 0.0062676388447483302 0.0063577066039319872 -0.0056824199879466283 0.0050216677114142232 0.011512429293354089 0.0030880668185426538 -0.012875035428774313 -0.0020755256413330994 -0.007541198587766345 0.03570172552551542 -0.0273156506826575 -0.0046626550035991548 -0.057745001385919752 0.0096085456443861846 -0.2337932205339894 -0.07099379091640004 -0.0012477448628057768 -0.0062999080131042069 0.098983574183563697 -0.015137021418873759 -0.072497359836812728 0.01754797977351322
leaf_weight=136639 3623 5342 7458 284842 41781 1151 33 572 187 108 33 3684 527 22 72 143 36 36 275 48 55 22 22 32 24 200 37 352 40 52187 94674 5502 1784 92072 20418 9196 374 2508 836 22 23481 17643 17683 7858 1965 19343 3206 798 5032 399 154 322 40 21 40 20 9389 176 297 2299 198 616
leaf_count=136639 3623 5342 7458 284842 41781 1151 33 572 187 108 33 3684 527 22 72 143 36 36 275 48 55 22 22 32 24 200 37 352 40 52187 94674 5502 1784 92072 20418 9196 374 2508 836 22 23481 17643 17683 7858 1965 19343 3206 798 5032 399 154 322 40 21 40 20 9389 176 297 2299 198 616
internal_value=1.15204e-13 -0.00159966 0.000308603 0.000778657 -0.00086014 -0.00143697 -0.00996035 -0.0451942 0.00112864 0.0105137 0.0393906 0.00550197 0.0272125 0.0494259 0.0611355 0.0329252 -0.0398853 0.0693304 -0.0522756 -0.0140321 0.0388346 0.0770397 -0.0229538 -0.0529268 -0.00112594 0.094616 0.0914602 0.0888036 0.108695 -0.000979344 -7.09245e-05 -0.00586334 0.00282853 0.00186603 0.00224029 -0.00080135 -0.00358242 0.00296751 0.00557927 -0.00244889 0.00293715 0.00236724 0.00177847 -0.00139606 -0.00396276 -8.76112e-06 -0.00197598 -0.000693413 -0.00643806 0.0105169 -0.0100435 -0.031135 -0.0621318 -0.106443 -0.130814 -0.179527 -0.00261037 0.00372296 0.0598083 -0.00512111 -0.0196854 -0.00253521
internal_weight=877949 141981 735968 524871 211097 163636 8338 880 47461 5680 840 4840 1132 605 597 324 108 216 847 243 103 418 44 140 3708 273 180 374 240 155298 103111 8437 2935 240029 210495 29534 16994 12540 10032 16620 160702 137221 119578 27506 19648 49793 30450 27244 6826 1197 5629 597 275 121 100 60 16598 4712 473 11886 2497 4239
internal_count=877949 141981 735968 524871 211097 163636 8338 880 47461 5680 840 4840 1132 605 597 324 108 216 847 243 103 418 44 140 3708 273 180 374 240 155298 103111 8437 2935 240029 210495 29534 16994 12540 10032 16620 160702 137221 119578 27506 19648 49793 30450 27244 6826 1197 5629 597 275 121 100 60 16598 4712 473 11886 2497 4239
is_linear=0
shrinkage=0.05


Tree=89
num_leaves=63
num_cat=0
split_feature=4 4 9 3 3 0 0 6 22 13 19 6 15 6 16 15 15 4 14 4 14 0 0 0 13 0 13 14 6 0 0 0 0 19 3 3 13 3 3 3 3 3 3 3 13 0 3 2 3 4 3 3 2 22 4 0 0 16 0 0 0 12
split_gain=161.24 133.477 123.565 86.2139 95.0668 194.103 85.4043 255.146 251.733 289.032 142.715 326.756 829.146 270.771 403.334 331.993 208.728 417.48 140.543 97.0658 275.862 81.4806 97.716 80.6584 237.622 73.1759 69.2684 212.071 468.153 142.223 112.151 67.8445 67.3537 67.0183 63.6018 116.812 240.33 97.2593 69.1274 63.569 75.465 97.4316 117.928 126.029 77.9955 83.9681 70.4913 91.2133 77.7329 164.811 75.8212 127.825 105.213 66.7711 66.2692 87.7368 75.3874 64.8106 63.3023 80.4527 118.936 215.516
threshold=-0.28720723092555994 1.5898901224136355 0.30946898169349885 -0.72815677523612965 -0.74338054656982411 -0.36063669621944422 -1.4130077362060545 0.23542753793299201 1.3157574534416201 1.2259767055511477 -0.4917218536138534 1.0000000180025095e-35 -1.0164967775344846 1.0000000180025095e-35 -0.11790292830298198 -0.22701143473386762 0.21159155666828158 0.57914540171623241 1.228543817996979 1.445498049259186 0.91280031204223644 1.1698743700981142 1.0737832784652712 1.0587329268455508 -0.49087883532047266 1.0610483288764956 0.28357230126857763 1.0805390477180483 -0.59129387140274037 -1.1351540088653562 -1.0564287304878233 -1.037905156612396 -1.4975215792655943 -0.7719002068042754 -0.25424566864967341 -0.14171914011240003 -0.5561939775943755 -0.28295548260211939 -0.34548528492450709 1.4603368639945986 1.2102176547050478 0.94304263591766369 0.79533234238624584 0.85678997635841381 -1.022730767726898 -0.69406116008758534 -0.1616052761673927 1.4562462568283083 -0.18013582378625867 -0.72038355469703663 0.17546492815017703 0.1900519281625748 1.0000000180025095e-35 -1.6191035509109495 -1.1535598635673521 1.318063020706177 1.318063020706177 3.2115155458450322 1.0529443025588991 0.99505805969238292 0.32473587989807134 -1.0295194983482359
decision_type=2 2 2 2 2 2 2 2 2 2 2 2 2 2 2 2 2 2 2 2 2 2 2 2 2 2 2 2 2 2 2 2 2 2 2 2 2 2 2 2 2 2 2 2 2 2 2 2 2 2 2 2 2 2 2 2 2 2 2 2 2 2
left_child=3 2 21 4 5 -1 7 8 9 10 11 -4 -13 -12 15 -15 17 18 -14 33 -21 22 23 58 25 -25 27 29 -29 -5 -31 -32 -9 -18 37 36 -36 38 -23 40 41 42 44 -44 45 -33 48 50 -46 -50 52 -52 -48 -42 56 -56 -55 -43 59 60 -2 -62
right_child=1 -3 6 26 -6 -7 -8 32 -10 -11 13 12 16 14 -16 -17 19 -19 -20 20 -22 34 -24 24 -26 -27 -28 28 -30 30 31 39 -34 -35 35 -37 -38 -39 -40 -41 53 57 43 -45 46 -47 47 -49 49 -51 51 -53 -54 54 55 -57 -58 -59 -60 -61 61 -63
leaf_value=-0.0056100774646368756 0.00021208627047545069 -0.0023368610227186598 -0.0071574539726795275 -0.0050639579549730711 -0.0067555730523728031 0.0071506344129380981 0.0020139779329477058 0.01008468946926273 -0.056311906405473844 0.094848977574812518 -0.0072877418730288275 -0.077989585697650909 0.086038727063972226 0.10172269398812205 -0.059700547292576005 -0.034932304099202158 0.082280939301619171 -0.099773894369602212 -0.056336334943771361 0.12497958302497865 -0.11475206315517426 -0.0003754978198609244 -0.005917221033841482 -0.018013116618414936 0.018517689945491061 0.0034803510745230674 0.0003047823265302105 -0.1567965098763151 -0.0058530863161546237 0.0067312986731588075 -0.017319128674585446 0.0070219326087977256 -0.00074695458360138313 0.1367260638475418 -0.0040627241255226333 0.0021342680513628158 0.021814783965489901 -0.012392000171393157 0.012470193881286154 0.0033374408214761481 -0.021876120012045114 0.0070760388394755392 -0.012880075197311708 0.00084634198179958794 -0.0023411879531836169 0.00018243164249038629 0.0061432160710961602 -0.0072624793635893943 -0.033162736763821823 0.010585695740747081 -0.010634683782396511 0.00027454852263482453 -0.00061149844044725607 -0.009399662674404681 0.00077060630652193854 -0.020816347265990132 0.018345320162326931 -0.080982030134293295 -0.009387549197613497 0.0043831016120298464 -0.012739838130783261 -0.0014393972714538607
leaf_weight=7539 164382 36573 2290 20437 12348 4928 188252 3588 260 70 3930 130 130 80 590 100 130 50 20 30 20 13142 7488 792 2050 792 131799 70 193 4979 625 5006 2392 100 1491 29517 2253 1589 1138 8766 715 4189 4208 2775 65900 43327 11012 3927 581 342 3288 14645 12099 450 918 966 537 21 1872 9344 4862 31912
leaf_count=7539 164382 36573 2290 20437 12348 4928 188252 3588 260 70 3930 130 130 80 590 100 130 50 20 30 20 13142 7488 792 2050 792 131799 70 193 4979 625 5006 2392 100 1491 29517 2253 1589 1138 8766 715 4189 4208 2775 65900 43327 11012 3927 581 342 3288 14645 12099 450 918 966 537 21 1872 9344 4862 31912
internal_value=1.39879e-12 0.000573719 0.000797922 -0.000800285 -0.00364593 -0.000565978 0.00173462 -0.00204603 -0.00792653 -0.00628634 -0.00721785 0.00150478 0.0340237 -0.0125999 -0.0397126 0.0258033 0.0643606 0.0253481 0.0670554 0.0922267 0.0290869 0.000103319 -0.000301962 -0.000107305 0.00727884 -0.00726638 -0.000593673 -0.00115762 -0.0460281 -0.00110135 -0.000673487 -0.000873536 0.00575203 0.105953 0.00194695 0.00318957 0.0115094 -0.000657546 0.000648199 -0.000817575 -0.00102582 -0.000875558 -0.00106482 -0.00742528 -0.000787442 0.00089082 -0.00151302 1.745e-05 -0.00254301 -0.0169526 0.000713978 -0.00172565 0.00260701 -0.00820441 -0.00479958 -0.0102979 0.00569563 0.00663679 -0.000233693 -0.000152286 -0.000362962 -0.00293346
internal_weight=877949 511359 474786 366590 24815 12467 202162 13910 7930 7670 7600 2900 610 4700 770 180 480 200 150 280 50 272624 223494 216006 3634 1584 341775 209976 263 209713 189276 184297 5980 230 49130 33261 3744 15869 14280 183672 174906 171320 167110 6983 160127 48333 111794 44971 66823 923 41044 17933 23111 3586 2871 1884 987 4210 212372 210500 201156 36774
internal_count=877949 511359 474786 366590 24815 12467 202162 13910 7930 7670 7600 2900 610 4700 770 180 480 200 150 280 50 272624 223494 216006 3634 1584 341775 209976 263 209713 189276 184297 5980 230 49130 33261 3744 15869 14280 183672 174906 171320 167110 6983 160127 48333 111794 44971 66823 923 41044 17933 23111 3586 2871 1884 987 4210 212372 210500 201156 36774
is_linear=0
shrinkage=0.05


Tree=90
num_leaves=63
num_cat=0
split_feature=3 3 3 3 0 14 2 0 0 0 6 0 6 0 3 7 0 6 13 22 0 6 0 3 3 3 6 0 0 0 2 0 0 3 0 3 0 0 22 13 22 13 5 6 2 0 11 0 0 0 3 1 8 3 0 0 6 0 0 0 13 2
split_gain=152.916 163.918 121.792 193.746 219.847 223.096 231.538 204.954 187.768 181.191 119.115 119.351 115.617 248.856 113.528 109.648 160.233 547.191 109.385 186.93 232.543 221.754 130.816 125.542 151.795 272.652 196.425 206.85 126.572 276.709 126.974 123.636 134.855 148.954 138.052 123.762 162.341 122.299 118.8 117.737 117.528 132.461 113.19 109.711 141.678 108.646 99.3346 96.4858 143.084 133.697 147.358 134.874 121.946 105.072 96.3616 94.8201 92.032 91.656 101.174 138.58 88.8282 95.3092
threshold=0.072571337223052992 -0.066463191062211976 -0.25424566864967341 -0.18533226102590558 -1.0000000180025095e-35 0.48851981759071356 1.4562462568283083 1.3574256896972658 -1.008962035179138 0.99505805969238292 0.6487882286310197 0.92791008949279796 -1.0046545863151548 1.6248599290847781 0.084044579416513457 0.53506958484649669 1.1745052933692934 1.0000000180025095e-35 -0.91076192259788502 0.51560327410697948 0.34441718459129339 1.0000000180025095e-35 -1.457001209259033 -0.57843363285064686 -0.53755223751068104 -0.53503412008285511 1.0000000180025095e-35 0.75193604826927196 -0.5065099149942397 -1.0564287304878233 0.6059766709804536 -1.457001209259033 -0.36063669621944422 -0.6953391134738921 -0.47525136172771448 -0.52535599470138539 -0.5065099149942397 -0.64659449458122242 1.2510103583335879 1.487237334251404 0.61148646473884594 0.33955676853656774 -1.2493928074836729 0.6487882286310197 1.0000000180025095e-35 0.32473587989807134 1.0000000180025095e-35 0.45671640336513525 1.7035850882530215 -0.13140735030174253 -0.33054500818252558 -0.60458552837371815 0.53518827259540569 -0.50975027680397023 -0.85266935825347889 -1.457001209259033 1.0621489584445956 1.6943233013153078 1.2567036747932436 0.75193604826927196 -1.2280069589614866 1.4562462568283083
decision_type=2 2 2 2 2 2 2 2 2 2 2 2 2 2 2 2 2 2 2 2 2 2 2 2 2 2 2 2 2 2 2 2 2 2 2 2 2 2 2 2 2 2 2 2 2 2 2 2 2 2 2 2 2 2 2 2 2 2 2 2 2 2
left_child=1 2 18 9 5 8 -7 15 -5 10 -4 -12 13 -9 -2 16 -6 -18 -1 22 21 38 -20 43 26 -26 -25 -28 29 30 -27 40 33 -33 35 37 -37 39 55 -35 -23 -42 45 -24 -45 -34 -32 49 -49 50 51 -30 -53 -54 -31 -21 57 58 59 -22 -10 -62
right_child=14 -3 3 4 7 6 -8 12 60 -11 11 -13 -14 -15 -16 -17 17 -19 19 20 56 31 23 24 25 28 27 -29 47 54 46 32 42 34 -36 36 -38 -39 -40 -41 41 -43 -44 44 -46 -47 -48 48 -50 -51 -52 52 53 -55 -56 -57 -58 -59 -60 -61 61 -63
leaf_value=0.0011481616871357868 0.0077390326322423295 -0.0041127521824896431 -0.00059991242802088108 -0.0089113475818416357 -0.0038291122905637319 0.002541813206059681 -0.015977948833350401 0.028071907019636556 0.023504957170680907 0.0092287791202159252 0.0033529192206065437 0.018094293170216633 0.0012450020025558276 -0.0075472779150989218 0.0007972955726272251 -0.0076310522338038436 -0.013431714171674311 0.024843908012674956 -0.0094264464895703736 -0.013294556679866017 -0.0050698801811824073 0.052031256557841389 -0.0024102475244261222 0.0088922515984572563 -0.018271361912870862 0.0017729324292517232 -0.0056439666752148201 0.005854426685522599 0.0059634449081010137 -0.013229980656039905 -0.016913395766966287 -0.0031205140694740962 0.0055357815499240126 0.0023282816427964335 0.0087389567182052149 0.0026496924287426542 0.016715818674488635 -0.0071870940186993665 -0.040166300005974279 -0.006064455750956264 -0.039633933683236443 0.0077361538488150087 0.0081173734661954371 -0.010767690550693957 0.0007563991371216858 -0.017924022629069652 -0.0010242187437280361 -0.0044746361430749336 0.0058676940336066311 0.0076081758549763207 0.0073320301355512514 -0.00029077970570973681 -1.0062836806627255e-05 -0.013243372470667938 -0.0052521331248038998 -0.0015160398196595126 0.0004231582819141669 0.0057739295503340064 -0.013265266576429289 0.0079507966271991394 0.0097630309714082115 -0.00085374131330477599
leaf_weight=72501 6015 29227 16789 1675 18800 5310 2474 1272 955 12051 5481 1832 9073 798 283102 13567 1710 2057 5637 2514 22870 147 80030 8698 2376 19637 8682 7118 4733 6288 1755 18019 1127 21671 6851 19675 2290 5998 252 5177 150 9138 11737 9087 3775 878 2238 16352 4204 8059 5917 11004 2251 4496 9509 5334 16286 2129 3263 2244 11050 2614
leaf_count=72501 6015 29227 16789 1675 18800 5310 2474 1272 955 12051 5481 1832 9073 798 283102 13567 1710 2057 5637 2514 22870 147 80030 8698 2376 19637 8682 7118 4733 6288 1755 18019 1127 21671 6851 19675 2290 5998 252 5177 150 9138 11737 9087 3775 878 2238 16352 4204 8059 5917 11004 2251 4496 9509 5334 16286 2129 3263 2244 11050 2614
internal_value=8.9175e-13 -0.000462384 -0.000271732 0.0012409 -0.000269965 0.00361899 -0.00334435 -0.0022506 0.00694553 0.00422289 0.00171995 0.00704582 0.0036777 0.0143405 0.000941717 -0.00407877 -0.00194317 0.00746899 -0.000631435 -0.000971329 0.000344469 0.00159111 -0.00190697 -0.00171092 -0.000665221 -0.00153866 0.00285802 -0.000463868 -0.00112643 -0.00330466 0.00012018 0.00221838 0.00166748 0.000878582 0.00204721 0.00121078 0.00411618 -0.000732134 -0.00637419 0.000709941 0.00767318 0.00697113 0.00624182 -0.00309911 -0.00738537 -0.00473739 -0.00800782 0.000379838 -0.00235948 0.00192425 0.000311398 -0.00153619 -0.00353583 -0.00882835 -0.00842772 -0.00528913 -0.0026117 -0.0042319 -0.0049826 -0.00390645 0.00876237 0.00773198
internal_weight=877949 588832 559605 107508 71355 24078 7784 47277 16294 36153 24102 7313 11143 2070 289117 36134 22567 3767 452097 379596 157750 110958 221846 216209 123317 98819 24498 15800 96443 39427 23630 102858 93423 79681 61662 54811 21965 32846 8100 26848 9435 9288 13742 92892 12862 2005 3993 57016 20556 36460 28401 22484 17751 6747 15797 7848 46792 30506 28377 25114 14619 13664
internal_count=877949 588832 559605 107508 71355 24078 7784 47277 16294 36153 24102 7313 11143 2070 289117 36134 22567 3767 452097 379596 157750 110958 221846 216209 123317 98819 24498 15800 96443 39427 23630 102858 93423 79681 61662 54811 21965 32846 8100 26848 9435 9288 13742 92892 12862 2005 3993 57016 20556 36460 28401 22484 17751 6747 15797 7848 46792 30506 28377 25114 14619 13664
is_linear=0
shrinkage=0.05


Tree=91
num_leaves=63
num_cat=0
split_feature=5 8 3 13 0 0 14 6 3 22 0 0 6 6 14 13 16 22 19 18 19 18 18 22 18 15 7 7 15 5 0 8 13 12 14 0 13 0 15 18 18 14 5 18 0 0 11 3 0 3 0 0 3 0 0 0 0 6 14 19 18 22
split_gain=149.337 200.328 200.331 130.856 127.556 164.52 142.771 158.68 123.059 105.466 247.669 195.571 240.957 815.743 524.928 444.228 679.857 391.477 268.474 251.412 210.172 180.941 387.833 271.54 172.616 231.365 160.29 125.684 144.218 245.814 105.889 105.354 115.053 102.872 216.06 495.225 285.72 155.896 168.851 166.055 105.472 154.316 99.8924 171.906 99.7745 103.504 112.987 98.3796 191.625 186.658 96.3128 112.455 94.6915 102.257 148.536 123.601 131.513 187.255 101.44 158.58 197.779 205.86
threshold=0.74835324287414562 -0.53798767924308766 -0.75740474462509144 0.33955676853656774 -1.1224189996719358 -0.97423034906387318 1.2630783319473269 0.23542753793299201 0.89552295207977306 0.80309319496154796 -1.149046719074249 -1.2474532127380369 1.0000000180025095e-35 0.23542753793299201 1.0805390477180483 1.1793230772018435 -0.11790292830298198 1.1496823430061343 -1.0520786046981809 0.29051695764064794 1.0025628209114077 0.19567114114761355 0.13244220614433291 0.91351509094238292 -0.12047835439443587 0.65019455552101146 0.53506958484649669 1.1108536720275881 -0.51210337877273548 1.2477897703647616 -1.0564287304878233 -1.3915759325027464 1.123338580131531 -1.0295194983482359 1.3321472406387331 0.41966924071311956 1.5572178363800051 0.92791008949279796 -0.22701143473386762 0.053404832258820541 -0.0098240994266234321 1.440683960914612 1.2477897703647616 -0.19951572269201276 -0.14414230734109876 -0.15108864009380338 0.61866869032382976 -0.72433647513389576 0.33631311357021337 -0.73768702149391163 -0.089729286730289445 0.023727662395685915 -0.66526141762733448 1.1629280447959902 0.92791008949279796 1.5415037870407107 1.4488858580589297 -1.0046545863151548 0.80426350235939037 1.3761340379714968 -0.24693621695041654 0.77527105808258068
decision_type=2 2 2 2 2 2 2 2 2 2 2 2 2 2 2 2 2 2 2 2 2 2 2 2 2 2 2 2 2 2 2 2 2 2 2 2 2 2 2 2 2 2 2 2 2 2 2 2 2 2 2 2 2 2 2 2 2 2 2 2 2 2
left_child=1 2 3 -1 6 -6 -3 -8 -7 10 -2 12 -11 14 15 16 20 18 -18 -19 27 22 23 -16 25 -17 -22 -14 29 -29 -12 -25 -33 34 -13 -36 37 38 40 42 41 -37 -40 -44 45 46 -32 48 49 -4 -46 -52 -49 54 -54 56 58 -58 -55 -60 61 -61
right_child=9 4 47 -5 5 8 7 -9 -10 11 30 33 13 -15 21 24 17 19 -20 -21 26 -23 -24 31 -26 -27 -28 28 -30 -31 44 32 -34 -35 35 36 -38 -39 39 -41 -42 -43 43 -45 50 -47 -48 52 -50 -51 51 -53 53 55 -56 -57 57 -59 59 60 -62 -63
leaf_value=-0.01273727333577805 -0.0069226442281527696 -0.0034944315367148324 0.0034112058199369868 0.0019308491733498554 0.0036635211892587088 -0.00057245088471574626 -0.060785480029881003 0.0038220796865541746 0.0028502613388683038 -0.013106629666533628 0.0035026913581915932 -0.00076960500642266809 0.11153964919038117 0.0031076322334050162 -0.092159280553460121 -0.10482239971558255 0.089064921562870353 -0.049882603271139997 -0.084994152591874206 0.12491323876505096 0.052559023433261444 0.10064320160586032 -0.08261529477313162 -0.017859978104631104 0.11957455658586696 0.074437344902091557 -0.096647437413533543 -0.098272774699661475 0.093987463166316357 0.10830896670619648 -0.00057410750894504629 0.10132117766206937 -0.013248003522555033 0.0010522009072967988 -0.00032381603546537612 -0.065033994262752637 -0.14471650699774424 0.0085048896485659508 -0.16136487317085269 -0.023505894736709623 -0.0082378761714608124 -0.005756441726047984 -0.10796825952997263 0.027059413017705081 0.006326212680116754 -0.014995906924720907 -0.0049591468207330841 -0.0014067492272362737 -0.0014215007169445474 0.0204989022473153 -0.0095692423265233539 -0.00037608814863920057 0.0019499700642333431 0.0010200312889277776 0.006653900538535572 0.0031804041606547811 0.018450838908443727 -0.014820393920186659 -0.0040616216277305555 -0.128698808157026 -0.0054702810368824385 -0.031899323905312679
leaf_weight=3976 19676 49639 3172 2462 29554 274162 96 9478 29043 1368 12138 13440 120 8640 24 24 24 36 288 48 36 336 48 24 120 72 36 36 60 24 32145 252 24 32766 2341 310 60 192 50 110 360 170 110 30 5118 1727 27053 23607 4530 3221 3456 88788 133415 16095 19197 15803 481 3501 4307 86 292 152
leaf_count=3976 19676 49639 3172 2462 29554 274162 96 9478 29043 1368 12138 13440 120 8640 24 24 24 36 288 48 36 336 48 24 120 72 36 36 60 24 32145 252 24 32766 2341 310 60 192 50 110 360 170 110 30 5118 1727 27053 23607 4530 3221 3456 88788 133415 16095 19197 15803 481 3501 4307 86 292 152
internal_value=-7.11614e-13 0.000413393 0.00157005 -0.00712794 -0.000277985 0.000102499 -0.00241619 0.00317425 -0.000244601 -0.00102867 -0.00161121 0.000769695 0.00660615 0.00923145 0.0416517 0.0168295 -0.0023196 -0.0458098 -0.071605 0.0500007 0.0528795 0.0740468 0.0500242 0.0696745 0.0795958 0.0296224 -0.0220442 0.0753567 0.0391737 -0.0156401 -0.000997991 0.0826212 0.0913586 -0.000590692 -0.00372532 -0.0143669 -0.0379838 -0.033176 -0.040196 -0.0723954 -0.0286962 -0.0440399 -0.1007 -0.0790338 -0.00134312 -0.00293004 -0.00257803 0.0018158 0.00644584 0.0120205 -0.000350094 -0.000720517 0.00158268 0.00194771 0.00254168 -0.000278545 -0.00247256 -0.0108014 -0.00088812 -0.00723744 -0.0330455 -0.0668773
internal_weight=877949 626269 234297 6438 391972 332759 59213 9574 303205 251680 190101 61579 11640 10272 1632 924 708 396 312 84 312 708 372 324 216 96 72 240 120 60 170425 300 276 49939 17173 3733 1392 1332 1140 300 840 480 190 140 158287 60925 59198 227859 10923 6393 97362 92244 216936 193329 152612 40717 24914 3982 20932 4837 530 238
internal_count=877949 626269 234297 6438 391972 332759 59213 9574 303205 251680 190101 61579 11640 10272 1632 924 708 396 312 84 312 708 372 324 216 96 72 240 120 60 170425 300 276 49939 17173 3733 1392 1332 1140 300 840 480 190 140 158287 60925 59198 227859 10923 6393 97362 92244 216936 193329 152612 40717 24914 3982 20932 4837 530 238
is_linear=0
shrinkage=0.05


Tree=92
num_leaves=63
num_cat=0
split_feature=4 4 3 2 0 2 12 5 0 2 0 3 22 3 3 0 0 0 0 4 13 22 0 3 12 0 13 6 3 3 3 0 0 5 1 4 0 0 4 16 0 6 17 3 0 13 0 4 3 3 0 22 0 0 18 3 3 0 22 3 3 6
split_gain=139.695 117.789 120.054 105.672 146.121 131.724 303.616 122.24 121.909 117.439 220.043 169.33 155.805 146.242 133.686 114.393 232.636 135.276 98.396 181.996 117.683 95.1035 128.289 101.702 98.9794 127.827 92.1976 89.3225 160.952 148.696 180.614 131.044 120.573 88.6503 107.806 91.1738 81.9869 79.6343 78.5826 76.3144 76.1144 75.1725 73.7892 73.3911 76.7904 105.159 78.5514 102.58 73.1214 85.4272 167.259 71.7617 71.1652 69.5637 68.569 67.3333 152.957 67.38 67.2263 63.8075 100.616 101.018
threshold=-0.28720723092555994 1.445498049259186 -0.76847952604293812 -0.24429284036159513 0.75193604826927196 0.6059766709804536 -0.68629828095436085 0.74835324287414562 0.33631311357021337 -0.81113922595977772 -1.037905156612396 0.77002382278442394 -0.044711695984005921 0.69440227746963512 -0.51612976193428028 -0.47525136172771448 -0.41852289438247675 -0.49609039723873133 -0.38031800091266627 0.86792960762977611 -0.59351691603660572 1.3378776311874392 -1.0703214406967161 -0.70595383644103993 -0.68629828095436085 1.6943233013153078 0.33955676853656774 -1.0000000180025095e-35 1.9536987543106081 0.41323180496692663 -0.13727854937314984 -0.88971650600433339 -0.5065099149942397 0.74835324287414562 -1.0000000180025095e-35 0.4347532987594605 -1.0205392837524412 0.023727662395685915 1.0123216807842257 1.090087026357651 -1.1224189996719358 0.23542753793299201 -0.055877291234588893 -0.73768702149391163 0.34441718459129339 -0.35091777145862574 0.28421554714441305 0.86792960762977611 -0.72815677523612965 -0.74338054656982411 -0.36063669621944422 1.2114459872245791 -0.36063669621944422 -0.71026927232742298 1.2073533535003664 -0.18533226102590558 0.12054699286818506 1.3481638431549074 1.2510103583335879 -0.1133584901690483 -0.70852947235107411 -1.0046545863151548
decision_type=2 2 2 2 2 2 2 2 2 2 2 2 2 2 2 2 2 2 2 2 2 2 2 2 2 2 2 2 2 2 2 2 2 2 2 2 2 2 2 2 2 2 2 2 2 2 2 2 2 2 2 2 2 2 2 2 2 2 2 2 2 2
left_child=48 2 26 9 8 6 -6 -7 15 11 12 13 -11 14 21 17 -17 27 19 -12 -21 23 41 -4 25 -25 38 58 29 30 32 51 42 34 35 -26 -35 -38 -2 -16 -13 -23 53 44 45 46 47 -20 49 50 -1 -32 -28 -29 -31 57 -57 -9 -5 60 -18 -62
right_child=1 -3 3 4 5 7 -8 55 -10 10 18 40 -14 -15 39 16 59 -19 43 20 -22 22 -24 24 33 -27 52 28 -30 54 31 -33 -34 36 -36 -37 37 -39 -40 -41 -42 -43 -44 -45 -46 -47 -48 -49 -50 -51 -52 -53 -54 -55 -56 56 -58 -59 -60 -61 61 -63
leaf_value=-0.0051282895830501102 -0.01577418456561426 -0.0013233776864264154 -0.013766108772722703 -0.0027462859258869446 -0.0094811231063403924 0.0042862413162212927 0.0034412185304247308 0.00085816644178085739 -0.0047620893083173219 -0.020016697037426822 0.003958804593555269 -0.0024466161968479103 0.0027797162878931509 -0.010517172955412817 0.0018951803315091229 0.010946389457482393 -0.0030687906445084757 -0.011810442762259331 -0.023855168944413991 0.036747647789984961 0.012401536101548214 -0.046696113830520997 -0.0030316234623578454 -0.010079596092274296 0.013200182903361245 0.004130202998957575 -0.0074309020487243159 0.0032558108538901058 -0.014687965247748786 0.0090094749434374184 0.0027612462130903095 -0.021023592079620401 0.014473803879459932 0.012153184210731433 -0.0039608854727964755 0.0014331585227134692 -0.019810231016950588 -0.0039663230778833221 0.0031605066504780347 -0.0023259337194976651 0.0060640258259653003 0.021427764855370429 -0.0053532961954509111 0.0043639614254115233 -0.0076726978460566995 0.0060490086884422041 0.014847815274970684 0.010070756779760512 -0.00055462158451883301 -0.006313355844861754 0.0067172261267731534 -0.029619179051921504 0.0087502569828883936 -0.0030993822755590373 0.10177813809365036 -0.010490633680696186 0.0014470007700359408 0.013247964713274536 -0.033053878249357578 -0.0021432674685570412 0.013812046763850526 0.0025421692795170648
leaf_weight=7539 2604 73147 2137 32642 7723 45210 11048 5184 17556 1604 12040 3011 1407 2999 98203 6023 5906 3012 866 546 5459 42 1519 6569 2825 2085 1361 17298 1644 4912 1450 1644 1644 552 4061 3945 1104 2816 694 12018 20607 1130 4459 23149 2894 4471 269 300 341775 12348 4928 194 1357 5733 20 4191 7459 1392 184 15029 2515 9496
leaf_count=7539 2604 73147 2137 32642 7723 45210 11048 5184 17556 1604 12040 3011 1407 2999 98203 6023 5906 3012 866 546 5459 42 1519 6569 2825 2085 1361 17298 1644 4912 1450 1644 1644 552 4061 3945 1104 2816 694 12018 20607 1130 4459 23149 2894 4471 269 300 341775 12348 4928 194 1357 5733 20 4191 7459 1392 184 15029 2515 9496
internal_value=-1.01661e-12 0.000534014 0.000844052 0.000941693 0.000150661 0.00180391 -0.00187545 0.00289264 -0.000883955 0.00171442 0.00376287 0.00105884 -0.00936424 0.000406844 0.000642526 -0.000285699 0.00191107 -0.00142961 0.00455348 0.00750503 0.0146152 -0.00239168 0.00655782 -0.00331461 -0.00238232 -0.00665604 -0.00617054 -0.000994282 0.000623438 0.00129731 6.6922e-05 -0.0110417 0.00132062 3.45075e-05 0.00247984 0.00634333 -0.00588799 -0.00842848 -0.0117897 0.00143493 0.00497903 0.0189865 0.000534009 0.00288642 -0.00100034 0.00226919 -0.00950752 -0.0151264 -0.0007449 -0.00336559 -0.000445952 -0.0010598 0.000647771 0.00167384 0.00938567 -0.000564203 -0.00284747 0.00348082 -0.00291617 0.000259282 0.00227457 0.00490198
internal_weight=877949 511359 438212 432196 213568 82207 18771 63436 131361 218628 53005 165623 3011 142005 139006 113805 38969 74836 49994 18045 6005 28785 2691 26094 23957 8654 6016 71824 38998 37354 32422 3288 29134 15303 10831 6770 4472 3920 3298 110221 23618 1172 27490 31949 8800 5906 1435 1166 366590 24815 12467 1644 2718 23031 4932 18226 11650 6576 32826 32946 17917 12011
internal_count=877949 511359 438212 432196 213568 82207 18771 63436 131361 218628 53005 165623 3011 142005 139006 113805 38969 74836 49994 18045 6005 28785 2691 26094 23957 8654 6016 71824 38998 37354 32422 3288 29134 15303 10831 6770 4472 3920 3298 110221 23618 1172 27490 31949 8800 5906 1435 1166 366590 24815 12467 1644 2718 23031 4932 18226 11650 6576 32826 32946 17917 12011
is_linear=0
shrinkage=0.05


Tree=93
num_leaves=63
num_cat=0
split_feature=11 0 6 13 14 9 16 7 6 10 5 19 6 15 5 5 18 4 17 18 22 5 9 22 2 0 8 3 13 3 2 11 3 0 9 18 4 0 22 18 15 0 6 3 3 3 3 3 6 9 14 3 3 3 0 12 8 3 0 0 3 3
split_gain=130.932 162.335 339.485 222.387 208.61 220.627 284.923 169.09 174.509 367.983 143.553 132.428 458.194 721.209 756.712 373.826 370.75 346.072 314.107 263.621 368.563 360.521 235.605 175.408 170.733 138.294 125.129 172.688 123.965 321.464 182.534 103.817 102.173 252.845 101.159 425.192 130.477 98.0977 95.3327 127.457 155.965 94.6298 93.2666 90.2316 109.918 157.041 174.174 1270.41 147.331 287.417 347.954 108.901 91.0314 89.9086 118.554 152.127 110.18 85.5792 87.733 121.761 144.161 94.502
threshold=-1.0109356343746183 -1.457001209259033 0.23542753793299201 1.3332802057266238 1.1890759468078616 0.30946898169349885 -0.11790292830298198 1.0000000180025095e-35 1.0000000180025095e-35 -0.79733012616634358 0.74835324287414562 -0.67850741744041432 1.0000000180025095e-35 -1.0164967775344846 -1.2493928074836729 1.2477897703647616 0.24309645593166354 1.1567137837409975 1.0000000180025095e-35 -0.21531934291124341 0.98886618018150341 -0.74995630979537953 0.30946898169349885 0.8857095241546632 1.1728230714797976 -1.5947703719139097 -0.53798767924308766 -0.75740474462509144 0.28357230126857763 -0.55416440963745106 1.0000000180025095e-35 0.61866869032382976 -0.72433647513389576 0.28421554714441305 1.244215786457062 0.87539541721344005 0.86792960762977611 -1.5947703719139097 1.7947488427162173 -0.53146880865097035 0.34317243844270712 -0.85266935825347889 1.0000000180025095e-35 5.9515886306762704 0.53020715713500988 -0.13727854937314984 0.12054699286818506 0.10062799602746965 1.4755097031593325 0.86191278696060192 1.440683960914612 -0.39430715143680567 -0.13127285987138745 0.25659510493278509 -1.1085263490676878 -0.68629828095436085 -0.53798767924308766 -0.66526141762733448 1.1629280447959902 -0.16613905131816861 -0.52729901671409596 0.65640461444854747
decision_type=2 2 2 2 2 2 2 2 2 2 2 2 2 2 2 2 2 2 2 2 2 2 2 2 2 2 2 2 2 2 2 2 2 2 2 2 2 2 2 2 2 2 2 2 2 2 2 2 2 2 2 2 2 2 2 2 2 2 2 2 2 2
left_child=28 2 3 4 11 7 -7 -6 -9 -10 26 12 -2 19 16 18 -15 23 24 21 -21 -14 -22 -17 25 -16 27 31 29 30 -1 -3 33 -29 -27 36 -36 -30 -12 40 -40 -31 -8 44 45 51 47 52 -49 -50 -51 -39 -47 -48 55 56 -55 -34 59 -59 -61 -62
right_child=1 10 -4 -5 5 6 42 8 9 -11 38 -13 13 14 15 17 -18 -19 -20 20 22 -23 -24 -25 -26 34 -28 32 37 41 -32 -33 57 -35 35 -37 -38 43 39 -41 -42 -43 -44 -45 -46 46 53 48 49 50 -52 -53 -54 54 -56 -57 -58 58 -60 60 61 -63
leaf_value=-0.013879409442619277 -0.0066320461441195973 -0.0011727050264365366 0.0037369281381111081 0.10112048011894029 -0.024497337399033023 0.1000898446320207 -0.01285739844616425 -0.015839040578478791 -0.078748869989067327 0.11703549187708025 -0.0011716308443356336 -0.0081214223125281558 0.13693297319114209 0.060979013576191704 0.032875160070185643 -0.069783900678157804 -0.10344070295492809 -0.093831884798904266 -0.067306718081235881 -0.060859814107418066 0.075783349072541265 -0.042480902081089365 -0.080876233987510204 0.084336688793264336 0.018382675391086171 0.10344233781734641 -0.00026748050896645574 0.019889884354477465 0.017054784038548241 -0.010704117145677851 0.0016261649421913536 -0.015321465008573558 -0.0018440169523725493 0.00072158335596453794 0.03049035370349884 0.11543037665111047 -0.12592049280802409 0.0013223827019468266 -0.019701846967606497 -0.010826029718574021 -0.14716300338506699 0.0018142387592294943 -0.06162282084184352 -0.014247380650517977 0.0052893419992465053 -0.015110413682835647 0.0059132982013153715 -0.070493951203521865 -0.059478857434862031 0.13383334982395173 -0.056713766248329828 0.0056485088751959105 0.00035552129280467761 -0.0051512157531558647 0.00052174935313664933 0.010257255668605664 -0.044895862243188325 0.0010182718123206902 -0.0005203663059097129 0.010509206627725018 0.0018147911280744838 0.0072684963499239329
leaf_weight=6476 6912 2880 11712 48 424 32 120 120 32 96 195807 17592 56 48 113 24 120 72 40 400 96 56 32 80 113 516 299388 2627 1087 1584 2685 2358 17988 4985 24 108 30 49792 60 803 40 32158 536 852 21797 1058 6754 744 246 50 46 20551 9446 279 6640 343 465 65618 31796 7847 32650 10497
leaf_count=6476 6912 2880 11712 48 424 32 120 120 32 96 195807 17592 56 48 113 24 120 72 40 400 96 56 32 80 113 516 299388 2627 1087 1584 2685 2358 17988 4985 24 108 30 49792 60 803 40 32158 536 852 21797 1058 6754 744 246 50 46 20551 9446 279 6640 343 465 65618 31796 7847 32650 10497
internal_value=-1.71826e-12 -0.00029161 -0.003405 -0.00640953 -0.00659525 -0.0256926 -0.0455957 -0.00531564 0.0274789 0.0680894 -0.000109272 -0.00561263 -0.00062003 0.0209334 0.04249 0.057333 -0.0564636 -0.0095669 0.0698059 -0.0224491 -0.0372287 0.047226 0.0366185 0.0487704 0.0758728 0.0840857 0.000358059 0.00140287 0.00127855 -0.0010286 -0.00933488 -0.00754208 0.00167214 0.00733681 0.0926208 0.0581521 -0.0564046 0.00210238 -0.00124638 -0.0174551 -0.0706863 0.00122657 -0.0527023 0.00196587 0.00208272 0.00135778 -0.00195688 -0.00652502 -0.0580078 -0.0308449 0.0425295 0.00258628 -0.00120226 0.00169928 -0.0019841 -0.0172912 -0.0299916 0.001413 0.00180777 0.00244257 0.00427533 0.00314159
internal_weight=877949 714896 39552 27840 27792 1360 688 672 248 128 675344 26432 8840 1928 1288 1120 168 176 944 640 528 112 128 104 904 791 478634 179246 163053 42903 9161 5238 174008 7612 678 162 54 120150 196710 903 100 33742 656 119063 118211 96414 26071 11590 1086 342 96 70343 10504 14481 7727 1087 744 166396 148408 116612 50994 43147
internal_count=877949 714896 39552 27840 27792 1360 688 672 248 128 675344 26432 8840 1928 1288 1120 168 176 944 640 528 112 128 104 904 791 478634 179246 163053 42903 9161 5238 174008 7612 678 162 54 120150 196710 903 100 33742 656 119063 118211 96414 26071 11590 1086 342 96 70343 10504 14481 7727 1087 744 166396 148408 116612 50994 43147
is_linear=0
shrinkage=0.05


Tree=94
num_leaves=63
num_cat=0
split_feature=4 4 9 11 0 6 22 13 19 6 15 6 16 15 15 4 14 19 4 19 0 0 18 0 13 0 3 3 0 0 0 0 12 18 14 15 14 14 10 3 16 22 0 6 3 6 6 19 19 0 18 14 15 18 18 5 18 19 14 22 19 19
split_gain=123.03 106.96 95.9129 71.5212 80.4451 161.13 210.647 253.794 121.918 271.487 697.408 247.983 354.856 291.073 182.029 354.411 118.547 86.381 89.8866 85.2292 66.5722 86.28 66.1702 66.1576 214.374 67.9394 65.4336 78.6167 150.29 61.7207 66.6686 97.269 180.056 296.664 262.626 228.323 155.934 184.804 338.127 152.994 152.154 141.329 202.791 293.611 137.08 135.77 136.908 524.305 373.378 273.426 267.01 307.027 302.265 186.179 341.483 209.555 613.787 287.199 277.222 210.729 314.155 173.834
threshold=-0.28720723092555994 1.5898901224136355 0.30946898169349885 -1.7672376632690427 -1.4130077362060545 0.23542753793299201 1.3157574534416201 1.2259767055511477 -0.4917218536138534 1.0000000180025095e-35 -1.0164967775344846 1.0000000180025095e-35 -0.11790292830298198 -0.22701143473386762 0.21159155666828158 0.57914540171623241 0.91280031204223644 -0.7719002068042754 1.445498049259186 -0.58511462807655323 1.1698743700981142 1.0737832784652712 0.57505440711975109 1.0587329268455508 -0.5561939775943755 1.0610483288764956 -0.72815677523612965 -0.74338054656982411 -0.36063669621944422 1.0529443025588991 0.99505805969238292 0.32473587989807134 -1.0295194983482359 0.1798675283789635 1.1890759468078616 -0.66561439633369435 1.440683960914612 1.3962825536727907 -0.79733012616634358 0.65640461444854747 0.55972985923290264 0.63909837603569042 -1.3655410408973692 -1.0000000180025095e-35 0.49141664803028112 1.0000000180025095e-35 0.23542753793299201 1.0025628209114077 -1.0520786046981809 -0.92676365375518788 0.037596394307911403 1.0213370919227602 0.80370557308197033 -0.29435671865940088 -0.38920252025127405 1.0000000180025095e-35 0.21147957444190982 0.21806337684392932 0.80426350235939037 1.1624757647514345 0.34881326556205755 -0.67850741744041432
decision_type=2 2 2 2 2 2 2 2 2 2 2 2 2 2 2 2 2 2 2 2 2 2 2 2 2 2 2 2 2 2 2 2 2 2 2 2 2 2 2 2 2 2 2 2 2 2 2 2 2 2 2 2 2 2 2 2 2 2 2 2 2 2
left_child=26 2 20 -4 5 6 7 8 9 -5 -11 -10 13 -13 15 16 -12 18 -16 -18 21 23 -19 29 25 -25 27 28 -1 30 31 41 33 34 -33 -36 37 -37 -39 -34 44 42 43 -2 -40 -43 47 48 49 -47 -49 52 -52 54 -50 56 57 58 -55 60 61 -57
right_child=1 -3 3 4 -6 -7 -8 -9 11 10 14 12 -14 -15 17 -17 19 22 -20 -21 -22 -23 -24 24 -26 -27 -28 -29 -30 -31 -32 32 39 -35 35 36 -38 38 40 -41 -42 45 -44 -45 -46 46 -48 50 53 -51 51 -53 -54 55 -56 59 -58 -59 -60 -61 -62 -63
leaf_value=-0.0048157828031518326 -0.0054386130820982962 -0.0021043276326550265 0.0052242658589326148 -0.0061795186138977236 0.0015683932078631186 0.0043520010133635467 -0.051234478267052998 0.089297053803290644 -0.0062366371881619441 -0.071372468207891171 0.092607110776007182 0.095272475185338421 -0.056015349683367605 -0.032683976441621784 0.074530786253744749 -0.092535818874835973 0.078265911228954793 0.031375911831855778 -0.039330593198537829 -0.054986073176066089 0.0017563416428833013 -0.0055529002305776858 0.13024526289918206 -0.017863570953213011 0.017116248111289891 0.0030186688950595893 -0.00051905957179869129 -0.0060059782019078979 0.0064127805992106384 -0.0092467820231151698 0.0040010005855794471 0.001599437399375998 -0.0027366675508958293 0.0024388691213930286 -0.002500885748104338 -0.032098078363140881 -0.0012377713561290875 0.017753109913901426 -0.080924251892829091 0.0069404978511052309 -0.01755456306649229 -0.0078643262894861916 -0.00017131222008974443 -0.039366770095737892 -0.14600355139893034 0.074917730293547119 0.0022590451566215516 0.09651435939203791 0.0032957700893147266 -0.00090065107676129657 -0.023262994128668533 0.099300110476234785 0.15732397775237378 0.15158200722474319 0.1094563161548559 0.043524379684039723 -0.08205539642666014 0.1225581642240286 -0.019122615702033854 0.020514472734727951 -0.081118428874118576 -0.011641443710021451
leaf_weight=7539 7608 36573 12286 2290 176746 5200 260 70 3930 130 100 80 590 100 130 50 20 20 20 30 49130 7488 110 779 2076 779 341775 12348 4928 1872 9344 802 27103 2120 480 717 200 90 273 4809 65 2996 107045 696 115 300 41859 238 303 197 213 104 26 26 101 171 312 52 279 845 145 866
leaf_count=7539 7608 36573 12286 2290 176746 5200 260 70 3930 130 100 80 590 100 130 50 20 20 20 30 49130 7488 110 779 2076 779 341775 12348 4928 1872 9344 802 27103 2120 480 717 200 90 273 4809 65 2996 107045 696 115 300 41859 238 303 197 213 104 26 26 101 171 312 52 279 845 145 866
internal_value=-1.41557e-12 0.00050115 0.000701851 0.00152711 0.00128789 -0.00248807 -0.00697337 -0.00547299 -0.00634587 0.00171622 0.0313576 -0.0113203 -0.0372671 0.0241856 0.0591803 0.0227483 0.0611763 0.0852032 0.0593493 -0.00168528 8.9885e-05 -0.000276447 0.115035 -9.35351e-05 0.0065958 -0.00742245 -0.000699057 -0.00317815 -0.000377316 -0.000208 -0.000127617 -0.000319397 -0.00264399 -0.0116074 -0.0224674 -0.0324166 -0.042252 -0.0487622 -0.0707661 -0.00127836 -0.0883527 0.00020064 -0.000755224 -0.0082823 -0.100213 0.00244929 0.00312048 0.0117511 0.00463247 0.044865 0.0558228 0.0275878 -0.00361755 -0.00181771 0.0298359 -0.00656105 -0.0308256 0.0139466 -0.00457075 0.00144733 -0.0121836 -0.00254467
internal_weight=877949 511359 474786 202162 189876 13130 7930 7670 7600 2900 610 4700 770 180 480 200 150 280 150 50 272624 223494 130 216006 3634 1558 366590 24815 12467 212372 210500 201156 36774 4862 2742 1940 1460 1260 543 31912 453 164382 115349 8304 388 49033 46037 4178 3597 497 581 343 239 3100 404 2696 669 357 305 2027 1182 1037
internal_count=877949 511359 474786 202162 189876 13130 7930 7670 7600 2900 610 4700 770 180 480 200 150 280 150 50 272624 223494 130 216006 3634 1558 366590 24815 12467 212372 210500 201156 36774 4862 2742 1940 1460 1260 543 31912 453 164382 115349 8304 388 49033 46037 4178 3597 497 581 343 239 3100 404 2696 669 357 305 2027 1182 1037
is_linear=0
shrinkage=0.05


Tree=95
num_leaves=63
num_cat=0
split_feature=3 3 6 3 0 5 8 0 3 0 3 22 15 14 3 11 2 0 0 5 0 3 22 22 0 6 22 6 19 19 18 18 4 0 6 18 13 5 0 6 14 13 18 6 13 0 2 3 3 0 3 6 13 19 18 0 6 13 0 13 0 0
split_gain=115.334 169.913 113.373 108 99.3359 95.1474 117.038 119.622 115.377 106.996 101.336 99.8068 99.1229 98.14 88.7796 87.1839 86.6339 72.0496 167.863 133.094 167.941 134.499 123.342 110.972 281.716 101.721 69.0286 274.024 486.728 190.735 185.321 291.487 327.847 177.961 334.105 462.045 296.81 172.337 161.97 308.102 148.092 160.971 225.997 126.078 125.726 99.8429 96.7998 103.021 97.4489 115.145 91.0606 81.7462 75.4733 129.942 86.7059 152.649 280.559 95.3421 202.622 71.9098 70.6142 314.566
threshold=-0.67935135960578907 -0.68651545047759999 1.4755097031593325 -0.69954967498779286 1.7035850882530215 0.74835324287414562 -1.0000000180025095e-35 1.1629280447959902 -0.25424566864967341 1.1258808970451357 2.7999460697174077 1.8773770928382876 0.21159155666828158 1.1298739910125735 1.9536987543106081 1.0000000180025095e-35 0.88939985632896434 0.28421554714441305 0.32473587989807134 -1.2493928074836729 0.33631311357021337 -0.73645466566085804 1.0000000180025095e-35 -1.2259613275527952 -0.39305296540260309 0.6487882286310197 0.90637847781181347 0.23542753793299201 0.72238448262214672 -0.7719002068042754 -0.073053032159805284 0.19567114114761355 0.86792960762977611 -1.3655410408973692 1.0000000180025095e-35 -0.64212310314178456 0.86207795143127453 1.2477897703647616 0.11866103112697603 1.0000000180025095e-35 1.0213370919227602 0.33955676853656774 -0.057244595140218728 1.0000000180025095e-35 1.3332802057266238 0.3965147733688355 0.6059766709804536 -0.56470516324043263 -0.64683356881141651 -1.0205392837524412 1.9536987543106081 -0.59129387140274037 0.52617144584655773 0.16202769801020625 0.021792780142277483 0.22517164051532748 1.0000000180025095e-35 1.123338580131531 0.11866103112697603 0.37687966227531439 0.41966924071311956 0.92791008949279796
decision_type=2 2 2 2 2 2 2 2 2 2 2 2 2 2 2 2 2 2 2 2 2 2 2 2 2 2 2 2 2 2 2 2 2 2 2 2 2 2 2 2 2 2 2 2 2 2 2 2 2 2 2 2 2 2 2 2 2 2 2 2 2 2
left_child=1 3 4 17 5 6 7 9 -9 10 14 -10 -13 -12 -2 -3 -5 23 25 20 -20 -21 -23 24 -1 -19 33 28 29 38 43 32 -32 34 -7 -36 40 45 39 -28 -37 -42 -43 -30 52 -33 47 48 51 -50 -45 -35 53 -31 55 56 -54 -56 -59 -44 -29 -62
right_child=2 15 -4 16 -6 26 -8 8 11 -11 13 12 -14 -15 -16 -17 -18 18 19 21 -22 22 -24 -25 -26 -27 27 60 30 44 31 37 -34 46 35 36 -38 -39 -40 -41 41 42 59 50 -46 -47 -48 -49 49 -51 -52 -53 54 -55 57 -57 -58 58 -60 -61 61 -63
leaf_value=0.014977758150766247 0.0014143615969850493 -0.0013790859063219586 0.0026601992099697788 -0.0028499860783491888 0.0044902804071747836 -0.0044302780071072221 -0.00045948262377637679 -0.0057229033932429752 0.0002519637608217099 0.012594152598153897 0.010100626412277512 -0.0034076621135075893 -0.13546175229604598 -0.0074476382111431025 -0.0086913853377042546 -0.0086944141899454042 0.0040775904447339622 0.012376082071554877 -0.029397293270185833 -0.0070138720184619576 -0.0042696462018680754 -0.0042084491675539893 0.0047739260352145027 -0.0031151801887922201 -0.0038071768191765953 -0.0023849604200617768 -0.011037680457899997 0.001135217080357907 -0.00648860944321231 0.0072358722899724462 -0.099366727680899214 0.10118325216161622 0.085432349911166564 0.013634024166282982 0.1262345383113081 -0.036136631484048956 -0.09110243571075527 -0.041586406345507414 0.0018233317086770635 0.072191091456458717 -0.068053735657171766 -0.050146564976735558 0.12364836755124005 0.11151858660578728 0.11404650382852805 0.0058580560972640184 -0.0027960094053076003 0.00049248654629475291 0.0057913509160530292 -0.010054635115932813 0.028877536645159126 -0.0036823315111427371 -0.013012398533234593 0.084908452497329576 -0.0022430365930108452 0.0018771708867235716 -0.10333553596961598 0.11669189393520357 0.0028396192380158165 0.030286999408042792 -0.012527641600626943 0.0040674735631613867
leaf_weight=3117 201329 6532 45819 6015 12602 7755 221630 10659 38513 2197 5633 30 27 928 2197 10819 18073 4175 840 4955 3191 5322 13558 58215 5549 1620 165 21363 33 525 72 143 36 1151 44 759 220 33 379 341 44 44 55 200 24 34 48691 88484 1378 6822 40 1671 297 60 1238 495 121 55 135 33 5386 6078
leaf_count=3117 201329 6532 45819 6015 12602 7755 221630 10659 38513 2197 5633 30 27 928 2197 10819 18073 4175 840 4955 3191 5322 13558 58215 5549 1620 165 21363 33 525 72 143 36 1151 44 759 220 33 379 341 44 44 55 200 24 34 48691 88484 1378 6822 40 1671 297 60 1238 495 121 55 135 33 5386 6078
internal_value=-6.70598e-13 -0.00130475 0.000251709 -0.000659366 9.18095e-05 1.00003e-05 0.000385849 0.00110226 -0.00111837 0.00161723 0.00150244 0.000154114 -0.0659596 0.00761857 0.00130527 -0.00594047 0.00234771 -0.00137981 0.000506881 -0.00110329 -0.00950587 0.000317759 0.00224192 -0.00232937 0.00294942 0.00824961 -0.000924079 0.00101105 0.0126897 0.00618067 0.054927 0.0289849 -0.037767 -0.00138281 -0.00822799 -0.0327912 -0.0388493 0.0633144 0.026539 0.0450513 -0.0265544 0.0147689 0.0423764 0.0851454 7.31854e-05 0.0828722 -0.000969223 -7.53269e-05 -0.0046337 -0.00739174 0.0977451 0.00338043 -0.000861661 0.0152023 -0.00487593 -0.0169103 -0.0391586 0.00281829 0.0357969 0.0886379 -0.000563564 -0.00372922
internal_weight=877949 141981 735968 124630 690149 677547 483143 261513 49229 212284 210087 38570 57 6561 203526 17351 24088 100542 33661 27866 4031 23835 18880 66881 8666 5795 194404 37253 4426 3835 591 318 108 157151 8954 1199 1155 210 885 506 935 176 132 273 2950 177 148197 99506 11022 8200 240 2822 2926 585 2341 913 418 1428 190 88 32827 11464
internal_count=877949 141981 735968 124630 690149 677547 483143 261513 49229 212284 210087 38570 57 6561 203526 17351 24088 100542 33661 27866 4031 23835 18880 66881 8666 5795 194404 37253 4426 3835 591 318 108 157151 8954 1199 1155 210 885 506 935 176 132 273 2950 177 148197 99506 11022 8200 240 2822 2926 585 2341 913 418 1428 190 88 32827 11464
is_linear=0
shrinkage=0.05


Tree=96
num_leaves=63
num_cat=0
split_feature=4 4 3 6 0 6 13 22 0 3 3 3 4 2 9 0 3 3 3 3 19 6 15 18 5 5 5 16 4 14 14 19 22 6 22 15 18 10 22 5 9 18 9 7 22 9 18 22 18 22 15 18 6 10 13 5 18 2 16 0 5 0
split_gain=109.579 99.4873 82.1723 81.1243 80.4863 204.92 219.65 160.279 130.777 90.2848 104.47 77.5885 76.7407 73.8152 68.394 66.3091 63.7539 62.501 62.5852 82.0795 61.6812 205.829 270.552 354.812 333.02 321.822 273.194 160.666 122.329 130.694 101.72 100.81 281.627 168.661 304.633 431.64 186.748 296.457 182.911 200.628 167.981 207.837 144.766 120.927 170.604 114.187 94.8976 85.8307 88.6785 76.6471 124.323 107.016 157.122 232.925 78.9753 76.9585 74.2552 68.3304 65.8271 60.932 60.0915 59.9899
threshold=-0.14281512796878812 1.445498049259186 -0.76847952604293812 0.23542753793299201 -1.4130077362060545 0.23542753793299201 1.3332802057266238 1.4189848899841311 -1.5947703719139097 0.77002382278442394 0.69440227746963512 0.61896148324012767 1.0123216807842257 1.1728230714797976 0.30946898169349885 -0.36063669621944422 0.81717792153358471 -0.67935135960578907 -0.69208568334579457 -0.69954967498779286 -0.58511462807655323 1.0000000180025095e-35 1.0000000180025095e-35 0.3853627890348435 -1.2493928074836729 1.2477897703647616 1.0000000180025095e-35 -0.11790292830298198 0.14596907794475558 1.0805390477180483 0.64639165997505199 1.0025628209114077 1.1496823430061343 1.0000000180025095e-35 1.1788991093635561 1.0000000180025095e-35 -0.088861472904682146 1.0000000180025095e-35 0.96242228150367748 1.2477897703647616 1.244215786457062 0.54343754053115856 1.244215786457062 -1.1138049960136411 1.2114459872245791 0.86191278696060192 0.11663376912474634 0.82265746593475353 0.90700748562812816 0.67856144905090343 1.7028416991233828 0.33794228732585913 1.0000000180025095e-35 -0.79733012616634358 1.0673541426658633 1.0000000180025095e-35 1.1757364869117739 1.1728230714797976 -0.50098438560962666 -1.4384776353836057 0.74835324287414562 0.28421554714441305
decision_type=2 2 2 2 2 2 2 2 2 2 2 2 2 2 2 2 2 2 2 2 2 2 2 2 2 2 2 2 2 2 2 2 2 2 2 2 2 2 2 2 2 2 2 2 2 2 2 2 2 2 2 2 2 2 2 2 2 2 2 2 2 2
left_child=17 2 3 12 5 6 7 20 -7 10 11 14 -2 59 -6 -5 -11 18 19 61 21 -4 23 26 -24 57 -23 30 29 -28 -25 33 49 -22 36 40 37 -35 -39 -40 41 -36 -34 44 -37 -46 -27 48 -29 -33 51 52 -51 54 -54 -53 58 -26 -38 -10 -60 -1
right_child=1 -3 4 15 9 8 -8 -9 13 16 -12 -13 -14 -15 -16 -17 -18 -19 -20 -21 31 22 24 27 25 46 28 47 -30 -31 -32 32 42 34 35 43 56 38 39 -41 -42 -43 -44 -45 45 -47 -48 -49 -50 50 -52 55 53 -55 -56 -57 -58 -59 60 -61 -62 -63
leaf_value=-0.0034391943671153637 -0.015193071600648832 -0.0011812826763004257 -0.0057479396484500771 -0.0065984110570791819 0.00015176910622532493 0.019227916352889854 0.090107648906608426 -0.051387160608642984 0.004587077622484669 0.007144046689275309 -0.006302189267019212 0.0056968392338928872 0.0022500687718150802 -0.010283813936001659 0.0016566017186846974 0.010253279865172632 0.0023018883911813262 -0.00033289281973551747 -0.0055177781805683945 0.003242622063747252 -0.0068088078331354209 0.10748169664293528 -0.062759542241692542 -0.030678785264492039 0.08713137201137014 -0.11174603978792826 -0.024455035105347633 -0.059735082924366002 -0.11855830103158951 0.10336040782431762 0.070177787404507405 -0.0070920414030376999 0.073600856957628455 -0.042216415285531966 0.10772593053323883 -0.091989234685897828 -0.011555045747331211 0.13725887924432753 -0.047076389174908403 0.097487668283283715 -0.067508541196584712 -0.064584655761718748 -0.068612522333860393 -0.072783934568816974 0.12302024294932684 -0.014933236340681715 0.028860951066017149 -0.075728733451927419 0.040146476682275535 -0.0055382462931101197 0.11233106364806494 -0.0062913090809756378 0.050310828685760506 0.10552050188183784 -0.07795912822087607 -0.087278707772493358 0.040270714014768602 0.014520025041161311 -0.05418333449262254 -0.0076320257800019005 -0.091502193042210175 0.0003808319173606558
leaf_weight=30690 2312 73147 4070 1166 177391 1166 60 190 8162 8277 5087 8280 867 1166 131463 1169 38038 337994 10712 8294 5440 100 60 50 324 30 60 50 20 30 50 2920 170 280 140 30 70 40 60 40 20 20 20 110 30 30 20 170 40 210 30 110 20 100 30 40 20 36 470 1166 140 15452
leaf_count=30690 2312 73147 4070 1166 177391 1166 60 190 8162 8277 5087 8280 867 1166 131463 1169 38038 337994 10712 8294 5440 100 60 50 324 30 60 50 20 30 50 2920 170 280 140 30 70 40 60 40 20 20 20 110 30 30 20 170 40 210 30 110 20 100 30 40 20 36 470 1166 140 15452
internal_value=-1.11535e-12 0.000514719 0.000823581 -0.00523816 0.000907955 -0.00169586 -0.00537883 -0.00573938 0.00334216 0.00110303 0.000806325 0.00092035 -0.0104359 0.00157708 0.000792298 0.00183826 0.00316724 -0.000606219 -0.00202426 -0.0013368 -0.00518696 -0.000675319 0.0191762 -0.00398126 0.0472607 0.0633613 0.0476691 -0.0341106 -0.00670596 0.0181501 0.0197495 -0.00736396 -0.000637168 -0.0109018 -0.0257458 0.0129381 -0.0388707 -0.0125127 0.0468948 0.0107492 0.0691098 0.0861871 0.058631 -0.0376165 0.00536592 0.0540435 -0.0555032 -0.0548261 -0.0153433 -0.00389178 0.0134133 0.00759464 0.0223791 0.0614633 -0.0266511 -0.0278879 -0.0546856 0.0798702 -0.0574784 0.00305969 -0.0627483 -0.00215995
internal_weight=877949 474807 401660 5514 396146 27610 15950 15890 11660 368536 322221 317134 3179 10494 308854 2335 46315 403142 65148 54436 15700 5110 1040 570 470 410 210 360 110 90 100 10590 3650 6940 1500 380 1120 420 140 100 180 160 190 200 90 60 50 260 90 3460 540 510 360 150 50 150 700 360 680 9328 610 46142
internal_count=877949 474807 401660 5514 396146 27610 15950 15890 11660 368536 322221 317134 3179 10494 308854 2335 46315 403142 65148 54436 15700 5110 1040 570 470 410 210 360 110 90 100 10590 3650 6940 1500 380 1120 420 140 100 180 160 190 200 90 60 50 260 90 3460 540 510 360 150 50 150 700 360 680 9328 610 46142
is_linear=0
shrinkage=0.05


Tree=97
num_leaves=63
num_cat=0
split_feature=11 0 6 0 0 0 3 22 0 3 6 9 14 0 2 22 3 2 3 3 3 13 3 0 0 0 0 6 3 8 8 3 0 6 0 0 3 0 0 15 0 0 3 2 17 3 11 0 10 14 0 18 14 22 0 0 15 22 3 3 0 0
split_gain=104.642 131.376 127.41 114.013 233.046 1213.08 160.227 316.652 134.315 196.256 130.77 258.326 314.123 130.624 105.936 142.842 157.593 206.167 127.277 192.353 126.586 310.272 210.626 186.983 121.092 131.249 130.466 129.734 154.462 215.775 193.947 130.942 127.217 274.185 119.572 243.515 170.873 115.677 115.339 108.251 142.206 356.587 110.08 103.311 96.3526 95.2985 95.1292 92.8908 96.8856 115.988 103.943 101.779 266.286 185.116 223.721 295.023 147.559 91.8555 97.171 90.1859 89.4075 153.729
threshold=-1.0109356343746183 -1.5449882149696348 0.23542753793299201 -0.28654234111309046 0.75193604826927196 0.69404986500740062 -0.53503412008285511 0.59218090772628795 1.0737832784652712 1.333412289619446 1.4755097031593325 0.86191278696060192 1.440683960914612 1.5415037870407107 -0.24429284036159513 -0.907049000263214 1.333412289619446 1.1728230714797976 -0.19826379418373105 -0.31494747102260584 0.17546492815017703 -0.5561939775943755 0.61896148324012767 -0.18582036346197126 -1.0703214406967161 -0.95802223682403553 0.45671640336513525 0.6487882286310197 -0.75740474462509144 1.0000000180025095e-35 -0.18441987375263122 -0.73797869682312001 -1.0564287304878233 1.0000000180025095e-35 0.20433260500431064 -0.68595710396766651 1.0011113286018374 1.6665380001068117 -0.15108864009380338 2.7774192094802861 1.1629280447959902 1.2763850092887881 0.13999358564615252 -0.24429284036159513 -0.055877291234588893 -0.18533226102590558 0.61866869032382976 1.4488858580589297 -0.79733012616634358 1.440683960914612 1.1698743700981142 0.51182064414024364 0.64639165997505199 0.65509095788002025 1.318063020706177 1.3782647252082827 0.34317243844270712 1.5390376448631289 3.4478085041046147 0.1900519281625748 1.4488858580589297 1.7035850882530215
decision_type=2 2 2 2 2 2 2 2 2 2 2 2 2 2 2 2 2 2 2 2 2 2 2 2 2 2 2 2 2 2 2 2 2 2 2 2 2 2 2 2 2 2 2 2 2 2 2 2 2 2 2 2 2 2 2 2 2 2 2 2 2 2
left_child=3 2 -2 43 5 6 7 -5 9 45 -7 -12 -13 47 18 16 -16 -18 19 24 21 39 23 -22 -3 32 27 28 30 -30 -27 -31 33 -26 35 36 -24 -28 -33 40 -20 -42 -41 -1 -45 -6 -21 48 49 51 -50 -10 -53 54 -54 -56 -55 58 -36 -47 -17 -62
right_child=1 14 -4 4 8 10 -8 -9 13 -11 11 12 -14 -15 15 60 17 -19 20 46 22 -23 34 -25 25 26 37 -29 29 31 -32 38 -34 -35 57 -37 -38 -39 -40 42 41 -43 -44 44 -46 59 -48 -49 50 -51 -52 52 53 56 55 -57 -58 -59 -60 -61 61 -63
leaf_value=0.0044199848132441526 -0.006882288127170913 0.0043177311241226054 0.0019083648062996617 -0.016124660915239421 0.010638909184914145 -0.066798056265519518 0.00080620465467851109 0.00017733675883489528 -0.00072058833132273268 0.026928802783989327 -0.056590048072299337 0.12687001097202302 -0.054176969826221472 0.0041573783297171032 0.00133581934835947 -0.0011005680600679804 -0.018611925953779637 0.0030463954829828225 0.0029184233579663005 -0.0023395270453585074 0.00014047175452343638 0.0057864122655795318 0.0074216933955291668 -0.0069646980295436436 0.012246129644421309 -0.0084166898387416905 -0.006342703951812332 -0.0033475815225622648 0.0054283684730851885 0.012368538365609286 0.0023818603444880036 0.0022151425446666688 -0.0081587395714771242 -0.011443769635319205 0.0060190561991534256 -0.0068425904668162384 -0.0018779271035118225 8.7631714950594809e-05 -0.0041565121210621761 -0.0029918713977769911 -0.014317224434550311 0.0054101795697303187 -0.034953184079512513 0.0015074416099251278 -0.0074184896933378432 -0.0033486115988500516 -0.010400483963960044 -0.0084840975674404639 -0.0059254438238575853 -0.040841924023774012 0.0044343687236835534 -0.0022009942273266306 -0.022635847057972572 0.0079934450813611471 -0.205301371938549 -0.019363159292606725 -0.13964949660003187 -0.0057647474142073531 0.00088313117357480947 0.007760312485149733 -0.0067939326117555715 0.0036607844835220347
leaf_weight=38030 13920 14826 5856 4830 4325 744 25832 7772 3766 1087 246 50 46 16043 91030 233235 2318 2089 11556 8184 24688 40953 9874 14817 2735 7678 13112 14880 35932 1913 9070 13469 9882 2207 26732 9886 9884 14989 15026 619 5068 4180 477 30590 3355 4348 6621 4167 3168 230 10271 712 64 110 64 32 20 2426 14050 3151 16225 4489
leaf_count=38030 13920 14826 5856 4830 4325 744 25832 7772 3766 1087 246 50 46 16043 91030 233235 2318 2089 11556 8184 24688 40953 9874 14817 2735 7678 13112 14880 35932 1913 9070 13469 9882 2207 26732 9886 9884 14989 15026 619 5068 4180 477 30590 3355 4348 6621 4167 3168 230 10271 712 64 110 64 32 20 2426 14050 3151 16225 4489
internal_value=7.65895e-13 -0.000260694 -0.00427923 0.001143 -3.23488e-05 -0.00292119 -0.00144866 -0.00607077 0.00218199 0.00659731 -0.0550346 -0.0294438 0.0401183 0.000706947 -0.000146368 -0.000760386 0.000888765 -0.00834548 0.000474136 -0.000498301 0.00142056 0.00321745 0.000415378 -0.00252444 1.94968e-05 -0.000432801 9.05e-05 0.000951956 0.00172195 0.00280514 -0.00256866 -0.000294626 -0.00488316 0.00166669 0.00200954 -0.000436023 0.00276953 -0.00291278 -0.00114476 -0.00158651 -0.00077965 -0.00540064 -0.016902 0.0026303 0.000625235 0.0047282 -0.0059445 -0.00174197 -0.000218159 -0.00616162 0.00199223 -0.00448871 -0.0186511 -0.059039 -0.0950475 -0.143322 -0.0147209 0.00368738 0.00424965 0.00131924 -0.00138016 -0.00452826
internal_weight=877949 714896 19776 163053 91078 39520 38434 12602 51558 12911 1086 342 96 38647 695120 349386 95437 4407 345734 170524 175210 62853 112357 39505 155719 140893 126069 97968 83088 66340 16748 30408 14824 4942 72852 29644 19758 28101 28495 21900 20804 9248 1096 71975 33945 11824 14805 22604 18437 4998 13439 4768 1002 290 160 96 130 43208 40782 7499 253949 20714
internal_count=877949 714896 19776 163053 91078 39520 38434 12602 51558 12911 1086 342 96 38647 695120 349386 95437 4407 345734 170524 175210 62853 112357 39505 155719 140893 126069 97968 83088 66340 16748 30408 14824 4942 72852 29644 19758 28101 28495 21900 20804 9248 1096 71975 33945 11824 14805 22604 18437 4998 13439 4768 1002 290 160 96 130 43208 40782 7499 253949 20714
is_linear=0
shrinkage=0.05


Tree=98
num_leaves=63
num_cat=0
split_feature=9 8 3 0 0 14 6 11 3 0 0 6 3 3 17 3 0 3 3 3 19 22 11 6 0 14 13 16 19 5 19 18 19 0 6 18 22 18 18 22 22 8 13 14 22 19 0 0 12 14 18 0 6 15 22 16 8 5 18 3 17 3
split_gain=103.084 139.639 130.076 97.0996 137.723 111.512 122.827 95.4715 88.4475 166.086 141.769 166.489 85.9139 92.6679 94.7968 130.662 106.081 84.6896 142.748 80.5106 78.5023 71.2103 155.605 184.461 540.696 404.658 319.913 613.318 306.387 220.363 334.588 205.983 466.033 148.282 373.127 341.859 176.743 139.481 308.39 215.918 96.7252 82.2609 89.9502 77.5888 77.258 194.559 73.5423 275.766 224.008 201.01 348.115 196.333 169.112 157.098 160.166 133.975 199.647 149.617 121.159 74.3659 70.1717 73.7882
threshold=-0.85614114999771107 -0.53798767924308766 -0.75740474462509144 -1.1224189996719358 -1.1085263490676878 1.2630783319473269 0.23542753793299201 0.61866869032382976 -0.72433647513389576 0.28421554714441305 -1.1640971302986143 0.23542753793299201 0.89552295207977306 0.69440227746963512 -0.055877291234588893 -0.55416440963745106 1.2567036747932436 -0.72815677523612965 -0.73334911465644825 3.4478085041046147 -0.67850741744041432 0.80309319496154796 0.61866869032382976 1.0000000180025095e-35 -0.92676365375518788 1.0805390477180483 1.123338580131531 -0.11790292830298198 -1.0520786046981809 1.2477897703647616 0.72238448262214672 0.085021711885929122 0.8157772719860078 -1.3655410408973692 1.0000000180025095e-35 -0.64212310314178456 0.48546420037746435 0.19567114114761355 0.13244220614433291 0.91351509094238292 0.84919226169586193 -1.3915759325027464 1.123338580131531 0.69572657346725475 1.1496823430061343 1.0025628209114077 0.36757166683673864 0.92791008949279796 -1.0295194983482359 1.3321472406387331 -0.19951572269201276 0.69404986500740062 1.0621489584445956 -0.22701143473386762 1.5892293453216555 -0.11790292830298198 -0.85498791933059681 1.2477897703647616 0.053404832258820541 0.49141664803028112 1.0000000180025095e-35 -0.71073538064956654
decision_type=2 2 2 2 2 2 2 2 2 2 2 2 2 2 2 2 2 2 2 2 2 2 2 2 2 2 2 2 2 2 2 2 2 2 2 2 2 2 2 2 2 2 2 2 2 2 2 2 2 2 2 2 2 2 2 2 2 2 2 2 2 2
left_child=17 2 7 5 -5 20 -7 -2 9 10 11 -4 13 14 16 60 -6 18 -1 -14 -3 33 46 -24 25 26 27 29 -29 30 -25 32 -28 34 -19 -36 -37 38 39 -27 -32 -41 -43 -34 -30 -46 -23 48 49 -48 53 -50 -53 54 -51 56 -52 58 -58 -55 61 -16
right_child=1 3 8 4 12 6 -8 -9 -10 -11 -12 -13 19 -15 15 -17 -18 21 -20 -21 -22 22 23 24 -26 37 31 28 44 -31 40 -33 43 -35 35 36 -38 -39 -40 41 -42 42 -44 -45 45 -47 47 -49 51 50 55 52 -54 59 -56 -57 57 -59 -60 -61 -62 -63
leaf_value=-0.0027214428354011659 -0.0010707925228350588 7.4609608630016208e-05 -0.01309760438485278 0.0065511851601675001 4.8184509572883623e-05 -0.053430694683144486 0.0034113225414921068 -0.013708849827224978 0.0012861305452245332 0.00040585996204692824 0.018876397871380873 0.019421764049128962 0.0041455082430368736 -0.0040518997601714348 -0.013989301042330907 -0.00017047147969770945 0.0040406831989772104 -0.0039699998178458658 -0.017884290940939233 -0.001764541197220631 -0.0043166670554101788 0.0014074909962827268 -0.0040159352735846809 0.07207961890323103 0.0018902380110587501 -0.08634149405089292 -0.093174083991484219 0.088154990361495461 -0.085534969216043311 0.11991461174828666 0.027358313311230054 0.11765783918325348 -0.0025746009566567163 -0.00077472198541718136 0.11948840762629653 -0.030559828865353938 -0.081844342838634149 0.09250299811662574 -0.077452474019744186 -0.016292594237761065 -0.096690489270470359 0.093708250154761266 -0.012098646841265938 0.10123395738427086 -0.11809718608856201 0.092183577457696883 -0.0066223737212088895 0.003321545394191622 -0.00046262618870509782 -0.12300234419666232 -0.00098701060793343815 0.0040645695428995947 -0.058380028438149836 -0.08922899401112766 -0.019669239772018048 -0.0074099428879343026 -0.14148439332428905 -0.019458593553847298 -0.036899751704186204 -0.16139334118833729 0.00067396704181062357 -0.0050257529373082836
leaf_weight=15257 4080 14293 927 8068 200613 96 9478 2358 216936 6091 3221 684 21118 15725 2744 40070 18142 7458 1728 7925 35346 31414 2164 121 3145 22 55 33 220 77 22 99 22 170895 33 616 231 308 44 22 55 231 22 99 22 22 1304 9105 4910 50 149 175 285 119 150 743 90 72 40 51 4292 14062
leaf_count=15257 4080 14293 927 8068 200613 96 9478 2358 216936 6091 3221 684 21118 15725 2744 40070 18142 7458 1728 7925 35346 31414 2164 121 3145 22 55 33 220 77 22 99 22 170895 33 616 231 308 44 22 55 231 22 99 22 22 1304 9105 4910 50 149 175 285 119 150 743 90 72 40 51 4292 14062
internal_value=9.21031e-14 0.000343459 0.00130915 -0.000233772 9.81951e-05 -0.00209933 0.00284136 -0.00569964 0.00150718 0.00589728 0.0128195 0.000709502 -6.21504e-05 -0.000317068 -0.000107259 -0.00184732 0.000379294 -0.000854647 -0.00426406 0.00253283 -0.00305225 -0.000607906 0.000957766 0.00803956 0.0136608 0.0384057 0.0156427 -0.00566383 -0.0554838 0.0481417 0.02023 0.0599603 0.0275054 -0.00109239 -0.00760327 -0.0383952 -0.0445465 0.0681133 0.0460838 0.0643855 -0.061248 0.0764436 0.0845077 0.0823597 -0.0734386 -0.0129568 -3.26686e-05 -0.00265641 -0.0093447 -0.0208991 -0.0336155 -0.00338892 -0.0346239 -0.07554 -0.0455025 -0.0194362 -0.0448936 -0.0772802 -0.109305 -0.110878 -0.00503205 -0.00648928
internal_weight=877949 626269 234297 391972 332759 59213 9574 6438 227859 10923 4832 1611 324691 295648 279923 61168 218755 251680 16985 29043 49639 234695 55462 6805 4641 1496 847 572 297 275 198 275 176 179233 8338 880 847 649 341 297 77 275 253 121 264 44 48657 17243 8138 2768 1464 5370 460 370 200 1094 351 202 130 170 21098 16806
internal_count=877949 626269 234297 391972 332759 59213 9574 6438 227859 10923 4832 1611 324691 295648 279923 61168 218755 251680 16985 29043 49639 234695 55462 6805 4641 1496 847 572 297 275 198 275 176 179233 8338 880 847 649 341 297 77 275 253 121 264 44 48657 17243 8138 2768 1464 5370 460 370 200 1094 351 202 130 170 21098 16806
is_linear=0
shrinkage=0.05


Tree=99
num_leaves=63
num_cat=0
split_feature=4 4 11 0 6 13 22 3 3 3 19 6 15 18 5 5 5 18 16 4 14 14 19 22 9 6 22 5 15 18 10 22 5 19 15 22 22 18 13 3 18 14 18 16 22 15 5 9 6 6 6 15 3 13 3 3 3 3 6 4 0 13
split_gain=97.2883 89.2347 65.8387 70.9407 162.153 183.698 139.91 80.262 78.3244 97.8368 72.4473 231.35 205.87 357.29 305.594 413.219 262.79 235.862 143.884 107.041 106.782 86.5758 82.6384 200.327 186.227 168.451 282.596 310.756 360.46 175.496 345.095 177.885 164.12 81.6128 81.3129 79.2841 79.4819 74.7962 68.1784 66.2941 66.2498 64.2616 226.179 57.7836 56.2755 147.316 87.9122 135.235 115.134 106.658 70.795 101.679 55.2658 54.4844 53.0256 57.2716 71.6839 52.3652 61.3887 78.4224 56.8274 51.921
threshold=-0.14281512796878812 1.5898901224136355 -1.7672376632690427 -1.4130077362060545 0.23542753793299201 1.3332802057266238 1.4189848899841311 -0.58496510982513417 0.77002382278442394 0.69440227746963512 -0.58511462807655323 1.0000000180025095e-35 1.0000000180025095e-35 0.3853627890348435 1.2477897703647616 -1.2493928074836729 1.0000000180025095e-35 -0.26274465024471277 -0.11790292830298198 0.14596907794475558 1.0805390477180483 0.64639165997505199 1.0025628209114077 1.1496823430061343 1.244215786457062 -1.0000000180025095e-35 1.1788991093635561 0.74835324287414562 -0.51210337877273548 -0.088861472904682146 1.0000000180025095e-35 1.1009061336517336 1.2477897703647616 -0.7719002068042754 0.34317243844270712 0.82265746593475353 0.74601480364799511 0.54343754053115856 0.86207795143127453 0.61896148324012767 1.1757364869117739 0.80426350235939037 0.10083015263080598 -0.50098438560962666 0.67856144905090343 1.7028416991233828 -1.2493928074836729 -1.2384440898895261 1.0000000180025095e-35 1.0000000180025095e-35 1.0000000180025095e-35 0.34317243844270712 0.81717792153358471 1.123338580131531 -0.67935135960578907 -0.69208568334579457 -0.69954967498779286 -0.76847952604293812 0.23542753793299201 1.0123216807842257 -0.36063669621944422 0.24624940007925036
decision_type=2 2 2 2 2 2 2 2 2 2 2 2 2 2 2 2 2 2 2 2 2 2 2 2 2 2 2 2 2 2 2 2 2 2 2 2 2 2 2 2 2 2 2 2 2 2 2 2 2 2 2 2 2 2 2 2 2 2 2 2 2 2
left_child=54 2 -2 4 5 6 10 -6 9 39 11 -4 13 16 15 17 -13 -14 21 20 -18 -15 25 44 -25 -12 29 28 -28 30 53 -32 -33 -17 -35 36 -20 -30 -29 57 43 -16 -43 -31 -24 46 49 48 -48 -46 -49 -52 -10 -27 55 56 -1 58 59 -5 -60 -56
right_child=1 -3 3 8 7 -7 -8 -9 52 -11 22 12 14 18 41 33 19 -19 35 -21 -22 -23 23 24 -26 26 27 38 37 40 31 32 -34 34 -36 -37 -38 -39 -40 -41 -42 42 -44 -45 45 -47 47 50 -50 -51 51 -53 -54 -55 61 -57 -58 -59 60 -61 -62 -63
leaf_value=-0.0019889713082427915 0.0030972576843254114 -0.0018877506178893403 -0.0052851045579171063 -0.013798129874957557 0.011384303392997092 0.082447389774024493 -0.047861782177106335 0.00072618764248233404 0.006251394619381072 -0.0064423882538530682 -0.0061730403648008487 0.10321662210986358 0.10814575254917146 -0.027861621052026747 -0.10868334819873174 0.060193073167465631 -0.021336269279321037 -0.086549956287656521 -0.039080724333013808 -0.11070643261075019 0.094195943465456372 0.065184517234563838 -0.0064229426287606807 0.067933456599164541 -0.067187181115150457 -0.031972924813628199 0.081456141748598651 0.026066590393893418 -0.059239691307670199 -0.013705987334251405 0.094598781896962067 -0.075019414052367214 0.10040141850709916 0.014884471148252488 0.12448437601327896 -0.072001691031653214 0.073940859884023671 0.04241506546735764 0.10601483281701803 0.0048937665483878914 0.038435452282428742 -0.10294778645038605 0.11412491951137782 -0.058739111703175841 -0.0055218664451967929 0.10300694009289146 -0.0044200372007409377 -0.0053535385326298028 0.089968487819035853 0.10994374562054872 -0.076454609533150988 0.048181782662868503 0.0018083964276575327 -0.085029757718245197 -0.00079485906640657336 -0.00521926901948273 0.0030598929222416939 0.00051300952579883983 -0.0058370238091244404 0.00215172949818313 0.010205739392011415 0.00048835691961710709
leaf_weight=46142 26530 36573 4460 2312 2208 60 190 8832 8524 5090 6000 110 20 50 30 300 60 70 70 20 30 50 3100 170 30 250 70 40 190 80 90 40 20 20 110 170 20 20 80 8529 20 30 20 650 40 40 70 240 60 40 90 20 39125 60 212774 10712 8294 316320 1104 1156 1104 125220
leaf_count=46142 26530 36573 4460 2312 2208 60 190 8832 8524 5090 6000 110 20 50 30 300 60 70 70 20 30 50 3100 170 30 250 70 40 190 80 90 40 20 20 110 170 20 20 80 8529 20 30 20 650 40 40 70 240 60 40 90 20 39125 60 212774 10712 8294 316320 1104 1156 1104 125220
internal_value=-1.25329e-12 0.000484994 0.000683012 0.000527439 -0.00188196 -0.00488927 -0.00519147 0.00285781 0.000706228 0.000436904 -0.00471874 -7.62882e-05 0.0196113 -0.0016303 0.0401448 0.054141 0.04857 -0.0432842 -0.0323083 -0.0060766 0.0171745 0.0186614 -0.00699358 -0.00107547 0.0476654 -0.0100265 -0.0243873 0.0120464 -0.0168047 -0.0364315 -0.0121171 0.0501409 -0.0165458 0.0745323 0.107623 -0.051912 -0.0139648 -0.0495583 0.0793654 0.000542843 -0.0513443 -0.0508304 -0.0161187 -0.053804 -0.00371011 0.0103062 0.00368474 -0.00440296 0.0391439 0.0522109 -0.0205775 -0.0537934 0.00260321 -0.042242 -0.000571209 -0.00187734 -0.00121971 0.000427596 -0.00433242 -0.00848151 0.00218436 -0.000319453
internal_weight=877949 474807 438234 411704 28440 17400 17340 11040 383264 335615 17150 5640 1180 580 600 520 220 90 360 110 90 100 11510 3900 200 7610 1610 400 280 1210 460 150 60 430 130 260 90 210 120 330525 750 80 50 730 3700 600 560 480 130 80 350 110 47649 310 403142 65148 54436 321996 5676 3468 2208 337994
internal_count=877949 474807 438234 411704 28440 17400 17340 11040 383264 335615 17150 5640 1180 580 600 520 220 90 360 110 90 100 11510 3900 200 7610 1610 400 280 1210 460 150 60 430 130 260 90 210 120 330525 750 80 50 730 3700 600 560 480 130 80 350 110 47649 310 403142 65148 54436 321996 5676 3468 2208 337994
is_linear=0
shrinkage=0.05


Tree=100
num_leaves=63
num_cat=0
split_feature=5 8 3 11 2 2 2 0 0 6 3 6 2 6 0 15 0 0 14 6 0 0 14 11 14 22 18 5 16 13 6 18 18 5 15 14 5 22 5 6 19 6 6 13 14 19 6 13 18 13 0 13 18 6 7 13 15 17 18 3 3 3
split_gain=93.6584 124.12 108.798 84.5587 82.0482 111.936 302.916 132.551 338.15 180.152 203.886 192.24 134.099 117.121 95.9269 84.4371 80.1718 116.895 89.6766 91.199 77.7839 95.8449 76.7614 201.014 162.756 208.004 287.384 194.886 197.08 307.156 208.373 157.022 204.141 224.557 168.522 154.401 224.28 135.191 216.172 164.11 162.595 164.534 135.124 122.366 120.641 113.025 109.011 100.611 98.7129 136.686 96.051 88.1776 83.5237 151.008 112.192 79.7819 74.9065 110.408 103.696 74.3448 79.9774 155.854
threshold=0.74835324287414562 -0.18441987375263122 -0.75740474462509144 0.61866869032382976 1.1728230714797976 0.6059766709804536 1.0000000180025095e-35 0.34441718459129339 -0.15108864009380338 1.0621489584445956 -0.49729524552822107 1.4755097031593325 -0.81113922595977772 1.0621489584445956 -0.47525136172771448 3.6546251773834233 -1.1224189996719358 -0.97423034906387318 1.2630783319473269 0.23542753793299201 -0.24023338407278058 -0.20087077468633649 0.65625861287117015 0.61866869032382976 1.0805390477180483 1.201113283634186 -0.57889413833618153 -1.2493928074836729 -0.11790292830298198 0.5728251338005067 1.0000000180025095e-35 -0.56308570504188526 0.30632539093494421 -1.2493928074836729 2.273025751113892 1.0213370919227602 -0.74995630979537953 0.69267791509628307 -0.74995630979537953 1.0000000180025095e-35 -0.86529299616813649 1.0000000180025095e-35 1.0000000180025095e-35 0.80609360337257396 1.1298739910125735 -0.95868578553199757 1.0000000180025095e-35 1.2819610834121706 1.0000000180025095e-35 0.43286409974098211 -1.3365979194641111 0.85274726152420055 -0.29435671865940088 1.0000000180025095e-35 -0.85499599575996388 1.1793230772018435 -0.51210337877273548 0.21661145985126498 -0.49985675513744349 0.89552295207977306 -0.73797869682312001 -0.73645466566085804
decision_type=2 2 2 2 2 2 2 2 2 2 2 2 2 2 2 2 2 2 2 2 2 2 2 2 2 2 2 2 2 2 2 2 2 2 2 2 2 2 2 2 2 2 2 2 2 2 2 2 2 2 2 2 2 2 2 2 2 2 2 2 2 2
left_child=1 2 3 -1 5 6 7 8 13 -10 11 12 -11 -4 -6 -9 18 -18 22 -20 -15 -22 -3 50 25 31 -27 28 -26 30 -30 -25 35 -34 37 47 -37 40 46 -40 41 -35 -42 -38 48 -46 -39 52 -29 -50 -24 -31 53 -33 -55 -54 57 -47 -58 60 -19 -62
right_child=-2 16 4 -5 14 -7 -8 15 9 10 -12 -13 -14 20 -16 -17 17 59 19 -21 21 -23 23 24 27 26 -28 44 29 51 -32 32 33 34 -36 36 43 38 39 -41 42 -43 -44 -45 45 56 -48 -49 49 -51 -52 -53 55 54 -56 -57 58 -59 -60 -61 61 -63
leaf_value=-0.00076342656389349135 -0.00081463813147244373 -0.0017496163999170871 0.00044768256913973781 -0.011522088681745722 -0.0036030985373220244 0.0034711680920483097 -0.0035904083157445089 -4.5420954935554645e-05 0.010719532991573381 -0.037539240263883465 0.0090421470485800293 0.012005268085776207 -0.0038590856398032954 0.006985592940841976 0.0011490513769998659 -0.031022038301969226 0.0032289078291436128 0.0034728953428399979 -0.053371298478709334 0.0031502480863243847 -0.037810115325555671 -0.00022168934320067443 0.0022579398356146157 -0.050889202189587417 -0.07858349074920018 -0.044705805174695953 0.10865992323185009 -0.041930312752374452 -0.011031575292064291 -0.0019735762640762421 0.1362964836311423 -0.0065840069236946883 -0.079730183540437483 -0.0042949749949427012 0.11524762347301779 0.13817800761510929 -0.013232742257453842 -0.0045534523960668594 -0.0043492621167829249 -0.071250119080146154 -0.0030558998611350374 0.086944530833335157 -0.063070884798512319 0.093210675432864168 -0.10528293550014496 -0.036072955865617561 0.13301629641403753 -0.07402504831552506 -0.021368219160164396 0.087558966448220116 -0.01175185290602385 -0.090254251162211099 -0.0013150784828039029 -0.010540491963426274 0.11737071665624776 -0.043790776070381981 0.047602788234750434 0.062711216674910655 -0.059028471712956256 0.002274524342251756 -0.0099097221053967531 -0.0006012974479853465
leaf_weight=4986 251680 31248 59352 2882 17427 61143 29946 48201 17527 759 2200 511 484 11989 27185 221 25621 11564 72 8127 192 1453 5329 231 60 48 84 120 36 132 72 120 156 120 24 48 108 36 132 300 324 84 132 36 84 132 24 48 72 48 1588 36 1404 24 60 120 24 36 456 25176 4590 221525
leaf_count=4986 251680 31248 59352 2882 17427 61143 29946 48201 17527 759 2200 511 484 11989 27185 221 25621 11564 72 8127 192 1453 5329 231 60 48 84 120 36 132 72 120 156 120 24 48 108 36 132 300 324 84 132 36 84 132 24 48 72 48 1588 36 1404 24 60 120 24 36 456 25176 4590 221525
internal_value=-3.88509e-12 0.00032738 0.00109403 -0.00470426 0.00125779 0.00163247 0.000982003 0.00194027 0.00303056 0.00854469 -0.00109577 -0.0138115 -0.0244248 0.00140766 -0.000707304 -0.0001868 -0.000318903 5.07423e-06 -0.00213948 0.0026539 0.00558667 -0.00460891 -0.00305058 -0.0064702 -0.0141397 -0.00873336 0.0528906 -0.0292799 0.00354624 0.0214005 0.0871871 -0.0110371 -0.00824741 -0.0233635 -0.0158863 0.0019836 0.0445781 -0.0186182 -0.0384566 -0.0508082 -0.00382958 0.0332742 -0.0204287 0.0133781 -0.0406272 -0.0507135 0.0504744 -0.00262121 -0.00986383 0.0222027 -0.000958419 -0.0208909 -0.000637774 0.0294078 0.0808247 -0.00465962 -0.0436397 -0.0149049 -0.0536969 -0.000309159 -0.000582834 -0.000790253
internal_weight=877949 626269 286458 7868 278590 233978 172835 142889 94467 21481 3954 1754 1243 72986 44612 48422 339811 288476 51335 8199 13634 1645 43136 11888 4971 3663 132 1308 336 276 108 3531 3300 1332 1176 1968 192 1152 492 432 660 204 456 144 972 732 60 1776 240 120 6917 168 1728 204 84 1524 648 168 480 262855 237679 226115
internal_count=877949 626269 286458 7868 278590 233978 172835 142889 94467 21481 3954 1754 1243 72986 44612 48422 339811 288476 51335 8199 13634 1645 43136 11888 4971 3663 132 1308 336 276 108 3531 3300 1332 1176 1968 192 1152 492 432 660 204 456 144 972 732 60 1776 240 120 6917 168 1728 204 84 1524 648 168 480 262855 237679 226115
is_linear=0
shrinkage=0.05


Tree=101
num_leaves=63
num_cat=0
split_feature=4 4 9 0 3 11 0 6 22 13 19 6 6 15 22 16 15 19 15 5 14 19 3 3 3 0 13 0 0 22 13 14 6 0 6 18 6 22 2 3 3 3 3 5 0 15 18 12 10 0 22 9 0 18 18 9 0 13 22 5 19 13
split_gain=86.0541 78.6887 61.8567 65.0513 63.2269 48.5581 53.7485 102.628 143.3 177.976 93.0043 211.297 205.872 474.15 221.113 162.13 181.006 96.3067 97.4318 65.5441 218.998 63.9371 46.3254 51.3759 64.6119 50.2401 96.3929 94.4661 66.6869 53.5518 46.7717 156.259 388.164 105.058 110.857 676.985 88.7924 77.731 68.0834 67.3692 58.4132 47.8316 46.0861 51.9921 46.4177 45.5929 42.2173 63.5277 132.267 193.142 515.506 235.433 171.413 143.236 154.94 190.402 384.18 272.149 141.461 156.112 193.296 160.857
threshold=-0.14281512796878812 1.5898901224136355 0.30946898169349885 1.1745052933692934 -0.51612976193428028 -1.7672376632690427 -1.4130077362060545 0.23542753793299201 1.3157574534416201 1.2259767055511477 -0.4917218536138534 -1.0000000180025095e-35 1.0000000180025095e-35 1.0000000180025095e-35 0.83205437660217296 -0.11790292830298198 -0.22701143473386762 -0.67850741744041432 -1.0164967775344846 -0.74995630979537953 0.91280031204223644 -0.67850741744041432 -0.67935135960578907 -0.69208568334579457 -0.69954967498779286 0.28421554714441305 -1.0507229566574094 -0.39305296540260309 0.32473587989807134 0.044662121683359153 0.24624940007925036 1.0805390477180483 -0.59129387140274037 -1.3655410408973692 1.0000000180025095e-35 0.89120385050773632 0.23542753793299201 0.39178857207298284 1.7396694421768191 -0.67612668871879567 0.49141664803028112 5.9515886306762704 -0.73645466566085804 -1.2493928074836729 0.33631311357021337 -0.22701143473386762 1.0000000180025095e-35 -1.0295194983482359 -0.79733012616634358 0.41966924071311956 1.6725777983665469 1.244215786457062 0.69404986500740062 -0.7843894064426421 -0.34178201854228968 1.244215786457062 1.318063020706177 0.43286409974098211 1.4189848899841311 0.74835324287414562 1.0000000180025095e-35 1.2819610834121706
decision_type=2 2 2 2 2 2 2 2 2 2 2 2 2 2 2 2 2 2 2 2 2 2 2 2 2 2 2 2 2 2 2 2 2 2 2 2 2 2 2 2 2 2 2 2 2 2 2 2 2 2 2 2 2 2 2 2 2 2 2 2 2 2
left_child=22 2 3 -2 -5 -4 7 8 9 10 12 -12 -7 14 17 16 -13 18 -14 -15 21 -21 23 24 25 26 27 -1 -27 -30 31 33 40 34 -24 36 37 -36 39 -32 -33 -35 -31 44 -44 -10 47 48 -41 -50 53 52 -52 -51 55 -55 -57 -58 -56 -60 61 -61
right_child=1 -3 5 4 -6 6 -8 -9 45 -11 11 15 13 19 -16 -17 -18 -19 -20 20 -22 -23 30 -25 -26 28 -28 -29 29 42 38 32 -34 41 35 -37 -38 -39 -40 46 -42 -43 43 -45 -46 -47 -48 -49 49 50 51 -53 -54 54 58 56 57 -59 59 60 -62 -63
leaf_value=0.011871552487089838 -0.00022901384595056087 -0.0017719956299731771 0.0045044256433139918 -0.0029439078616163815 0.0027015485438105606 -0.0050879905890280413 0.0013654885217863819 0.0035961497329712227 0.030264718681573866 0.074861182655606956 -0.0049748481810996427 0.088509717170149091 -0.052158782407641414 0.10366521340608598 -0.071143319079031542 -0.047926460956395862 -0.028004160545766356 -0.055594408909479781 0.071225633397698412 0.05607103856404623 -0.10289417847990989 0.12721658274531364 -0.0039435164216383555 -0.0049232887126461726 0.0029278398532111114 0.0076612289741562522 -0.0043867240039736997 -0.0017113350258721261 -0.0057547583552187065 -0.0054282049371977342 0.010195776005496617 -0.11246369056064974 -0.005227731616916852 -0.00049174721363552958 -0.027413320640771996 0.14690871105952696 0.034527464619499036 -0.061866956087183358 0.0085511606340096837 0.0030266118737728824 -0.2138189033383415 0.010103088992583532 -0.025430333585853677 0.0049273562314172126 -0.0005985961667544031 -0.048310334094179175 0.001522917860188132 0.00029858923249102636 -0.00085924358356418307 0.0033776304467535746 -0.15751236285405043 0.015788236819045981 -0.022273938253832361 -0.020000604532643317 0.0021936246864700209 -0.020175730140588308 -0.0015454533421212719 -0.21068221237510443 0.0050273489925163374 -0.11343120344175812 -0.016855436185374856 0.021052325813582653
leaf_weight=1912 209689 36573 11329 5747 36197 2100 163152 4800 20 70 3640 50 20 100 120 540 100 30 80 150 20 40 10934 10712 8294 2661 24905 3873 4093 2024 1695 44 208 199649 506 55 44 242 2550 6299 21 1071 268 5774 632 240 38584 62634 8072 1405 107 36 30 1483 1480 143 21 60 243 126 225 27
leaf_count=1912 209689 36573 11329 5747 36197 2100 163152 4800 20 70 3640 50 20 100 120 540 100 30 80 150 20 40 10934 10712 8294 2661 24905 3873 4093 2024 1695 44 208 199649 506 55 44 242 2550 6299 21 1071 268 5774 632 240 38584 62634 8072 1405 107 36 30 1483 1480 143 21 60 243 126 225 27
internal_value=-5.28182e-15 0.000456133 0.000642083 0.000130538 0.00192803 0.0013319 0.00112684 -0.00208565 -0.00581141 -0.00446889 -0.00526333 -0.00978376 0.00209512 0.0290318 -0.0222006 -0.0351525 0.0108338 0.0229773 0.0465488 0.0703482 0.054483 0.071049 -0.000537218 -0.00175805 -0.00113518 -0.00186551 -0.0030362 0.00277794 0.000459651 -0.00103854 -0.000301905 -0.000753121 -0.0385567 -0.000704555 -0.00529345 -0.0227199 -0.0344997 -0.0385601 0.000464802 0.000296707 -0.145209 -0.000435215 0.00118076 0.00318503 -0.00799294 -0.0422661 0.00015801 -0.000481182 -0.00295323 -0.00575208 -0.013085 -0.0979981 -0.127898 -0.010267 -0.0153014 -0.0264906 -0.0694577 -0.156462 -0.00621046 -0.0262395 -0.0463397 -0.0896988
internal_weight=877949 474807 438234 251633 41944 186601 175272 12120 7320 7060 6990 4330 2660 560 250 690 150 130 100 310 210 190 403142 65148 54436 46142 30690 5785 15452 12791 337994 212774 273 212501 11781 847 792 748 125220 122670 65 200720 8698 6674 900 260 120975 82391 19757 13458 5386 173 137 5213 3808 1707 224 81 2101 621 378 153
internal_count=877949 474807 438234 251633 41944 186601 175272 12120 7320 7060 6990 4330 2660 560 250 690 150 130 100 310 210 190 403142 65148 54436 46142 30690 5785 15452 12791 337994 212774 273 212501 11781 847 792 748 125220 122670 65 200720 8698 6674 900 260 120975 82391 19757 13458 5386 173 137 5213 3808 1707 224 81 2101 621 378 153
is_linear=0
shrinkage=0.05


Tree=102
num_leaves=63
num_cat=0
split_feature=5 8 3 13 0 0 14 11 0 3 6 19 6 18 6 0 17 4 0 14 13 18 22 5 6 6 5 19 13 18 5 4 4 6 22 3 3 22 0 0 3 2 3 3 7 0 0 6 0 0 0 6 0 2 0 19 12 18 18 2 14 3
split_gain=83.431 110.472 112.678 85.5621 94.9026 84.1928 116.51 134.45 99.4003 103.343 98.5336 88.2061 104.586 189.423 287.497 170.189 125.331 204.386 117.893 233.759 248.073 267.298 194.44 178.234 237.743 187.065 204.805 250.312 153.328 132.105 118.416 279.696 111.702 110.91 87.2538 77.2255 98.5602 84.0815 191.679 82.8676 93.307 98.3957 133.228 99.6873 119.54 74.1095 160.137 72.4761 70.5014 69.4759 113.903 175.79 118.88 80.0894 95.0599 75.2988 194.027 131.734 296.756 140.077 105.701 92.9542
threshold=1.2477897703647616 -0.85498791933059681 -0.75740474462509144 0.23691862821578982 -0.36642532050609583 -1.1351540088653562 1.2630783319473269 0.61866869032382976 -0.97423034906387318 -0.38639131188392634 1.0000000180025095e-35 -0.7719002068042754 -1.0000000180025095e-35 0.93862435221672069 0.23542753793299201 -1.3655410408973692 1.0000000180025095e-35 -1.0091677606105802 -1.3655410408973692 0.86346536874771129 0.43286409974098211 0.053404832258820541 0.85679104924201976 1.0000000180025095e-35 0.23542753793299201 0.23542753793299201 -0.74995630979537953 -1.0520786046981809 0.1809341758489609 0.51182064414024364 -1.2493928074836729 -0.72038355469703663 1.0123216807842257 0.23542753793299201 0.84919226169586193 0.89552295207977306 0.69440227746963512 -1.2057496309280393 -0.70216521620750416 -0.81562218070030201 0.15903349965810779 0.6059766709804536 0.18189372867345813 0.31276594102382665 -0.85499599575996388 1.0529443025588991 0.20433260500431064 0.23542753793299201 1.2763850092887881 1.2150256037712099 1.5415037870407107 1.0000000180025095e-35 1.4488858580589297 1.1728230714797976 -0.47525136172771448 1.1893483996391299 -1.0295194983482359 -0.53146880865097035 -0.088861472904682146 -0.24429284036159513 0.31091411411762243 1.1395132541656496
decision_type=2 2 2 2 2 2 2 2 2 2 2 2 2 2 2 2 2 2 2 2 2 2 2 2 2 2 2 2 2 2 2 2 2 2 2 2 2 2 2 2 2 2 2 2 2 2 2 2 2 2 2 2 2 2 2 2 2 2 2 2 2 2
left_child=1 2 3 4 -1 6 11 -8 9 10 -7 12 -3 16 15 -15 18 -18 19 22 21 34 28 25 -25 26 27 -22 -14 -24 31 -30 -29 -31 -21 36 37 38 -10 -39 -41 42 -42 44 -44 46 -38 -33 -2 53 51 -51 55 -4 -55 -53 57 -57 59 -59 -60 -61
right_child=48 5 49 -5 -6 8 7 -9 35 -11 -12 -13 13 14 -16 -17 17 -19 -20 20 23 -23 29 24 -26 -27 -28 32 30 33 -32 47 -34 -35 -36 -37 45 39 -40 40 41 -43 43 -45 -46 -47 -48 -49 -50 50 -52 52 -54 54 -56 56 -58 58 60 61 -62 -63
leaf_value=-0.00244112106612624 -0.0016834616597317963 -0.0031375141481520155 0.0022104104708543216 0.0013626778197892734 -0.018974024717702941 0.0031695412743657559 0.0030611323233813389 -0.041955897819120548 0.010710365917601883 0.0035046285744061187 -0.0063510868828156866 -0.0038291132433796345 -0.026374714002013206 0.085694274931059536 0.0047902239847293672 0.00067911530062795069 -0.096271992583448693 0.006707374337417759 -0.0041916323668389505 -0.011552600314219792 0.093278694478794943 -0.077928660863212179 0.078945828423214459 0.062574858785723331 0.0027507264424701879 0.0062285344490555193 -0.088058624515930828 -0.099786921280125784 -0.10148107670247555 -0.10382375459497173 0.071784146165385129 0.11937368512153626 0.016724318369395204 0.012273965792135438 0.12327272413919371 0.0019138081803008666 -0.0069288304223613208 -0.0039702770301510287 0.00062789573442101451 -0.00069603228731970369 0.0060091604179709126 0.0084844547382615428 0.0037146586133663495 0.00036844064783326993 -0.015197211659921162 -0.0080315527160453645 0.0035305402718326345 0.019043634200675619 0.0016681611739961417 0.002324481646738413 0.0023825828446536719 -0.0018621844407195919 -0.016597383323638346 -0.0037720103846933563 0.0019079282304315282 0.0050652126049284228 -0.0043833026870763415 -0.037646202953198017 -0.10641821940739951 -0.19466862389101433 -0.0046199771951582723 -0.092553234353470501
leaf_weight=1736 107213 8573 148279 2544 1736 4976 13037 168 5259 36545 5988 44544 60 240 534 78 84 113 2753 24 48 168 24 300 372 1320 120 48 36 48 372 36 36 36 24 39525 7326 16518 45480 244033 9585 4972 1290 22213 2372 6767 7312 36 18380 7904 16084 6310 2688 13317 16485 110 1440 39 30 52 170 39
leaf_count=1736 107213 8573 148279 2544 1736 4976 13037 168 5259 36545 5988 44544 60 240 534 78 84 113 2753 24 48 168 24 300 372 1320 120 48 36 48 372 36 36 36 24 39525 7326 16518 45480 244033 9585 4972 1290 22213 2372 6767 7312 36 18380 7904 16084 6310 2688 13317 16485 110 1440 39 30 52 170 39
internal_value=1.80762e-13 0.000199145 0.00114478 -0.0056034 -0.0107076 -0.000189047 -0.00176371 0.00248841 6.15521e-05 0.00222732 -0.00203016 -0.00269911 0.00055186 0.00512914 0.0272037 0.0648415 0.00202456 -0.0372026 0.00334306 0.0100171 0.00297939 -0.0481978 0.0367345 0.00790554 0.0294579 -0.00130769 -0.0407832 0.00219455 0.0489832 -0.0245091 0.0584029 0.0123121 -0.0498535 -0.0540676 0.0558601 -0.000187795 -0.000410416 -0.000209946 0.00167292 -0.000527356 -0.000327436 0.00189728 0.000973663 -0.00089166 -0.00853519 -0.0037045 -0.00170415 0.0692087 -0.00119297 0.00133542 -0.000705652 -0.00335027 -0.00747356 0.00173504 -0.000630148 -0.00447908 -0.0132624 -0.0423212 -0.0581166 -0.116927 -0.0198897 -0.150905
internal_weight=877949 752356 218963 6016 3472 533393 73232 13205 460161 47509 10964 60027 15483 6910 852 318 6058 197 5861 3108 2460 216 648 2244 672 1572 252 132 540 108 480 108 84 84 48 412652 373127 351722 50739 300983 284465 40432 35460 25875 3662 21405 14638 72 125593 212947 34866 18782 10878 178081 29802 8190 1880 440 330 130 200 91
internal_count=877949 752356 218963 6016 3472 533393 73232 13205 460161 47509 10964 60027 15483 6910 852 318 6058 197 5861 3108 2460 216 648 2244 672 1572 252 132 540 108 480 108 84 84 48 412652 373127 351722 50739 300983 284465 40432 35460 25875 3662 21405 14638 72 125593 212947 34866 18782 10878 178081 29802 8190 1880 440 330 130 200 91
is_linear=0
shrinkage=0.05


Tree=103
num_leaves=63
num_cat=0
split_feature=6 0 0 0 0 3 22 0 3 0 6 9 14 6 3 2 22 3 2 3 3 3 13 3 0 0 0 0 0 0 15 0 0 3 0 0 0 3 0 19 14 9 18 18 0 9 6 22 2 0 0 22 4 0 3 3 6 14 9 18 18 0
split_gain=79.8321 101.314 95.5531 200.321 1064.81 131.178 266.889 120.79 172.784 120.828 117.669 226.846 283.634 91.1863 86.224 84.8103 118.062 126.003 194.895 99.1587 175.799 119.081 277.342 182.129 158.634 102.866 100.074 100.058 200.644 106.118 93.9271 130.179 317.733 98.8266 92.2696 127.337 91.0968 152.629 205.107 166.852 286.481 441.607 343.307 371.489 310.783 181.968 312.39 220.376 197.259 165.519 133.394 126.247 109.185 101.96 94.4591 166.668 93.8369 92.6049 244.989 353.149 968.532 348.302
threshold=1.0621489584445956 -1.5449882149696348 -0.28654234111309046 0.75193604826927196 0.69404986500740062 -0.53503412008285511 0.59218090772628795 1.0737832784652712 1.333412289619446 1.5415037870407107 1.4755097031593325 0.86191278696060192 1.440683960914612 0.23542753793299201 -0.18533226102590558 -0.24429284036159513 -0.76072338223457325 1.333412289619446 1.1728230714797976 -0.19826379418373105 -0.31494747102260584 0.17546492815017703 -0.5561939775943755 0.61896148324012767 -0.18582036346197126 0.45671640336513525 1.6665380001068117 0.20433260500431064 -0.95107588171958912 -1.1224189996719358 2.7774192094802861 1.1629280447959902 1.2763850092887881 0.13999358564615252 1.4488858580589297 1.7035850882530215 0.75193604826927196 1.333412289619446 1.0459979176521303 1.1893483996391299 0.80426350235939037 0.86191278696060192 -0.76858097314834584 -0.35759045183658594 1.3782647252082827 -1.2384440898895261 0.6487882286310197 0.30008210241794592 0.6059766709804536 1.0899914503097536 1.3481638431549074 0.69267791509628307 1.0000000180025095e-35 1.2150256037712099 0.81717792153358471 0.1900519281625748 -0.59129387140274037 0.86346536874771129 0.86191278696060192 -0.37339407205581659 -0.75277736783027638 1.3782647252082827
decision_type=2 2 2 2 2 2 2 2 2 2 2 2 2 2 2 2 2 2 2 2 2 2 2 2 2 2 2 2 2 2 2 2 2 2 2 2 2 2 2 2 2 2 2 2 2 2 2 2 2 2 2 2 2 2 2 2 2 2 2 2 2 2
left_child=1 13 -2 4 5 6 -4 8 14 -9 -6 -12 -13 -1 -5 19 17 -17 -19 20 25 22 30 24 -23 -3 -27 28 29 -25 31 -21 -33 -32 36 -36 -18 38 -38 49 45 -42 -43 44 -44 46 -41 48 -48 54 52 -45 -50 56 55 -40 -39 -51 -59 60 -60 -62
right_child=2 15 3 7 10 -7 -8 9 -10 -11 11 12 -14 -15 -16 16 34 18 -20 21 -22 23 -24 27 -26 26 -28 -29 -30 -31 33 32 -34 -35 35 -37 37 53 39 40 41 42 43 51 -46 -47 47 -49 50 57 -52 -53 -54 -55 -56 -57 -58 58 59 -61 61 -63
leaf_value=-0.0059587794726730968 0.0023599282351306847 0.00066761477517273445 -0.0147887076026338 0.010030939159987191 -0.062739428685557458 0.00066385670006243944 0.00017761652941039813 -0.0017787754877722037 0.025239421897642413 0.0038950575809128976 -0.052744183489462228 0.12031441032886506 -0.051722082171751109 0.0014779805780315164 0.0011660831969124497 0.0010302219741441527 -0.0015774784930107897 -0.016961432245458711 0.0027955092639728742 0.002754003447338471 -0.0056370073213057453 9.1917177506465731e-06 0.0054348795536187273 -0.0023330059666223455 -0.0065352258432793261 -0.0058642526960907566 0.00011670158706285359 0.0033055569338604667 -0.0045779766366181316 0.0066425415071446519 -0.0026221198604228909 -0.013622298417268639 0.0049993627067065867 -0.032905729675730903 -0.0067920175578938848 0.0031405490196311928 0.0054900580638460421 -0.022627296931559928 -0.0090690128358115098 -0.0081939011542311868 -0.0035282172662987189 -0.0063809931302524136 -0.19319869605116546 -0.13959216932610918 -8.2342354347929368e-05 -0.00050078460543692607 -0.24943478788648332 -0.014306047043345614 -0.06421268761041575 0.003646089773615236 -0.0078732491770227044 -0.0092094376714646018 -0.22562986016273501 0.0023763045168762333 -0.015562779894622437 0.0081551090237390617 0.018844609087405092 0.0025800525448522031 -0.0029837697222888566 0.00025640030567586905 -0.16090445769004486 0.010953496586797493
leaf_weight=13920 71975 127618 4830 4325 744 25832 7772 22604 1087 16043 246 50 46 5856 7499 106468 167900 2500 2493 11556 14805 24688 40953 4941 14817 13112 14989 43208 14829 9874 619 5068 4180 477 14923 4117 12117 145 4342 402 426 115 125 24 25 3124 28 58 20 15462 28 82 22 2773 2171 2076 2299 3726 390 783 187 35
leaf_count=13920 71975 127618 4830 4325 744 25832 7772 22604 1087 16043 246 50 46 5856 7499 106468 167900 2500 2493 11556 14805 24688 40953 4941 14817 13112 14989 43208 14829 9874 619 5068 4180 477 14923 4117 12117 145 4342 402 426 115 125 24 25 3124 28 58 20 15462 28 82 22 2773 2171 2076 2299 3726 390 783 187 35
internal_value=-4.95375e-13 -0.000227702 0.000998346 -7.76531e-05 -0.002756 -0.00137639 -0.00555856 0.00197534 0.00616246 0.000576525 -0.0515808 -0.0273057 0.0378803 -0.00375663 0.00440868 -0.000127305 -0.000676698 0.000666164 -0.00709681 0.000427891 -0.000430433 0.00126326 0.00300607 0.000288324 -0.0024454 6.45831e-05 -0.00267403 0.00177072 -0.000466393 0.00364908 -0.00153581 -0.000784234 -0.0052055 -0.0158021 -0.00130579 -0.00464431 -0.00101538 0.000835664 -8.79646e-05 -0.00209649 -0.0110817 -0.0382611 -0.0781431 -0.11038 -0.161013 -0.0051985 -0.031499 -0.0915544 -0.137273 -0.00071692 -0.092408 -0.0387301 -0.148765 0.00893853 -0.00654726 -0.00349761 0.0163841 0.001716 -0.00411158 -0.0219847 -0.0504402 -0.13381
internal_weight=877949 714896 163053 91078 39520 38434 12602 51558 12911 38647 1086 342 96 19776 11824 695120 349386 111461 4993 345734 170524 175210 62853 112357 39505 155719 28101 72852 29644 14815 21900 20804 9248 1096 237925 19040 218885 50985 45768 33651 4479 797 371 256 150 3682 558 156 98 29172 70 106 42 5217 8589 6418 2444 20583 5121 1395 612 222
internal_count=877949 714896 163053 91078 39520 38434 12602 51558 12911 38647 1086 342 96 19776 11824 695120 349386 111461 4993 345734 170524 175210 62853 112357 39505 155719 28101 72852 29644 14815 21900 20804 9248 1096 237925 19040 218885 50985 45768 33651 4479 797 371 256 150 3682 558 156 98 29172 70 106 42 5217 8589 6418 2444 20583 5121 1395 612 222
is_linear=0
shrinkage=0.05


Tree=104
num_leaves=63
num_cat=0
split_feature=5 8 22 0 12 22 18 0 0 0 0 2 0 2 0 0 0 3 0 0 6 0 6 8 3 22 6 1 2 3 8 3 8 0 0 0 22 9 18 18 14 0 0 18 3 7 13 14 0 6 2 14 0 4 15 22 0 18 0 16 3 13
split_gain=75.8286 103.236 71.7208 98.6406 85.8391 92.999 271.086 75.6856 71.5949 94.8454 123.757 156.609 96.1918 71.084 97.2952 196.297 166.297 133.107 89.3001 113.253 136.88 216.938 156.717 133.029 121.257 109.762 118.014 99.2264 83.5788 75.8917 81.6273 68.0566 72.9862 66.4926 188.161 199.221 139.956 133.246 406.668 197.995 218.562 226.573 202.387 137.362 97.8992 65.063 61.0215 116.297 150.555 78.2704 60.8509 59.2623 315.058 170.165 116.708 158.686 189.589 179.119 146.33 188.319 73.9526 69.9929
threshold=0.74835324287414562 0.53518827259540569 0.5826215147972108 -1.149046719074249 -1.0295194983482359 1.8773770928382876 -0.34178201854228968 -1.1640971302986143 -1.0564287304878233 -0.47525136172771448 -0.49609039723873133 -0.81113922595977772 -1.037905156612396 1.1728230714797976 0.33631311357021337 0.20433260500431064 0.53312620520591747 -0.61042973399162281 0.11866103112697603 -0.16613905131816861 1.0621489584445956 1.0000000180025095e-35 1.4755097031593325 -0.85498791933059681 -0.66526141762733448 0.53442355990409862 1.0000000180025095e-35 -1.1897694468498228 0.6059766709804536 -0.73334911465644825 -0.18441987375263122 -0.75740474462509144 -0.53798767924308766 1.2150256037712099 1.4488858580589297 1.5241379737854006 0.98886618018150341 0.86191278696060192 -0.31016515195369715 -0.91085210442543019 0.86346536874771129 1.318063020706177 1.3782647252082827 -0.72116047143936146 0.17237992584705356 -0.85499599575996388 0.28357230126857763 0.82399734854698192 -1.3655410408973692 0.23542753793299201 0.6059766709804536 1.3962825536727907 0.41966924071311956 -0.72038355469703663 -0.66561439633369435 1.5049142837524416 0.92791008949279796 -0.19951572269201276 0.92791008949279796 -0.11790292830298198 0.49141664803028112 1.2819610834121706
decision_type=2 2 2 2 2 2 2 2 2 2 2 2 2 2 2 2 2 2 2 2 2 2 2 2 2 2 2 2 2 2 2 2 2 2 2 2 2 2 2 2 2 2 2 2 2 2 2 2 2 2 2 2 2 2 2 2 2 2 2 2 2 2
left_child=1 13 3 7 5 51 -7 -2 -5 10 11 -10 -13 14 15 18 -16 -18 19 25 23 -22 -23 24 -21 27 -27 -1 -20 30 -29 32 -11 -3 36 45 -35 -38 39 -39 -41 44 43 -43 -42 -36 47 49 -49 -28 -14 -4 -53 -54 -55 56 -56 58 59 -57 -61 -59
right_child=2 33 4 8 -6 6 -8 -9 9 31 -12 12 50 -15 16 -17 17 -19 28 20 21 22 -24 -25 -26 26 46 29 -30 -31 -32 -33 -34 34 35 -37 37 38 -40 40 41 42 -44 -45 -46 -47 -48 48 -50 -51 -52 52 53 54 55 57 -58 61 -60 60 -62 -63
leaf_value=-0.0046969666818805272 -0.0039933603006281548 -0.00089896931878729431 -0.00068431706873139247 0.003059137960745942 0.0016582951283134187 -0.12497421383857728 -0.00086700988220841143 -0.017102650746938144 -0.0076375328356518973 -0.016928922150120106 -0.019899303898540308 -0.013966386518840366 0.0039172712650133055 -0.00077753337307105285 -0.0035390567395447189 0.0083996719929746669 -0.0048109875316321498 0.0014312612301009666 -0.0073528922108938013 0.027775314553420256 0.0057017593877863983 -0.029137406533534513 0.0060441244343213876 0.0029062330100364507 0.0093478294176535647 -0.0058521515983232849 0.14232548356056215 -0.0077085588290460132 0.0034684346098679919 0.0011154440181065724 0.0049769218171189459 -0.0003250100325076167 -0.0017935160252300375 0.0074493419020069222 0.0001761449225628047 0.00012932453753165363 0.0023899858863656205 -0.0030666617989878763 0.012618379377323435 0.0015127317956648767 -0.1365793637221768 -0.1034845631569624 -0.0594818901270628 -0.23911905267408917 -0.011921632615110232 -0.01873819705633482 0.0038607721529513787 -0.050116679650687036 -0.0016660426681901462 0.012817805198886032 -0.0020439088971781648 0.0020230787355339807 -0.1505860499540965 0.0039461681965622126 -0.15187171320120496 0.015650006445745625 0.0097738259633143379 -0.0034653679477667219 0.0082536493105969094 -0.098837859251282439 -0.18830028754292114 -0.083135917447507382
leaf_weight=9380 15888 197790 20246 10644 53043 60 165 1183 11398 1281 1129 1183 8119 60861 25978 10659 9325 101450 5343 1022 2510 1035 456 9291 7057 3518 20 4924 2679 83506 1708 113137 2106 13679 584 18729 1700 110 400 60 21 28 42 56 63 2053 49316 210 678 28 9056 2171 30 200 60 30 26 340 45 77 33 30
leaf_count=9380 15888 197790 20246 10644 53043 60 165 1183 11398 1281 1129 1183 8119 60861 25978 10659 9325 101450 5343 1022 2510 1035 456 9291 7057 3518 20 4924 2679 83506 1708 113137 2106 13679 584 18729 1700 110 400 60 21 28 42 56 63 2053 49316 210 678 28 9056 2171 30 200 60 30 26 340 45 77 33 30
internal_value=-3.48854e-13 0.000294575 -0.000733007 -0.00129107 0.000543583 -0.0019711 -0.0339623 -0.00490182 -0.000901082 -0.00118704 -0.00365052 -0.00303401 -0.000175812 0.000792618 0.00108212 0.00180406 6.14347e-05 0.000905791 0.00141922 0.00165614 0.00506603 -0.0032716 -0.0183777 0.00698652 0.0116789 0.00118074 0.00300095 0.000197274 -0.00373904 0.000706582 -0.00444155 -0.000534085 -0.00751789 -0.000532878 0.00139675 -0.00168232 0.00546801 -0.00546046 -0.0225704 -0.0596112 -0.0826479 -0.106694 -0.149099 -0.193908 -0.0430861 -0.0145494 0.00362073 -0.00902636 -0.013124 0.0667793 0.000774072 -0.00166201 -0.00816905 -0.0335733 -0.0293992 -0.0398034 -0.103002 -0.0300105 -0.0701811 -0.0953923 -0.125677 -0.00992514
internal_weight=877949 626269 251680 175124 76556 23513 225 17071 158053 147409 30885 29756 18358 390954 330093 193340 136753 110775 182681 174659 21371 4001 1491 17370 8079 153288 53770 99518 8022 90138 6632 116524 3387 235315 37525 21366 16159 2480 780 380 270 210 126 84 84 2637 50252 936 888 48 17175 23288 3042 871 841 641 86 555 185 140 110 370
internal_count=877949 626269 251680 175124 76556 23513 225 17071 158053 147409 30885 29756 18358 390954 330093 193340 136753 110775 182681 174659 21371 4001 1491 17370 8079 153288 53770 99518 8022 90138 6632 116524 3387 235315 37525 21366 16159 2480 780 380 270 210 126 84 84 2637 50252 936 888 48 17175 23288 3042 871 841 641 86 555 185 140 110 370
is_linear=0
shrinkage=0.05


Tree=105
num_leaves=63
num_cat=0
split_feature=4 4 3 0 0 0 11 22 3 3 0 14 3 11 13 3 1 13 22 15 18 18 18 15 9 19 6 0 19 6 15 22 14 18 5 14 19 6 22 15 18 16 13 4 4 2 5 14 19 15 9 14 4 16 15 18 5 14 18 19 18 6
split_gain=74.1105 67.6688 53.2164 57.7551 185.593 160.447 125.927 153.767 120.767 99.797 95.4897 83.4929 77.6769 68.6575 64.9915 109.212 78.6799 60.9439 167.267 227.507 153.724 121.285 101.847 101.368 87.1436 101.483 96.1481 85.1956 85.8647 136.813 333.003 246.12 209.247 208.633 163.9 127.516 122.794 322.803 196.375 120.259 216.322 102.099 134.338 113.125 98.6525 97.8857 86.0041 102.267 79.495 166.249 114.994 95.3774 176.165 126.46 123.175 98.5872 188.5 121.796 85.3122 75.6969 72.3021 70.3318
threshold=-0.14281512796878812 1.445498049259186 -0.76847952604293812 -0.47525136172771448 -0.41852289438247675 -0.49609039723873133 0.61866869032382976 1.4189848899841311 -0.54222697019577015 -0.73334911465644825 -0.71026927232742298 1.3666816353797915 -0.68251031637191761 1.0553198158741 -0.098987910896539674 -0.57429704070091236 -1.0000000180025095e-35 1.0673541426658633 1.201113283634186 -0.22701143473386762 1.0018532872200014 0.10083015263080598 0.6540917456150056 0.80370557308197033 0.86191278696060192 0.068634903989732279 1.0000000180025095e-35 -1.3655410408973692 -0.58511462807655323 1.0000000180025095e-35 -1.0164967775344846 1.1624757647514345 0.41945093870162969 0.22728801518678668 1.0000000180025095e-35 1.1890759468078616 0.53559884428977977 1.0000000180025095e-35 1.2510103583335879 -0.66561439633369435 0.25890488922595983 1.620444178581238 1.0207004547119143 0.86792960762977611 1.3011059165000918 1.7396694421768191 1.2477897703647616 1.0213370919227602 0.90917006134986889 0.80370557308197033 -1.2384440898895261 0.69572657346725475 0.72353750467300426 0.55972985923290264 0.80370557308197033 0.069213273003697409 1.0000000180025095e-35 0.91280031204223644 0.10083015263080598 -0.7719002068042754 1.1757364869117739 1.0000000180025095e-35
decision_type=2 2 2 2 2 2 2 2 2 2 2 2 2 2 2 2 2 2 2 2 2 2 2 2 2 2 2 2 2 2 2 2 2 2 2 2 2 2 2 2 2 2 2 2 2 2 2 2 2 2 2 2 2 2 2 2 2 2 2 2 2 2
left_child=-1 2 -2 5 -5 6 9 10 12 -4 17 13 -6 -10 -14 -16 -17 27 20 -20 22 24 48 -23 25 -21 -27 28 29 -8 33 32 -32 34 -31 -36 37 -30 -38 40 -39 42 44 -43 45 59 -35 -48 51 50 -50 -19 -53 55 -55 61 57 -57 -52 -34 -41 -54
right_child=1 -3 3 4 8 -7 7 -9 11 -11 -12 -13 14 -15 15 16 -18 18 19 21 -22 23 -24 -25 -26 26 -28 -29 36 30 31 -33 41 46 35 -37 38 39 -40 60 -42 43 -44 -45 -46 -47 47 -49 49 -51 58 52 53 54 -56 56 -58 -59 -60 -61 -62 -63
leaf_value=-0.00049854529448840142 -0.0042001565091693673 -0.00097544172441371951 0.0095921912141610412 0.010283982766818231 0.00048112372391622262 -0.011964636771250432 -0.0044920780576870349 -0.041151750268702346 0.0014860592929058095 0.00098871715629763614 -0.0059185972494102401 -0.004162859043795107 -0.00043353465555163393 0.0044764368060500898 -0.008746068193794863 -0.010967666371392884 0.0064080710564081433 0.0030494029543869034 0.08297270644599429 -0.036063688047256119 0.081094564273953451 0.093074060070017978 -0.060216426070067379 -0.0068417518547820777 -0.074713863929112764 -0.0255366111251836 0.10366239859205154 0.00024393771346982075 -0.0058363961123775862 0.12837647272066938 -0.094646421819925317 -0.085350731346342301 0.059624264657512804 -0.061923758366869558 -0.066087714934514638 0.082701660521949327 -0.0035745228523227368 0.089126469536374014 0.058871131376222234 -0.048555843760350756 -0.053282124350468321 -0.089822172746062287 -0.029290421524395545 0.063695433425406608 0.017812597948229977 0.16839778105417888 -0.033116733096539973 0.08606299554618696 0.061823218554275597 0.090271892346855676 0.0055796145364583943 0.11328524282823008 -0.0088031966424232961 -0.066911813746786342 0.025018009218514305 -0.089599952350060144 0.094589834914853177 0.049441930492009435 -0.066213702224195009 0.1137765607373281 0.039495197186867399 -0.078689897495011485
leaf_weight=403142 5514 73147 3501 5521 37740 2761 2868 246 150610 90508 10099 5938 11014 21998 8601 882 2493 2272 156 72 60 60 68 44 48 24 36 29917 2760 36 24 36 242 180 36 24 2724 48 132 816 60 24 36 24 72 30 72 24 81 72 300 24 144 212 44 36 60 28 48 88 24 48
leaf_count=403142 5514 73147 3501 5521 37740 2761 2868 246 150610 90508 10099 5938 11014 21998 8601 882 2493 2272 156 72 60 60 68 44 48 24 36 29917 2760 36 24 36 242 180 36 24 2724 48 132 816 60 24 36 24 72 30 72 24 81 72 300 24 144 212 44 36 60 28 48 88 24 48
internal_value=-2.7524e-12 0.000423297 0.000678024 0.000745924 0.00122063 -2.18804e-05 0.000200035 -0.0017103 0.0010115 0.00130912 -0.00153172 0.00166662 -0.000914547 0.00186717 -0.00320566 -0.0057551 0.00186721 -0.000530159 0.00540744 0.034462 0.00175173 0.00781522 0.000366638 0.050802 -0.0170216 0.00395744 0.0519828 -0.00111026 -0.0050133 0.000950995 0.017418 0.041233 0.0496719 -0.0194568 0.0440337 -0.00657196 -0.00848065 -0.0144825 -0.000688379 -0.0396546 0.0100106 0.0563844 0.0635073 -0.0130634 0.0712404 0.081926 -0.0415405 -0.0033218 0.00158945 0.0199658 0.00816622 -0.00162065 -0.0194233 -0.0249915 -0.0511114 -0.00383104 0.0309207 -0.0287691 -0.00432291 0.0740649 -0.0460401 -0.0262749
internal_weight=877949 474807 401660 396146 244797 151349 148588 54579 239276 94009 54333 178546 60730 172608 22990 11976 3375 44234 3937 440 3497 284 3437 104 180 132 60 40297 10380 3816 948 576 540 372 96 60 6564 3708 2856 948 108 516 468 48 432 360 276 96 3369 501 429 2868 596 572 256 316 124 64 348 330 840 192
internal_count=877949 474807 401660 396146 244797 151349 148588 54579 239276 94009 54333 178546 60730 172608 22990 11976 3375 44234 3937 440 3497 284 3437 104 180 132 60 40297 10380 3816 948 576 540 372 96 60 6564 3708 2856 948 108 516 468 48 432 360 276 96 3369 501 429 2868 596 572 256 316 124 64 348 330 840 192
is_linear=0
shrinkage=0.05


Tree=106
num_leaves=63
num_cat=0
split_feature=5 8 3 13 0 0 14 11 0 3 13 19 6 0 14 13 10 18 7 14 6 18 6 18 9 22 6 4 6 3 17 5 3 3 22 0 17 3 0 0 0 13 0 0 4 3 0 0 4 0 11 0 3 13 3 6 22 0 0 0 0 3
split_gain=70.5669 91.11 94.6364 70.4114 73.6609 68.6895 96.5253 113.435 83.271 106.749 89.9251 78.0301 86.6355 156.303 478.151 302.437 159.205 136.569 148.098 123.711 281.172 161.046 144.676 111.662 161.822 223.26 113.318 99.417 70.9874 63.8855 121.301 75.6555 61.091 85.8972 57.7183 56.5622 55.6002 127.033 104.334 98.0814 120.232 101.64 150.904 117.969 97.619 96.8271 200.08 99.6036 96.413 95.671 86.3655 74.1979 73.1327 68.0318 62.7682 67.4393 57.0584 152.533 92.6928 104.845 91.5221 95.0539
threshold=1.2477897703647616 -0.85498791933059681 -0.75740474462509144 0.33955676853656774 -0.36642532050609583 -1.1351540088653562 1.2630783319473269 0.61866869032382976 -1.1085263490676878 -0.38639131188392634 -0.00050777404948121319 -0.86529299616813649 1.0000000180025095e-35 -1.3840646743774412 0.91280031204223644 0.43286409974098211 -0.79733012616634358 0.053404832258820541 1.1108536720275881 1.1890759468078616 0.23542753793299201 0.29051695764064794 0.23542753793299201 -0.32597358524799341 0.86191278696060192 0.85679104924201976 0.23542753793299201 -1.0091677606105802 0.23542753793299201 -0.72433647513389576 -0.055877291234588893 0.74835324287414562 -0.72815677523612965 -0.73768702149391163 -1.0478559732437132 -1.0900027751922605 -0.055877291234588893 -0.55416440963745106 1.2150256037712099 1.0459979176521303 1.0413669943809511 0.1809341758489609 1.1745052933692934 1.0610483288764956 -1.1535598635673521 1.333412289619446 1.1721898317337038 1.0899914503097536 -0.57599145174026478 1.0737832784652712 1.0000000180025095e-35 1.0610483288764956 -0.61470600962638844 -0.5561939775943755 -0.73645466566085804 0.6487882286310197 -1.1014128923416135 -0.7183733582496642 0.92791008949279796 1.0263165831565859 -0.77394410967826832 -0.1616052761673927
decision_type=2 2 2 2 2 2 2 2 2 2 2 2 2 2 2 2 2 2 2 2 2 2 2 2 2 2 2 2 2 2 2 2 2 2 2 2 2 2 2 2 2 2 2 2 2 2 2 2 2 2 2 2 2 2 2 2 2 2 2 2 2 2
left_child=1 2 3 4 34 6 11 -8 9 10 -7 12 -3 14 16 17 -14 18 -16 21 -21 22 -17 -18 27 26 -26 -25 -27 30 -4 -32 33 -2 -1 -10 38 52 39 40 56 42 43 -41 -40 47 -47 49 -44 51 -46 -43 54 -50 55 -38 57 60 -58 -60 61 -37
right_child=32 5 29 -5 -6 8 7 -9 35 -11 -12 -13 13 -15 15 19 23 -19 -20 20 -22 -23 -24 24 25 28 -28 -29 -30 -31 31 -33 -34 -35 -36 36 37 -39 44 41 -42 45 48 -45 50 46 -48 -49 53 -51 -52 -53 -54 -55 -56 -57 58 -59 59 -61 -62 -63
leaf_value=0.0088858430481984756 -0.001910665389008563 -0.0027500886310494986 0.002625389017964878 0.0017965104667604923 -0.016374369503352304 0.01645076881384349 0.0028046598915133641 -0.038544686597638898 -0.0062697631408697302 0.0052713909669895795 -0.0072652634355044564 -0.0034241286896068953 0.071581746386999087 -0.0030182739863708866 -0.10659503503279254 0.069862159235325835 0.10427889212521471 -0.077597636187618432 0.046901277229189881 -0.076935610692363154 0.0042347990417029059 0.0054512626543260579 0.0023718702078658381 -0.095857029159863799 0.08529566616687756 -0.093034684646761789 0.018428583263015056 0.00042197726617267659 0.010674868140962315 0.001022152452496245 0.021612124434445532 -0.0077119564423589297 -0.00080159432266180242 -0.012940566541969317 -0.0092116451689677904 -0.00084610402009491616 -0.0036782064158529595 7.3398545741663358e-05 0.0072397509839354545 -0.0091548669442296209 0.0096008548313262828 -0.0069420739487174189 -0.028518164188651541 -0.00078466454792333834 -0.0018402917264212669 0.02221984817671711 -0.0043846858450399947 0.0027336419426675883 -0.014892083672444221 -0.017354278657301388 0.0036164676068718947 0.0072754885292784233 -0.0084118104805870272 0.014075080584181297 -0.0010203414571239515 -0.016428611899452199 -0.00027511106567956815 0.00064116423533646478 0.0079837131769428717 -0.0044167264381790002 0.019231447820890358 0.019650038870517833
leaf_weight=710 5898 7496 8506 2274 1871 457 13037 168 3660 14632 3188 46312 330 2985 22 231 44 165 55 121 902 726 121 33 176 33 99 143 33 202723 1459 259 117176 2519 1161 2018 3580 70791 9120 6021 3432 2852 1015 13992 12491 1426 1401 7130 708 1426 17286 1353 6764 284 17046 1460 222562 22351 6807 2274 1848 786
leaf_count=710 5898 7496 8506 2274 1871 457 13037 168 3660 14632 3188 46312 330 2985 22 231 44 165 55 121 902 726 121 33 176 33 99 143 33 202723 1459 259 117176 2519 1161 2018 3580 70791 9120 6021 3432 2852 1015 13992 12491 1426 1401 7130 708 1426 17286 1353 6764 284 17046 1460 222562 22351 6807 2274 1848 786
internal_value=3.27224e-12 0.00018315 0.00104193 -0.00514245 -0.00935922 -0.000169386 -0.0015917 0.00227859 5.69679e-05 0.00336419 -0.00429181 -0.00244311 0.000869552 0.00523244 0.0128479 0.000991985 0.0440246 -0.0519386 0.00304519 0.0070887 -0.005366 0.018908 0.0466624 0.0278145 0.0213069 0.0414035 0.0612235 -0.0176303 -0.0411799 0.00121664 0.00507299 0.0171913 -0.00109715 -0.00521164 -0.00234408 -7.9824e-05 -2.81263e-05 -0.00106631 0.000277398 -3.88116e-05 0.000303842 -0.00242665 -0.00461366 -0.00330288 0.00271367 0.000662764 0.00903522 -0.00119202 -0.0176842 -0.00616272 0.00132744 -0.00236743 -0.00386288 -0.00659906 -0.00246973 -0.00737178 0.000180479 0.00235559 -7.3077e-05 0.00487848 0.0105927 0.00489925
internal_weight=877949 752356 218963 6016 3742 533393 73232 13205 460161 18277 3645 60027 13715 6219 3234 2343 891 242 77 2101 1023 1078 352 561 517 341 275 176 66 212947 10224 1718 125593 8417 1871 441884 438224 99641 338583 299686 262078 37608 22020 20013 38897 15588 2827 12761 2007 5631 29777 4205 28850 992 22086 5040 258646 27003 231643 9081 4652 2804
internal_count=877949 752356 218963 6016 3742 533393 73232 13205 460161 18277 3645 60027 13715 6219 3234 2343 891 242 77 2101 1023 1078 352 561 517 341 275 176 66 212947 10224 1718 125593 8417 1871 441884 438224 99641 338583 299686 262078 37608 22020 20013 38897 15588 2827 12761 2007 5631 29777 4205 28850 992 22086 5040 258646 27003 231643 9081 4652 2804
is_linear=0
shrinkage=0.05


Tree=107
num_leaves=63
num_cat=0
split_feature=6 0 0 3 3 3 0 0 0 0 17 6 9 14 0 3 0 0 0 3 6 5 22 0 0 2 2 0 0 6 6 3 4 3 3 0 7 6 0 0 2 0 0 3 0 4 6 0 2 8 3 6 22 3 0 3 22 8 6 14 5 15
split_gain=67.7238 92.3249 82.8262 97.7565 114.322 163.673 105.455 130.969 191.257 919.944 148.7 106.126 204.95 255.646 86.7607 79.3775 102.424 72.7266 76.8293 133.974 67.497 65.4819 72.4359 91.7468 94.8847 83.5517 85.423 110.447 103.109 193.799 90.6396 81.1958 74.745 68.9505 67.4556 89.1028 80.5708 65.4188 92.2733 237.604 63.9516 67.2404 97.1393 80.2687 72.5199 97.7974 63.8869 63.4748 75.8263 59.6623 74.7961 135.863 59.6947 58.9577 58.8655 70.8288 58.386 57.06 56.4487 116.546 77.9354 112.671
threshold=1.0621489584445956 -1.5947703719139097 -1.5125719904899595 0.3744166642427445 1.4603368639945986 1.333412289619446 -1.1351540088653562 -0.27959600090980524 0.75193604826927196 0.69404986500740062 -0.055877291234588893 1.4755097031593325 0.86191278696060192 1.440683960914612 -1.3365979194641111 -0.6953391134738921 -0.47525136172771448 -0.49609039723873133 -0.58755058050155629 -0.13727854937314984 0.6487882286310197 0.74835324287414562 -0.93774154782295216 -0.69406116008758534 -0.58755058050155629 -0.24429284036159513 0.6059766709804536 0.75193604826927196 0.11866103112697603 0.23542753793299201 0.23542753793299201 -0.73334911465644825 -1.0091677606105802 5.9515886306762704 1.333412289619446 1.0459979176521303 0.85204461216926586 1.4755097031593325 -0.38031800091266627 -0.37105621397495264 2.02309262752533 1.5415037870407107 1.4488858580589297 -0.18533226102590558 1.5507655739784243 -1.2979519963264463 1.0000000180025095e-35 -0.16613905131816861 -0.81113922595977772 -0.53798767924308766 0.25659510493278509 1.4755097031593325 0.66599091887474071 -0.73645466566085804 1.3782647252082827 0.81717792153358471 0.59218090772628795 0.53518827259540569 0.23542753793299201 1.0805390477180483 -0.74995630979537953 -0.22701143473386762
decision_type=2 2 2 2 2 2 2 2 2 2 2 2 2 2 2 2 2 2 2 2 2 2 2 2 2 2 2 2 2 2 2 2 2 2 2 2 2 2 2 2 2 2 2 2 2 2 2 2 2 2 2 2 2 2 2 2 2 2 2 2 2 2
left_child=1 20 -2 6 5 -5 14 15 9 10 47 -11 -13 -14 -4 37 17 18 19 57 -1 22 23 31 -25 32 28 30 58 -30 -28 -3 -24 -23 35 -29 46 38 -8 -40 41 42 43 -10 45 -43 -37 48 -9 -16 -51 52 -52 -49 55 -38 -12 -17 59 -27 61 -61
right_child=2 21 3 4 -6 -7 7 8 40 11 56 12 13 -15 49 16 -18 -19 -20 -21 -22 33 25 24 -26 26 27 34 29 -31 -32 -33 -34 -35 -36 36 54 -39 39 -41 -42 44 -44 -45 -46 -47 -48 53 -50 50 51 -53 -54 -55 -56 -57 -58 -59 -60 60 -62 -63
leaf_value=-0.0094775875157571427 0.0069881824054343613 0.017939975895009754 0.00025922258213237885 0.0036752288638890922 -0.0030366895666999625 0.023466284580348759 -0.0048836932727610513 -0.014535024565565727 0.0054827659495086173 -0.059600178432720967 -0.012234998269219099 -0.050128839873686076 0.1142723834514618 -0.049055806903735455 -0.0020875339164190395 0.0054563022218349693 0.0093708590050488021 -0.010256467023748618 0.0098800879196742214 -0.0074932205971960965 0.0068619682279301838 -0.00098777642261718354 -0.0013423454725066833 -0.0079911334148010243 0.0008860206884588424 -0.0010016235167978444 -0.0024372814956350585 0.0053000597993113196 -0.00085705002429586419 -0.0098388947037235195 0.0007894369368784712 0.0035730316294671008 0.0010050324190123943 0.0099953157109916452 0.0078591368807684851 0.0064357438336037995 -0.0045001107466796936 -0.0079805027740502393 0.032037755931597404 -0.00058942431007477116 0.0098457642664745507 -0.020629820501476173 -0.0074639238046688497 -0.001328604130155101 0.0026843959721245848 0.020170249413566949 -0.00015030668501739831 -0.008426883592994169 -0.00024527159507106673 -0.0089561128563440309 0.012391400006082324 0.0055741615456095491 -0.04820313764381267 0.0015403375602348133 0.0021125551319110354 -0.01848766733604788 0.00087172389693880971 3.1570443974967322e-05 0.0032846079242933057 0.022339360555515716 -0.03700542450702636 -0.027124964256817347
leaf_weight=4200 5435 1037 5435 26825 6247 1087 2976 1618 6498 744 4299 246 50 46 2430 12874 6543 1086 3478 3260 744 205351 42933 3111 92859 13441 60932 9598 12776 11333 33857 19038 161400 1439 4127 4785 4421 2752 744 2232 2175 168 4167 12936 10696 1168 15976 1616 2178 3412 45 217 420 18116 2324 1138 1059 7775 7224 197 378 277
leaf_count=4200 5435 1037 5435 26825 6247 1087 2976 1618 6498 744 4299 246 50 46 2430 12874 6543 1086 3478 3260 744 205351 42933 3111 92859 13441 60932 9598 12776 11333 33857 19038 161400 1439 4127 4785 4421 2752 744 2232 2175 168 4167 12936 10696 1168 15976 1616 2178 3412 45 217 420 18116 2324 1138 1059 7775 7224 197 378 277
internal_value=-3.9671e-13 -0.000209724 0.000919524 0.000710264 0.00307754 0.00444597 5.5279e-05 0.000533856 -0.000842422 -0.00382548 -0.00212698 -0.0490029 -0.0259492 0.036011 -0.00440674 0.00266753 0.00372972 0.00243341 0.00293661 0.00192655 -0.00701872 -0.000162308 0.000145534 0.00124126 0.000598255 -0.000182928 -0.000959581 -0.000336156 -0.00283368 -0.00507918 -0.00128475 0.00431517 0.000511818 -0.000911348 0.00178607 0.00113068 -0.000266396 -0.00160567 0.00134184 0.00756737 0.00152237 0.00101432 -0.000536502 0.000948862 0.00405629 0.0150397 0.00136765 -0.000415036 -0.00633611 -0.00829385 -0.0119776 -0.027094 -0.0423392 0.000724048 -0.00456988 -0.00736355 -0.00964448 0.00341372 -0.000317685 -0.00213836 -0.0200714 -0.00656701
internal_weight=877949 714896 163053 157618 34159 27912 123459 111500 67780 29972 28886 1086 342 96 11959 43720 35016 28473 27387 23909 4944 709952 503162 116045 95970 387117 182784 137158 45626 24109 94789 20075 204333 206790 42369 38242 28644 8704 5952 2976 37808 35633 23601 19434 12032 1336 20761 23528 3796 6524 4094 682 465 19732 7883 5559 5358 20649 21517 14293 852 474
internal_count=877949 714896 163053 157618 34159 27912 123459 111500 67780 29972 28886 1086 342 96 11959 43720 35016 28473 27387 23909 4944 709952 503162 116045 95970 387117 182784 137158 45626 24109 94789 20075 204333 206790 42369 38242 28644 8704 5952 2976 37808 35633 23601 19434 12032 1336 20761 23528 3796 6524 4094 682 465 19732 7883 5559 5358 20649 21517 14293 852 474
is_linear=0
shrinkage=0.05


Tree=108
num_leaves=63
num_cat=0
split_feature=3 3 3 3 0 3 3 3 3 3 3 2 22 0 0 3 3 0 13 22 0 22 3 6 0 22 3 0 3 6 13 6 3 3 4 13 0 13 0 4 4 22 6 5 8 3 3 2 4 14 3 3 3 22 22 0 22 0 0 2 0 4
split_gain=63.3487 156.241 108.873 93.1093 141.08 84.8889 108.483 99.0252 234.899 108.993 158.267 113.25 104.824 160.137 94.1842 87.0228 178.421 151.167 141.354 86.5489 143.184 98.0089 90.8171 84.6209 95.1417 82.6329 83.7559 81.306 77.6176 134.279 65.3664 63.8923 633.368 167.555 270.69 173.302 160.419 148.939 144.343 122.142 79.2106 76.6348 74.1254 63.6641 83.0916 61.4212 159.468 118.141 124.099 134.396 119.446 128.349 364.653 95.0727 94.5764 132.252 83.0355 221.597 86.5429 87.1226 81.1686 72.3899
threshold=0.072571337223052992 -0.066463191062211976 0.084044579416513457 -0.078671745955944047 -0.29348869621753687 -0.1133584901690483 -0.25424566864967341 -0.31494747102260584 -0.34548528492450709 -0.36534266173839564 -0.38639131188392634 -0.81113922595977772 0.017657770775258545 -0.70216521620750416 -0.92676365375518788 -0.18533226102590558 -0.18013582378625867 0.99505805969238292 -0.23894894868135449 -0.42796838283538813 1.6665380001068117 1.3943807482719424 -0.66526141762733448 0.6487882286310197 0.92791008949279796 0.42704145610332495 -0.37929293513298029 -0.88971650600433339 -1.0000000180025095e-35 0.23542753793299201 1.715840280056 -1.0046545863151548 -0.13727854937314984 -0.13727854937314984 -0.57599145174026478 -0.49087883532047266 1.6248599290847781 0.022311674430966381 1.6248599290847781 -1.5867361426353452 -0.57599145174026478 0.34840300679206854 1.0000000180025095e-35 0.74835324287414562 -0.18441987375263122 -0.67935135960578907 -0.68651545047759999 -0.24429284036159513 -0.86477565765380848 -0.67578449845314015 -0.52379089593887318 -0.53287750482559193 -0.53755223751068104 -0.56257647275924672 0.22191561758518222 -0.5065099149942397 -1.2259613275527952 -0.39305296540260309 -0.44167736172676081 0.6059766709804536 -0.13140735030174253 0.72353750467300426
decision_type=2 2 2 2 2 2 2 2 2 2 2 2 2 2 2 2 2 2 2 2 2 2 2 2 2 2 2 2 2 2 2 2 2 2 2 2 2 2 2 2 2 2 2 2 2 2 2 2 2 2 2 2 2 2 2 2 2 2 2 2 2 2
left_child=1 3 -2 5 -5 6 7 8 9 10 11 19 13 -11 -9 17 18 23 -17 22 21 -21 -1 -8 -25 -12 -27 -18 29 -3 45 32 -29 34 38 -36 42 -35 39 -33 -39 -41 -37 -16 -45 46 56 48 -47 -50 51 52 -49 -52 -53 -56 57 58 59 -13 61 -51
right_child=2 28 -4 4 -6 -7 15 14 -10 12 25 30 -14 -15 43 16 27 -19 -20 20 -22 -23 -24 24 -26 26 -28 31 -30 -31 -32 33 -34 37 35 36 -38 40 -40 41 -42 -43 -44 44 -46 47 -48 50 49 60 53 54 -54 -55 55 -57 -58 -59 -60 -61 -62 -63
leaf_value=-0.0079065364211000251 0.0072626500126453776 -0.012420475125862595 0.00046469681995941971 -0.0011731730303447007 0.0096421976303950711 -0.0035798948344254581 -0.00081334619090228264 0.0023632485260892864 0.0075158552110669409 -0.016683819089419735 0.0024122356739622423 0.018596739870916312 -0.00095936297168650552 -0.0030446414597217128 -0.0029889619284883687 -0.0010216119292564591 0.0073759717307019038 0.0080005263892054795 -0.012325126548640385 -0.0056862700240429996 0.0015558842798326252 0.0018621337501672941 0.0011042322312405778 0.0023337803458052262 0.015495437140520369 0.017524843913093103 0.0040212129693804567 -0.014429415865362047 -0.0018395948330499541 -0.0014317879949639581 -0.0059863478278432162 0.018461657272524263 0.022817750478824103 0.0028515577505997727 -0.0031947336664290196 -0.003304415625524507 0.0058939274119288558 -0.0015035287633321718 0.0036709646233361406 -0.031712422091293088 -0.013975860591221013 -0.0068255890539791744 0.027961403576836397 -0.014851353707519097 -0.0036396780555247709 -0.00233986149504831 -0.0051161850220051187 0.0012349395698625538 0.015019431300895034 -0.0018121654286812304 0.0022884479517849723 0.0016420636243033922 -0.011555648828992387 -0.0037481779761173585 -6.0557737263612387e-05 0.013401311082543011 -0.00045150841239737578 -0.0015426894646378129 0.019889507321959075 0.0007310432861170283 0.0095809308224185669 0.0072627474964431912
leaf_weight=3137 6015 5791 283102 6031 6030 18042 16789 6029 9654 3267 13457 1017 14517 6306 16526 7765 5988 12051 4296 34431 11704 4914 25747 5481 1832 2104 2528 2070 18089 5347 4398 199 2544 3637 1669 209 2125 1864 1440 928 4015 464 2039 3052 3604 5630 17327 75407 3461 6164 8660 9826 6017 26424 2737 5472 98897 7687 2034 2074 4473 3415
leaf_count=3137 6015 5791 283102 6031 6030 18042 16789 6029 9654 3267 13457 1017 14517 6306 16526 7765 5988 12051 4296 34431 11704 4914 25747 5481 1832 2104 2528 2070 18089 5347 4398 199 2544 3637 1669 209 2125 1864 1440 928 4015 464 2039 3052 3604 5630 17327 75407 3461 6164 8660 9826 6017 26424 2737 5472 98897 7687 2034 2074 4473 3415
internal_value=1.1883e-12 -0.000297609 0.000606126 -0.000111476 0.00423406 -0.000207197 -9.2277e-05 -0.00038841 -0.000193923 -0.000374041 -0.000172001 -0.00039464 -0.00363772 -0.00769932 -0.00320397 0.00163734 6.78708e-05 0.00342816 -0.0050478 -0.00206167 -0.00329925 -0.00474351 0.000125601 0.00114197 0.00563094 0.0043949 0.010155 0.00218154 -0.00386147 -0.00714516 6.30777e-05 0.000841014 0.00610738 -0.000466158 0.00439536 0.0105123 0.0157437 -0.00510136 -0.00779813 -0.0181787 -0.0100214 -0.0234168 0.0250546 -0.00465186 -0.00878061 0.000155869 -0.000653115 0.000817869 0.00411772 0.00619368 0.000250255 0.00113508 0.000289752 -0.00225812 0.00495155 0.00891293 3.9145e-05 0.00382654 0.0118799 0.00660921 0.0040199 0.00142312
internal_weight=877949 588832 289117 559605 12061 547544 529502 452097 422886 413232 389142 371053 24090 9573 29211 77405 41252 36153 12061 79933 51049 39345 28884 24102 7313 18089 4632 29191 29227 11138 291120 23203 4614 18589 9073 6042 4373 9516 3031 1591 5879 1392 2248 23182 6656 286722 129036 157686 23143 17513 134543 99459 81424 35084 18035 8209 111709 12812 5125 3091 14052 9579
internal_count=877949 588832 289117 559605 12061 547544 529502 452097 422886 413232 389142 371053 24090 9573 29211 77405 41252 36153 12061 79933 51049 39345 28884 24102 7313 18089 4632 29191 29227 11138 291120 23203 4614 18589 9073 6042 4373 9516 3031 1591 5879 1392 2248 23182 6656 286722 129036 157686 23143 17513 134543 99459 81424 35084 18035 8209 111709 12812 5125 3091 14052 9579
is_linear=0
shrinkage=0.05


Tree=109
num_leaves=63
num_cat=0
split_feature=4 4 11 0 6 13 22 3 19 6 22 16 22 18 13 15 5 15 18 22 15 18 19 22 9 6 22 5 15 18 10 22 5 13 18 5 5 22 15 5 9 6 6 6 15 2 13 18 3 3 15 3 3 6 16 9 19 0 22 0 3 2
split_gain=61.3877 61.5971 47.5937 43.653 99.1633 137.478 88.5073 66.6496 49.6482 159.226 130.672 299.287 220.266 217.057 187.109 102.738 105.009 126.471 113.128 112.073 76.3563 172.377 63.0017 166.322 140.713 126.458 218.289 262.972 271.291 156.891 280.471 140.939 132.603 61.3026 60.0929 55.9766 51.8658 51.5216 121.103 78.3143 113.603 98.7435 94.8734 58.6269 93.1879 51.0749 50.2915 49.9181 48.582 81.5718 48.4069 48.1086 47.2164 47.0213 45.0111 51.088 43.4979 43.3439 43.1824 41.8396 41.4548 39.5398
threshold=-0.14281512796878812 1.5898901224136355 -1.7672376632690427 -1.4130077362060545 0.23542753793299201 1.3332802057266238 1.4189848899841311 -0.58496510982513417 -0.58511462807655323 1.0000000180025095e-35 0.55115702748298656 -0.11790292830298198 0.83205437660217296 0.51182064414024364 0.37687966227531439 1.5493306517601015 0.74835324287414562 1.0000000180025095e-35 0.10083015263080598 1.0418835878372195 0.65019455552101146 0.62247490882873546 1.0025628209114077 1.1496823430061343 1.244215786457062 -1.0000000180025095e-35 1.1788991093635561 0.74835324287414562 -0.51210337877273548 -0.088861472904682146 1.0000000180025095e-35 1.1009061336517336 1.2477897703647616 0.86207795143127453 0.54343754053115856 1.0000000180025095e-35 1.2477897703647616 0.67856144905090343 1.7028416991233828 -1.2493928074836729 -1.2384440898895261 1.0000000180025095e-35 1.0000000180025095e-35 1.0000000180025095e-35 0.34317243844270712 1.1728230714797976 1.123338580131531 1.1757364869117739 0.77002382278442394 0.69440227746963512 -0.22701143473386762 0.61896148324012767 0.81717792153358471 1.0000000180025095e-35 -0.50098438560962666 -1.2384440898895261 -0.7719002068042754 1.3782647252082827 1.2114459872245791 -1.4975215792655943 1.0941625237464907 1.1728230714797976
decision_type=2 2 2 2 2 2 2 2 2 2 2 2 2 2 2 2 2 2 2 2 2 2 2 2 2 2 2 2 2 2 2 2 2 2 2 2 2 2 2 2 2 2 2 2 2 2 2 2 2 2 2 2 2 2 2 2 2 2 2 2 2 2
left_child=-1 2 -2 4 5 6 8 -6 9 -4 -11 45 14 15 -13 16 17 -14 -18 -20 -15 -22 25 37 59 58 29 28 -28 30 46 50 -33 -29 -30 61 -21 53 39 42 41 -41 -39 -42 -45 -12 -27 54 49 51 -32 -5 -50 -24 -31 -56 -19 60 -10 -25 -54 -16
right_child=1 -3 3 48 7 -7 -8 -9 22 10 11 12 13 20 35 -17 18 56 19 36 21 -23 23 24 -26 26 27 33 34 47 31 32 -34 -35 -36 -37 -38 38 -40 40 43 -43 -44 44 -46 -47 -48 -49 52 -51 -52 -53 57 -55 55 -57 -58 -59 -60 -61 -62 -63
leaf_value=-0.00045373839646426211 0.0026024270779743579 -0.0015860992257731262 -0.0041878336113199922 0.0003441967657026133 0.010003908401054633 0.071730292669186999 -0.03802402849064062 0.00029155863530064811 -0.0039638130778015456 -0.030820839966718968 0.085775227091378636 -0.03632673808916783 -0.029075302556157114 -0.069081250735869015 0.075882726396627478 -0.051792593955062333 -0.095477433999379482 0.057180894657292147 -0.08412707343697548 0.006055994648486376 -0.11143680259585381 0.078067722469568265 -0.0036380509673172067 0.081857583266409017 -0.055849540630976358 -0.025571858672890815 0.070042012775582932 0.022724889807868749 -0.052295827540127862 -0.012114572543650866 0.11334867987160882 -0.064071912541985507 0.093608057796955121 0.09853463213890791 0.038821197003126147 -0.018237293530255556 0.099030765619439395 -0.0040676654886920008 0.094634535352233803 -0.003483635415323079 -0.0040224868238995749 0.08392840889592966 0.10483215756714344 -0.069797762847608996 0.049521274864673615 0.0015509340818971396 -0.076546311726172767 0.032562433332204821 0.0054238138873857079 -0.0059358498579080311 0.035561360865831379 0.0041487975861920533 -0.0017903686450268302 -0.026679484378546475 -0.10041850662231447 -0.047813703852395258 0.12510301719109218 0.0056161217616935745 -0.024074266021406013 0.031224586314056071 0.0019093767150781601 0.006778883691067281
leaf_weight=403142 26530 36573 4460 321996 2208 60 190 8832 5720 130 180 60 40 150 207 50 30 110 20 30 20 30 2860 102 30 250 70 40 190 80 60 40 20 80 20 20 30 40 40 70 240 60 40 90 20 20 60 20 8524 5090 30 8529 11372 240 50 600 30 5099 280 68 22654 23
leaf_count=403142 26530 36573 4460 321996 2208 60 190 8832 5720 130 180 60 40 150 207 50 30 110 20 30 20 30 2860 102 30 250 70 40 190 80 60 40 20 80 20 20 30 40 40 70 240 60 40 90 20 20 60 20 8524 5090 30 8529 11372 240 50 600 30 5099 280 68 22654 23
internal_value=-1.39913e-12 0.000385253 0.000549773 0.000417501 -0.00147253 -0.00382428 -0.00408571 0.00223403 -0.00370972 0.000133439 0.0164664 0.022321 0.00937233 -0.0099126 0.0429654 0.0144003 0.0258128 0.0493332 -0.0126751 0.0183758 -0.0512445 0.00226591 -0.0055929 -0.000425539 0.0439863 -0.00824108 -0.0206838 0.0113373 -0.015203 -0.0312692 -0.00827978 0.047847 -0.0115119 0.0732647 -0.043618 0.0619956 0.0525434 -0.00282618 0.0105851 0.00458154 -0.00305192 0.0368604 0.0503822 -0.0178765 -0.0481034 0.0773528 -0.0354379 -0.0453694 0.000557751 0.000345639 0.0874196 0.000442372 0.00205176 -0.0054219 -0.0475045 -0.0518602 0.0717356 0.0013171 -0.0049023 0.0616044 0.000672866 0.0689723
internal_weight=877949 474807 438234 411704 28440 17400 17340 11040 17150 5640 1180 1050 850 540 310 340 290 180 110 80 200 50 11510 3900 200 7610 1610 400 280 1210 460 150 60 120 210 250 60 3700 600 560 480 130 80 350 110 200 310 750 383264 335615 90 330525 47649 3100 730 650 140 39125 6000 170 34026 230
internal_count=877949 474807 438234 411704 28440 17400 17340 11040 17150 5640 1180 1050 850 540 310 340 290 180 110 80 200 50 11510 3900 200 7610 1610 400 280 1210 460 150 60 120 210 250 60 3700 600 560 480 130 80 350 110 200 310 750 383264 335615 90 330525 47649 3100 730 650 140 39125 6000 170 34026 230
is_linear=0
shrinkage=0.05


Tree=110
num_leaves=63
num_cat=0
split_feature=9 8 0 14 0 19 18 18 0 22 5 3 14 5 13 0 18 6 6 16 3 3 0 0 3 0 6 0 8 0 4 0 0 22 0 2 2 2 0 22 0 6 0 22 12 18 0 15 14 10 19 14 3 22 5 18 15 19 0 4 6 6
split_gain=59.8882 64.3468 62.516 113.663 163.248 147.424 290.475 355.976 396.427 108.564 369.318 106.069 80.2878 93.7761 98.5787 122.983 140.337 216.962 307.735 77.1253 64.9176 81.9144 62.0954 138.837 91.6545 67.507 135.881 87.2839 109.989 58.3202 164.363 78.5127 57.7783 70.3261 119.098 60.6283 76.5957 68.8532 52.3425 50.9453 125.883 290.764 124.246 188.443 296.678 352.664 175.07 193.71 233.867 403.899 201.646 185.11 139.089 132.929 325.001 193.712 146.978 144.084 129.983 123.265 111.462 186.263
threshold=0.30946898169349885 -0.18441987375263122 1.2150256037712099 0.75492852926254284 1.3782647252082827 1.0025628209114077 -0.24693621695041654 -0.76858097314834584 1.318063020706177 0.84919226169586193 -0.74995630979537953 0.17237992584705356 0.97200217843055736 -0.74995630979537953 1.0113697052001955 1.318063020706177 0.79635804891586315 1.4755097031593325 0.6487882286310197 -0.11790292830298198 -0.73768702149391163 -0.72433647513389576 1.3481638431549074 1.4488858580589297 0.94304263591766369 1.5415037870407107 -0.59129387140274037 1.5241379737854006 0.53518827259540569 1.5507655739784243 -1.2979519963264463 1.59591680765152 0.92791008949279796 -0.28804914653301233 1.1745052933692934 1.0000000180025095e-35 0.6059766709804536 0.88939985632896434 1.1745052933692934 0.51560327410697948 -1.3655410408973692 -1.0000000180025095e-35 0.32473587989807134 1.4761102199554446 -1.0295194983482359 0.1798675283789635 0.92791008949279796 -0.51210337877273548 1.3962825536727907 -0.79733012616634358 0.010969315839417961 1.4998859763145449 0.49141664803028112 1.7706146836280825 1.0000000180025095e-35 0.14825064688920978 0.34317243844270712 -0.58511462807655323 0.69404986500740062 -0.28720723092555994 1.0000000180025095e-35 0.23542753793299201
decision_type=2 2 2 2 2 2 2 2 2 2 2 2 2 2 2 2 2 2 2 2 2 2 2 2 2 2 2 2 2 2 2 2 2 2 2 2 2 2 2 2 2 2 2 2 2 2 2 2 2 2 2 2 2 2 2 2 2 2 2 2 2 2
left_child=22 2 20 -4 5 12 7 -7 11 -10 -11 -9 13 -5 15 -15 17 18 19 -17 -2 -22 39 -24 25 26 27 28 -25 30 -27 -31 35 38 -35 -23 -37 -38 -34 40 41 -1 60 -44 45 46 47 58 53 -50 51 52 -51 55 -55 57 -56 -49 -45 -52 -41 -62
right_child=1 -3 3 4 -6 6 -8 8 9 10 -12 -13 -14 14 -16 16 -18 -19 -20 -21 21 32 23 24 -26 29 -28 -29 -30 31 -32 -33 33 34 -36 36 37 -39 -40 42 -42 -43 43 44 -46 -47 -48 48 49 50 59 -53 -54 54 56 -57 -58 -59 -60 -61 61 -63
leaf_value=-0.0033496560269465035 -0.002727263787199851 -0.00012238241774946627 0.00067242442262670319 0.0013252985415273279 0.00025450832439369818 0.0061875060546579055 -0.0024140850524801 -0.1235121343101907 -0.23346369158137931 -0.24252821604410807 -0.0090758018079213805 -0.011141280823808518 -0.0020730282952713219 -0.019028287735177993 0.013306494613498216 -0.10849388365583895 0.011699831672012807 0.0084059182451003134 -0.21557592050937405 0.0088618620964033262 0.0085190807981528373 0.0022345247982974189 0.0049296772686008225 0.039442405423284171 0.008212005959229024 -0.024394635468794584 -0.0073126809103575821 -0.0049064326785922905 -0.0029719009646214547 -0.0083333322417929335 0.011289189265824839 0.000250727915132995 0.0024593258564950559 0.006164149744501541 0.031153933555326904 -0.0036263921937159751 0.0037578489644633922 -0.00067146528402921074 -0.011996161038875804 -0.0050214382394964726 -0.00071015325055610921 -0.028941237605833166 0.00017505479893662913 -0.0025133280974725461 -0.0012278401214540807 0.0015651646558766238 0.011072992207990309 -0.12243025074712932 0.017577794209797062 -0.085250607709146359 -0.15791081488132477 0.024188388783174256 -0.15033855943853022 -0.17113630986213685 -0.015256883821848984 -0.15497771260142326 -0.13386203348636627 -0.011396131951665407 -0.067621703814057743 -0.028497134148568401 0.0090394121082740843 0.00098800033018984937
leaf_weight=13176 8143 203340 21430 248 3219 104 304 28 44 36 32 84 1224 184 80 28 36 36 56 28 4478 63491 17280 401 2941 369 7474 477 247 2938 2572 28537 10013 7532 509 11749 14106 23211 668 6645 280574 1212 33657 781 9209 1841 298 30 145 275 20 30 117 50 202 25 30 1120 85 230 7867 82653
leaf_count=13176 8143 203340 21430 248 3219 104 304 28 44 36 32 84 1224 184 80 28 36 36 56 28 4478 63491 17280 401 2941 369 7474 477 247 2938 2572 28537 10013 7532 509 11749 14106 23211 668 6645 280574 1212 33657 781 9209 1841 298 30 145 275 20 30 117 50 202 25 30 1120 85 230 7867 82653
internal_value=-1.33113e-13 0.00047887 0.00119341 -0.00100484 -0.00723318 -0.0166779 -0.0376241 -0.0702578 -0.10575 -0.172266 -0.132668 -0.039234 -0.00978309 -0.0233422 -0.0369974 -0.047933 -0.0768377 -0.0983739 -0.132696 -0.049816 0.00160894 0.00186903 -0.000356119 0.00110901 -0.00032761 -0.000911476 -0.00487417 0.0113262 0.0232752 7.86223e-05 0.00681203 -0.000550542 0.0016422 0.00421416 0.00774602 0.00121439 -0.000105646 0.00100284 0.00155527 -0.000566554 -0.000944062 -0.00550541 0.000199743 -0.00187729 -0.00664508 -0.0160952 -0.0255521 -0.029028 -0.0366918 -0.0581048 -0.0744352 -0.0955163 -0.104677 -0.0246847 -0.0555126 -0.017286 -0.0305938 -0.0142927 -0.00890387 -0.0388502 0.00122891 0.00168774
internal_weight=877949 374441 171101 27201 5771 2552 632 328 224 112 68 112 1920 696 448 368 184 148 112 56 143900 135757 503508 63236 45956 43015 8599 1125 648 34416 2941 31475 131279 18722 8041 112557 49066 37317 10681 440272 294962 14388 145310 48145 14488 5279 3438 3140 2274 817 672 422 392 1457 282 1175 232 1150 866 250 97165 90520
internal_count=877949 374441 171101 27201 5771 2552 632 328 224 112 68 112 1920 696 448 368 184 148 112 56 143900 135757 503508 63236 45956 43015 8599 1125 648 34416 2941 31475 131279 18722 8041 112557 49066 37317 10681 440272 294962 14388 145310 48145 14488 5279 3438 3140 2274 817 672 422 392 1457 282 1175 232 1150 866 250 97165 90520
is_linear=0
shrinkage=0.05


Tree=111
num_leaves=63
num_cat=0
split_feature=5 8 3 13 0 0 0 6 0 2 0 19 12 18 18 0 0 14 9 18 0 0 0 14 6 3 19 6 0 14 13 22 13 18 7 9 22 15 5 4 9 6 6 18 4 6 6 6 0 6 3 0 2 2 0 0 0 0 6 13 5 15
split_gain=56.8812 72.7998 83.6967 65.9194 73.033 61.0274 95.0853 135.123 94.8716 60.8414 81.3251 56.69 150.263 111.828 230.755 108.236 155.479 86.5112 59.574 161.297 55.2549 55.235 136.001 72.8047 93.9848 71.8875 66.9209 60.852 153.04 448.618 275.718 130.834 136.921 129.062 138.527 122.562 118.727 110.754 192.324 90.3246 78.1983 310.691 146.99 90.6619 137.474 68.0387 59.705 59.2127 53.352 66.1246 93.2263 59.4333 53.117 121.131 74.6957 131.116 127.733 111.982 99.1581 84.8884 72.6379 71.4813
threshold=1.2477897703647616 -0.85498791933059681 -0.75740474462509144 0.23691862821578982 -0.36642532050609583 1.2150256037712099 1.5415037870407107 -1.0000000180025095e-35 1.4488858580589297 1.1728230714797976 -0.47525136172771448 1.1893483996391299 -1.0295194983482359 -0.53146880865097035 -0.088861472904682146 1.318063020706177 1.3782647252082827 0.31091411411762243 1.244215786457062 -0.10466991364955901 1.2763850092887881 -1.1224189996719358 -1.1085263490676878 1.2630783319473269 0.23542753793299201 -0.67935135960578907 -0.86529299616813649 -1.0000000180025095e-35 -1.3840646743774412 0.91280031204223644 0.43286409974098211 0.83205437660217296 0.1809341758489609 0.053404832258820541 1.1108536720275881 0.30946898169349885 1.0205361247062685 -0.51210337877273548 -1.2493928074836729 1.3011059165000918 0.30946898169349885 0.23542753793299201 0.23542753793299201 0.36955435574054724 -1.1535598635673521 0.23542753793299201 0.23542753793299201 0.23542753793299201 -0.39305296540260309 -1.0046545863151548 -0.6838453710079192 -0.41852289438247675 0.6059766709804536 1.0000000180025095e-35 -0.85266935825347889 -0.92676365375518788 0.34441718459129339 -0.13140735030174253 0.6487882286310197 0.33955676853656774 0.74835324287414562 3.2160221338272099
decision_type=2 2 2 2 2 2 2 2 2 2 2 2 2 2 2 2 2 2 2 2 2 2 2 2 2 2 2 2 2 2 2 2 2 2 2 2 2 2 2 2 2 2 2 2 2 2 2 2 2 2 2 2 2 2 2 2 2 2 2 2 2 2
left_child=1 2 3 4 -1 9 7 -7 11 52 -11 -9 13 -13 15 -15 -17 -16 -14 -20 -2 23 -23 25 -25 -3 27 -27 29 31 33 32 -29 34 -31 -33 46 -34 39 -39 42 -42 43 -38 -45 -40 -32 -37 49 51 -51 -12 53 54 55 -4 57 59 -59 -56 -54 -58
right_child=20 21 5 -5 -6 6 -8 8 -10 10 48 12 18 14 17 16 -18 -19 19 -21 -22 22 -24 24 -26 26 -28 28 -30 30 36 35 37 -35 -36 47 40 38 45 -41 41 -43 -44 44 -46 -47 -48 -49 -50 50 -52 -53 60 -55 56 -57 61 58 -60 -61 -62 -63
leaf_value=-0.0021123075660456851 -0.001419260079263089 -0.0071473612773136118 0.00075787620151298674 0.0012305363547002574 -0.016615708083011455 0.0017423717846161769 0.0020050612885970783 -0.0019021971366776657 -0.014998525548734116 -0.0034965890574822074 0.00070669837108451052 0.0062932223947295409 0.00068126146592140016 -0.047902895918545817 -0.096491317128141726 -0.19094690083024593 -0.041197802506100674 -0.0043963188273739755 -0.097636584262024081 -0.0035992861901238365 0.0015479051800277783 0.005562733486026001 -7.2658895600739737e-05 -0.035126016526677024 0.0025113297298459485 -0.0014532258946251854 -0.0023938938737877846 -0.023464290767908097 -0.0022077391481622687 -0.1066914801299572 0.066652761589397078 0.040502786787851214 0.092886481840163473 -0.077699232503771795 0.049007802721112964 -0.083955489592626692 0.079057391609530903 -0.096576864818731956 0.075631992603496956 0.026118254133810598 -0.075568620615771853 0.005097247696211088 0.002645748473650596 0.084830565154552465 -0.10055665701627732 0.022387784855236532 0.018800682353357842 0.0089701766955355804 1.6181718805932456e-05 -0.0081061186123854382 0.0090351022160698388 0.027466246756768287 0.0044471954352806936 -0.002847095796994519 0.0011125147424592935 -0.014347529917761247 0.00032803973563627208 0.010838674097832558 0.0019598268816738542 0.0083786033211087213 -0.0013463810883814194 -0.024164104166699712
leaf_weight=1736 107213 6214 31599 2544 1736 7904 16084 6310 2688 13317 315 110 1190 52 30 52 26 170 60 190 18380 10972 441884 168 13063 7526 47355 50 3271 20 110 110 200 150 50 40 120 30 240 30 140 810 530 20 20 80 160 30 11993 1190 2379 608 32267 15030 19115 1505 21975 10386 4510 5090 6500 302
leaf_count=1736 107213 6214 31599 2544 1736 7904 16084 6310 2688 13317 315 110 1190 52 30 52 26 170 60 190 18380 10972 441884 168 13063 7526 47355 50 3271 20 110 110 200 150 50 40 120 30 240 30 140 810 530 20 20 80 160 30 11993 1190 2379 608 32267 15030 19115 1505 21975 10386 4510 5090 6500 302
internal_value=2.88678e-13 0.000164434 0.000932081 -0.00488387 -0.00936401 0.00109639 -0.000816565 -0.00323287 -0.0068479 0.00147092 -0.000590554 -0.00417282 -0.0117939 -0.0373663 -0.0519195 -0.103779 -0.141031 -0.0182106 -0.00398011 -0.0261682 -0.000985028 -0.000150693 6.38779e-05 -0.00135722 0.00203343 -0.00202375 -0.0015026 0.00156993 0.00523315 0.0135118 0.00146731 0.0451842 0.0559254 -0.0515378 0.00452229 0.00758996 0.00757261 0.0627694 0.0469183 -0.0352293 0.0025145 -0.00679035 0.0153255 0.0573273 -0.00786305 0.0623209 0.038296 -0.0441302 0.00175701 0.00640479 0.00331976 0.0183338 0.00188525 0.0013222 0.00198544 7.11424e-05 0.00301791 0.00473957 0.00815046 0.00264048 0.0034758 -3.99005e-06
internal_weight=877949 752356 218963 6016 3472 212947 34866 18782 10878 178081 29802 8190 1880 440 330 130 78 200 1440 250 125593 533393 452856 80537 13231 67306 61092 13737 6211 2940 2130 810 630 220 70 180 1910 580 380 60 1640 950 690 160 40 320 270 70 16485 4492 3569 923 148279 109512 94482 33104 61378 39101 14896 24205 38767 22277
internal_count=877949 752356 218963 6016 3472 212947 34866 18782 10878 178081 29802 8190 1880 440 330 130 78 200 1440 250 125593 533393 452856 80537 13231 67306 61092 13737 6211 2940 2130 810 630 220 70 180 1910 580 380 60 1640 950 690 160 40 320 270 70 16485 4492 3569 923 148279 109512 94482 33104 61378 39101 14896 24205 38767 22277
is_linear=0
shrinkage=0.05


Tree=112
num_leaves=63
num_cat=0
split_feature=6 0 3 3 3 3 17 0 0 0 13 3 3 0 0 4 6 9 14 0 3 3 17 0 0 10 0 18 13 18 18 14 22 18 6 3 10 6 16 22 18 19 14 5 18 0 0 9 15 19 5 7 22 14 7 6 15 0 6 9 6 19
split_gain=55.2561 77.2581 80.8562 73.3047 80.2667 103.718 126.137 159.557 85.9288 134.937 75.0653 94.7222 133.775 524.747 81.6867 83.0325 74.5607 170.666 211.929 71.9973 71.0799 59.5874 59.0513 58.3515 93.7211 54.9082 63.5605 85.4307 212.322 179.07 86.1653 170.199 138.904 61.4448 54.5366 54.0147 57.6664 69.0239 116.485 214.763 148.803 94.1811 132.289 292.688 165.719 157.105 166.011 83.5496 119.331 142.456 66.7091 61.3164 60.4838 105.348 126.411 480.629 95.274 218.855 305.536 447.49 575.48 532.943
threshold=1.0621489584445956 -1.5947703719139097 -0.73645466566085804 5.9515886306762704 0.3744166642427445 -0.13727854937314984 -0.055877291234588893 1.6248599290847781 1.1721898317337038 1.0587329268455508 1.3332802057266238 0.13408648967742923 0.10062799602746965 1.4488858580589297 1.5415037870407107 -1.2979519963264463 1.4755097031593325 0.86191278696060192 1.440683960914612 -1.5947703719139097 -0.73797869682312001 -0.078671745955944047 1.0000000180025095e-35 0.69404986500740062 1.2763850092887881 -0.79733012616634358 1.3921573758125307 0.021792780142277483 1.0113697052001955 0.43278327584266668 0.51182064414024364 0.64639165997505199 0.65509095788002025 0.71732068061828624 0.6487882286310197 5.9515886306762704 -0.79733012616634358 0.6487882286310197 -1.0313415229320524 1.7484916448593142 -0.61050620675086964 1.0959556102752688 0.86346536874771129 -0.74995630979537953 -0.34178201854228968 1.318063020706177 1.3782647252082827 0.86191278696060192 -0.51210337877273548 0.010969315839417961 0.74835324287414562 1.3885899782180788 0.87721380591392528 1.0805390477180483 0.85204461216926586 -0.59129387140274037 -0.22701143473386762 -1.1895670294761655 0.23542753793299201 1.244215786457062 1.0000000180025095e-35 -0.30493627488613123
decision_type=2 2 2 2 2 2 2 2 2 2 2 2 2 2 2 2 2 2 2 2 2 2 2 2 2 2 2 2 2 2 2 2 2 2 2 2 2 2 2 2 2 2 2 2 2 2 2 2 2 2 2 2 2 2 2 2 2 2 2 2 2 2
left_child=19 -2 20 4 5 6 -4 22 9 -6 11 12 21 16 -13 -16 -14 -18 -19 34 -3 -7 -8 -12 -25 26 27 -10 30 -30 -29 -32 33 -33 -1 36 -21 52 39 41 -41 -39 -43 44 45 -44 -47 48 -42 50 -50 -45 53 -38 -55 -56 57 58 59 60 -54 -62
right_child=1 2 3 -5 8 10 7 -9 25 -11 23 14 13 -15 15 -17 17 18 -20 35 -22 -23 -24 24 -26 -27 -28 28 29 -31 31 32 -34 -35 -36 -37 37 38 -40 40 47 42 43 51 -46 46 -48 -49 49 -51 -52 -53 56 54 55 -57 -58 -59 -60 -61 61 -63
leaf_value=-0.0084125367211766271 0.01411598844998499 -0.0013963799793472785 0.0024712528284165317 -0.013643367482448203 0.0040981947993427295 -0.0057051585264289327 -0.0065732123076835576 0.0038368917070096247 -0.0037723909920796047 0.022150014936659985 -0.0067416557732451581 0.00082913760521650384 -0.056068111276238092 -0.0011173775191675671 -0.018907207995930334 0.018695155845889405 -0.048939267337604724 0.11450758973757427 -0.046304160133004195 0.00052956132099197921 -0.012552663378264012 0.00097019839328670347 0.0020241113602309565 -0.050171211205777666 -0.0010772404999945581 0.001729291029341812 0.001069401855062171 0.0012791724419752 -0.1881014782935381 -0.011782089813884039 -0.00084073779238250991 -0.19610622880960971 -0.025029475246057184 -0.094909375769784685 0.0062747713027713498 0.0050609446268622899 -0.00036896875428126132 -0.0028879409546028779 -0.00083929444070863992 -0.10392821450562527 0.00029881377420171574 -0.0075027171154900445 -0.049702758836345035 -0.00086709985355340599 -0.017678337782290915 -0.2134806149101888 -0.058742662010571135 -0.0035000648896121203 -0.16686434358358385 -0.026253161276093662 -0.071604718350093161 -0.075771390882631143 -0.0069436759222905198 -0.002966380678789772 -0.17049431522687278 -0.013151302956070799 -0.00052783365342974078 0.00090818641520833067 0.0032553886374976993 -0.052400136976079509 0.013600949388354195 0.082096946789340333
leaf_weight=4200 1087 5236 65326 852 21729 5107 11640 7754 870 1087 2627 10801 583 2664 168 1164 211 42 40 201976 1963 9679 2411 210 181 7586 1447 272 36 24 136 24 56 40 744 4943 387195 13347 60882 72 86 1963 52 306 62 52 26 210 40 78 34 30 528 515 60 254 21228 11837 2823 154 462 737
leaf_count=4200 1087 5236 65326 852 21729 5107 11640 7754 870 1087 2627 10801 583 2664 168 1164 211 42 40 201976 1963 9679 2411 210 181 7586 1447 272 36 24 136 24 56 40 744 4943 387195 13347 60882 72 86 1963 52 306 62 52 26 210 40 78 34 30 528 515 60 254 21228 11837 2823 154 462 737
internal_value=1.26337e-12 0.000830582 0.00074142 0.000982362 0.00106332 0.000463287 0.00137214 -0.0019207 0.00323611 0.00495822 -0.00190221 -0.00115693 -0.00342569 -0.0121563 0.00226986 0.0139525 -0.0457269 -0.0251503 0.0360628 -0.000189439 -0.00443844 -0.00133543 -0.005098 -0.00942388 -0.0274448 -0.000509156 -0.00635455 -0.0137225 -0.0284446 -0.117574 -0.0183163 -0.0391364 -0.0825381 -0.132858 -0.00620231 -0.000147566 -0.000184084 -0.000470624 -0.00184577 -0.00559173 -0.0372097 -0.00455364 -0.0134786 -0.0356958 -0.0849422 -0.117022 -0.161901 -0.026487 -0.0467697 -0.0734005 -0.123096 -0.00755498 -0.000221169 -0.00040709 -0.018212 -0.0432168 0.00168891 0.00453379 0.0136571 0.0292681 0.0365506 0.055704
internal_weight=877949 163053 161966 154767 153915 120608 87131 21805 33307 22816 33477 30459 18326 3540 12133 1332 876 293 82 714896 7199 14786 14051 3018 391 10491 2905 1458 588 60 528 256 120 64 4944 709952 705009 503033 77240 16358 520 15838 2491 528 192 130 78 448 238 152 74 336 425793 388024 829 314 37769 16541 4704 1881 1727 1199
internal_count=877949 163053 161966 154767 153915 120608 87131 21805 33307 22816 33477 30459 18326 3540 12133 1332 876 293 82 714896 7199 14786 14051 3018 391 10491 2905 1458 588 60 528 256 120 64 4944 709952 705009 503033 77240 16358 520 15838 2491 528 192 130 78 448 238 152 74 336 425793 388024 829 314 37769 16541 4704 1881 1727 1199
is_linear=0
shrinkage=0.05


Tree=113
num_leaves=63
num_cat=0
split_feature=4 4 9 12 0 0 22 18 0 22 19 14 14 18 15 0 15 18 5 14 18 4 22 15 16 4 14 19 3 2 5 14 18 19 13 18 22 1 6 19 0 18 6 6 10 14 19 2 15 2 18 14 3 0 0 3 2 0 0 6 0 0
split_gain=53.0594 53.3201 41.3716 46.7037 54.3529 44.9571 111.273 171.198 104.145 130.921 147.637 97.8783 106.336 73.9587 103.804 72.588 151.329 90.657 80.3201 74.3734 96.3056 81.7332 297.15 101.113 77.2859 67.3079 55.5431 61.0446 109.648 92.2007 47.1261 60.0684 198.944 89.1396 158.243 46.4788 44.2773 73.2471 149.965 45.914 145.745 136.768 199.38 144.792 133.617 89.4709 64.3343 61.4406 50.5359 43.5887 42.1203 46.4086 41.5308 40.3629 71.0941 38.3055 37.7553 59.2947 83.3626 74.3895 88.5044 55.8689
threshold=-0.14281512796878812 1.5898901224136355 0.30946898169349885 -1.0295194983482359 1.1745052933692934 -0.19392443448305127 1.5390376448631289 0.1798675283789635 0.92791008949279796 1.5661576986312868 0.068634903989732279 1.1890759468078616 1.440683960914612 -0.24693621695041654 -0.22701143473386762 0.41966924071311956 0.65019455552101146 0.13244220614433291 0.74835324287414562 1.3962825536727907 0.053404832258820541 0.86792960762977611 1.6513511538505556 0.34317243844270712 0.55972985923290264 0.4347532987594605 0.30104714632034307 1.1893483996391299 0.89552295207977306 -0.24429284036159513 1.2477897703647616 1.3321472406387331 -0.12047835439443587 1.0000000180025095e-35 1.6132020950317385 -0.54727724194526661 0.59218090772628795 -1.1897694468498228 -1.0000000180025095e-35 1.0025628209114077 -1.2474532127380369 0.33794228732585913 1.0000000180025095e-35 0.23542753793299201 -0.79733012616634358 0.91280031204223644 1.4695268273353579 1.7396694421768191 1.1107277274131777 1.1728230714797976 0.13244220614433291 0.26157920062541967 0.49141664803028112 1.5032989382743838 1.5415037870407107 -0.074210610240697847 0.6059766709804536 -0.47525136172771448 -0.40463021397590632 -1.0046545863151548 -0.41852289438247675 -0.49609039723873133
decision_type=2 2 2 2 2 2 2 2 2 2 2 2 2 2 2 2 2 2 2 2 2 2 2 2 2 2 2 2 2 2 2 2 2 2 2 2 2 2 2 2 2 2 2 2 2 2 2 2 2 2 2 2 2 2 2 2 2 2 2 2 2 2
left_child=-1 2 3 5 36 -2 26 8 9 10 13 -11 15 -8 25 -13 17 19 -19 21 24 -17 -23 30 52 -15 27 -7 -29 -30 31 33 -33 34 -24 -36 37 38 -5 -38 41 42 -41 44 46 -43 -44 49 -47 55 51 -40 -21 -6 -55 -46 -39 61 59 60 -59 -58
right_child=1 -3 -4 4 53 6 7 -9 -10 11 -12 12 -14 14 -16 16 -18 18 -20 20 -22 22 23 -25 -26 -27 -28 28 29 -31 -32 32 -34 -35 35 -37 39 56 50 40 -42 45 43 -45 47 48 -48 -49 -50 -51 -52 -53 -54 54 -56 -57 57 58 -60 -61 -62 -63
leaf_value=-0.00042183818493281229 0.0002948541207365509 -0.001475960081762857 0.0010753862825599023 -0.0031625006972049912 0.0038357273077665069 -0.0041210207713626374 -0.15379422038793567 0.002371019815283175 0.011161183720743571 0.010433054103817665 0.010638376268269939 0.0037037978281940875 0.00053749654018658128 -0.058918042775864404 0.010641528544231104 0.010173844940800337 -0.14760066151618959 -0.17676255106925964 -0.04740511855731408 -0.068096291104614334 -0.0098432385449349485 -0.18345325509707133 -0.17651781857013704 -0.13099462211132049 0.019478401802480224 -0.18311440587043762 0.00011197898140591644 -0.014349143725312239 0.00056039616042240096 -0.12480316833508286 0.0092246859531419784 -0.14280767381191253 0.014888261281885208 0.011297309188604622 -0.081463631615042692 0.0087238947111181915 0.00079345102513107715 0.00048373441850457191 -0.022700790081927158 -0.0040078595940445791 0.001334958839883176 -0.078471869354446736 -0.067779623965422309 0.0047970971832789174 0.063609368874932889 -0.0011036003866836941 0.047991584862271952 0.15170807926743121 0.074539683681602284 0.012356168399047521 -0.041394444095850406 0.037988746872482201 -0.12368488556239754 -0.0075914833955121087 0.0016965990292025493 0.10205197968968638 -0.0030752153649534941 0.0079213967292616882 -0.00095056992492774893 0.0018361087232155672 0.037320393271996481 -0.014961544936359032
leaf_weight=403142 15920 36573 186601 6648 17741 2407 40 1334 228 220 42 123 310 24 26 160 30 20 30 112 90 30 20 20 20 20 11529 488 22 44 130 40 40 140 20 50 43632 79613 252 228 3771 36 24 120 162 276 24 27 24 27 324 36 48 2371 15720 108 13613 768 28815 2046 384 1066
leaf_count=403142 15920 36573 186601 6648 17741 2407 40 1334 228 220 42 123 310 24 26 160 30 20 30 112 90 30 20 20 20 20 11529 488 22 44 130 40 40 140 20 50 43632 79613 252 228 3771 36 24 120 162 276 24 27 24 27 324 36 48 2371 15720 108 13613 768 28815 2046 384 1066
internal_value=-1.20631e-12 0.000358168 0.000511236 9.28846e-05 0.000361102 -0.00163708 -0.00335944 -0.0115473 -0.0206802 -0.0247023 -0.0691092 -0.0206189 -0.0253861 -0.0995583 -0.0685663 -0.0325422 -0.0370005 -0.0335798 -0.0991481 -0.0300163 -0.052074 -0.0208539 -0.0309854 -0.0210419 -0.0731894 -0.115371 -0.00145685 -0.00756524 -0.0225296 -0.0830153 -0.016044 -0.0266406 -0.0639597 -0.01366 -0.0524826 -0.017044 1.06995e-05 -0.000459018 -0.00534285 0.00130536 0.00593257 0.0223507 0.0346431 0.0525545 0.0679601 -0.00398997 -0.00989402 0.079494 0.00494786 0.0729291 -0.0290275 -0.0151146 -0.0847729 0.00214112 0.000479306 0.0789864 -0.000178296 -0.0013071 -0.000100563 0.00755827 0.0177211 -0.00393841
internal_weight=877949 474807 438234 251633 217856 33777 17857 3367 2033 1805 152 1653 1433 110 70 1123 1000 970 50 920 270 650 490 460 180 44 14490 2961 554 66 440 310 80 230 90 70 182024 133565 7260 48459 4827 1056 720 492 372 336 48 324 300 297 612 288 160 35832 18091 270 126305 46692 32013 3198 1152 14679
internal_count=877949 474807 438234 251633 217856 33777 17857 3367 2033 1805 152 1653 1433 110 70 1123 1000 970 50 920 270 650 490 460 180 44 14490 2961 554 66 440 310 80 230 90 70 182024 133565 7260 48459 4827 1056 720 492 372 336 48 324 300 297 612 288 160 35832 18091 270 126305 46692 32013 3198 1152 14679
is_linear=0
shrinkage=0.05


Tree=114
num_leaves=63
num_cat=0
split_feature=3 3 3 3 5 3 11 8 0 6 3 3 3 8 2 0 3 6 0 3 0 0 3 8 5 0 6 2 3 0 0 3 3 3 13 2 22 0 2 3 22 22 3 3 18 8 17 16 3 18 9 14 18 2 5 4 6 8 0 5 8 3
split_gain=51.1061 127.486 88.7742 94.0212 87.6242 72.9729 69.0793 68.4224 66.4596 60.8457 76.5688 61.5622 73.9442 56.6964 51.9514 131.138 79.1868 152.895 319.912 104.999 106.154 95.5394 91.3946 132.14 92.1625 77.9686 125.816 139.942 97.7982 138.126 278.903 115.66 108.023 174.811 169.475 208.194 277.261 120.997 113.265 87.8605 203.519 113.103 167.736 225.46 85.8299 94.8451 109.714 119.404 83.8787 82.3595 184.365 334.312 149.087 82.0452 81.13 102.819 109.788 78.1401 76.918 92.9272 109.217 76.6396
threshold=-0.67935135960578907 -0.68651545047759999 -0.64683356881141651 -0.63766482472419728 0.74835324287414562 -0.69954967498779286 1.0000000180025095e-35 -0.18441987375263122 1.7035850882530215 1.4755097031593325 -0.61470600962638844 0.13408648967742923 0.10062799602746965 -1.2968376874923704 -0.24429284036159513 1.5241379737854006 -0.49729524552822107 1.0000000180025095e-35 -0.19392443448305127 -0.44724099338054651 1.3921573758125307 1.6943233013153078 -0.41558174788951868 0.53518827259540569 0.74835324287414562 1.3481638431549074 -0.59129387140274037 0.6059766709804536 -0.52379089593887318 -0.34327083826065058 -0.49609039723873133 -1.0000000180025095e-35 0.81717792153358471 1.0504097342491152 -1.4892675876617429 0.88939985632896434 -0.20271389931440351 1.0413669943809511 0.88939985632896434 -0.053872611373662942 0.36125054955482488 -0.53403007984161366 -0.18533226102590558 -0.30077947676181788 -0.91085210442543019 -1.113817512989044 -0.055877291234588893 -0.50098438560962666 -0.1133584901690483 -0.56308570504188526 0.86191278696060192 0.86346536874771129 -0.76858097314834584 2.02309262752533 1.2477897703647616 -0.57599145174026478 1.0621489584445956 0.53518827259540569 1.1258808970451357 0.74835324287414562 -0.18441987375263122 -0.36534266173839564
decision_type=2 2 2 2 2 2 2 2 2 2 2 2 2 2 2 2 2 2 2 2 2 2 2 2 2 2 2 2 2 2 2 2 2 2 2 2 2 2 2 2 2 2 2 2 2 2 2 2 2 2 2 2 2 2 2 2 2 2 2 2 2 2
left_child=1 5 -2 4 -4 -1 -3 -6 9 14 -11 12 -12 -14 16 25 17 18 -5 -18 22 -19 23 24 -21 28 -27 44 29 30 -16 39 37 54 38 36 -36 -33 -35 41 -41 53 43 -43 -28 46 -46 -48 -44 50 -47 -52 -53 -30 55 56 -34 -37 -39 60 -60 -24
right_child=2 6 3 8 7 -7 -8 -9 -10 10 11 -13 13 -15 15 -17 19 21 -20 20 -22 -23 61 -25 -26 26 27 -29 31 -31 -32 32 33 34 35 57 -38 58 -40 40 -42 42 48 -45 45 49 47 -49 -50 -51 51 52 -54 -55 -56 -57 -58 -59 59 -61 -62 -63
leaf_value=-0.00090169815169973766 0.0026147522429846495 -0.00082374065989880443 -0.0023517383230745362 0.011853039528350349 -0.026498882056712504 0.0021622968707590991 -0.0073353677192055282 -0.0065306022470068481 0.0035329756446304756 0.013881275640757111 0.00048286392786495722 0.0039253490080119243 -0.046566452076738901 -0.0092143210561372226 0.00097359300668303057 -0.0038906958589276733 0.0073468408070099236 -0.0055723971656638713 -0.0024747142730783948 0.0049703854218434819 0.0040758552254637169 0.0041219815748987833 0.0031430693093235998 -0.015880278719505682 -0.012827883114213382 0.0071667325030469135 0.0059711962568734433 0.0052724548365523372 0.0016681758439916474 0.0042724155120344746 -0.01086409282817136 -7.4856713156214898e-05 -0.023052518077003533 -0.021334471371971642 -0.0042206647256392525 -0.0035645743358325385 0.021898431052315585 0.0073793816322364411 -0.0025774875230526332 -0.016067670675677957 0.0033090908011198239 -0.0039733931247235964 -0.012415994580066722 0.0047020274019312497 -0.0067826527325189085 -0.0024808685350765722 -0.056338564187721388 -0.013616511212885552 -0.004301042713249474 -0.00095574383136677566 -0.013375048924400102 -0.040150637723660718 -0.17704884038322558 -0.0064899321373986189 -0.024723289076249714 -0.0025521425651260439 0.015231081240603496 0.0027136245185952089 0.01321357058610661 -0.0098349808781854758 -0.003253247167923792 0.00010843572079783406
leaf_weight=100542 35282 6532 4300 5470 792 24088 10819 936 13804 1285 24313 15887 116 818 39786 27105 5687 20657 13539 2535 19245 2898 22745 2132 1020 8912 1919 7344 23371 22647 5687 39801 1408 1505 1739 13018 2444 11205 1730 3459 2228 29835 6414 9999 1243 662 286 382 6324 6246 189 30 59 3550 816 3248 216 8003 1859 1632 2197 244009
leaf_count=100542 35282 6532 4300 5470 792 24088 10819 936 13804 1285 24313 15887 116 818 39786 27105 5687 20657 13539 2535 19245 2898 22745 2132 1020 8912 1919 7344 23371 22647 5687 39801 1408 1505 1739 13018 2444 11205 1730 3459 2228 29835 6414 9999 1243 662 286 382 6324 6246 189 30 59 3550 816 3248 216 8003 1859 1632 2197 244009
internal_value=1.72779e-13 -0.000868533 0.000167555 4.43301e-05 -0.00617323 -0.000309501 -0.00488398 -0.0156827 9.82839e-05 2.86471e-05 0.00186238 0.00148692 -4.74968e-05 -0.0138533 -9.31901e-05 -0.000574516 0.000329461 -0.00168764 0.00164822 0.000618175 0.000486986 -0.00437969 0.000233471 -0.00603856 -0.000136291 -0.000243317 0.00229225 -7.38418e-05 -0.000526577 0.00108204 -0.000506866 -0.00114918 9.2127e-05 -0.00213044 -0.000530043 0.000852783 0.0110399 0.00143 -0.0113037 -0.0024727 -0.00847642 -0.00204319 -0.00339281 -0.00179572 -0.00363804 -0.0056651 -0.0155652 -0.0319077 -0.00838719 -0.00303231 -0.0168304 -0.051001 -0.130903 0.000592388 -0.0101321 -0.0076883 -0.0179606 -0.00117437 0.00497555 0.000240147 0.00429404 0.000367186
internal_weight=877949 141981 735968 700686 6028 124630 17351 1728 694658 680854 42419 41134 25247 934 638435 298498 339937 42564 19009 297373 291686 23555 272441 5687 3555 271393 27272 18360 244121 68120 45473 176001 90821 34127 28439 25204 4183 56694 3235 85180 5687 79493 52572 39834 11016 9097 1911 668 12738 7186 940 278 89 26921 5688 4872 1624 21021 16893 5688 4056 266754
internal_count=877949 141981 735968 700686 6028 124630 17351 1728 694658 680854 42419 41134 25247 934 638435 298498 339937 42564 19009 297373 291686 23555 272441 5687 3555 271393 27272 18360 244121 68120 45473 176001 90821 34127 28439 25204 4183 56694 3235 85180 5687 79493 52572 39834 11016 9097 1911 668 12738 7186 940 278 89 26921 5688 4872 1624 21021 16893 5688 4056 266754
is_linear=0
shrinkage=0.05


Tree=115
num_leaves=63
num_cat=0
split_feature=8 2 2 12 3 0 3 0 0 11 0 15 3 18 9 14 11 3 0 0 12 0 0 4 12 6 0 8 0 16 0 0 0 0 0 0 5 5 2 3 0 22 0 0 3 2 0 4 0 3 0 2 2 11 0 6 0 0 0 4 0 0
split_gain=48.0574 75.9118 77.6375 199.419 86.6647 84.54 124.556 73.8197 98.2539 100.408 83.1862 76.112 69.5665 76.5608 117.699 83.3276 122.813 68.1117 67.5361 73.465 73.911 68.1251 104.388 367.546 105.909 97.2492 152.331 86.0173 178.979 138.75 75.3837 116.717 95.9547 83.3905 159.954 120.343 80.2365 74.8355 91.0418 90.4893 71.5926 100.259 80.122 67.3698 66.4676 64.3848 96.291 63.5351 113.862 63.4763 63.0364 62.6058 141.665 106.887 146.777 222.649 83.4394 68.5555 64.4185 62.2657 61.9617 139.242
threshold=0.85218852758407604 -0.24429284036159513 -0.52771602571010578 -0.68629828095436085 -0.51612976193428028 1.5415037870407107 -0.44724099338054651 0.41966924071311956 -0.1128837652504444 0.61866869032382976 0.44977006316185003 3.2160221338272099 0.13999358564615252 -1.3692678213119505 1.244215786457062 0.0050375563732814052 1.0553198158741 -0.64683356881141651 1.7035850882530215 1.5241379737854006 -0.68629828095436085 1.3481638431549074 1.2567036747932436 -0.14281512796878812 -0.68629828095436085 -1.0046545863151548 1.4488858580589297 -1.113817512989044 1.4488858580589297 -0.11790292830298198 0.75193604826927196 0.19391308724880221 1.0459979176521303 -0.47525136172771448 -0.41852289438247675 -0.49609039723873133 0.74835324287414562 -1.2493928074836729 1.4562462568283083 -0.69208568334579457 -0.5065099149942397 0.017657770775258545 -0.64659449458122242 1.6665380001068117 -0.14171914011240003 0.6059766709804536 1.3655297756195071 -0.57599145174026478 1.0587329268455508 -0.76847952604293812 -1.5947703719139097 1.1728230714797976 0.6059766709804536 0.61866869032382976 -0.39305296540260309 0.23542753793299201 -0.27959600090980524 -0.40463021397590632 -0.40463021397590632 -0.28720723092555994 -0.29348869621753687 -0.92676365375518788
decision_type=2 2 2 2 2 2 2 2 2 2 2 2 2 2 2 2 2 2 2 2 2 2 2 2 2 2 2 2 2 2 2 2 2 2 2 2 2 2 2 2 2 2 2 2 2 2 2 2 2 2 2 2 2 2 2 2 2 2 2 2 2 2
left_child=1 2 4 -4 17 6 -6 8 9 -8 -9 -12 -13 14 -14 16 -15 49 19 21 44 22 30 -24 -25 26 45 28 -27 -30 31 33 -32 35 -35 40 47 38 -33 -39 42 -42 -3 -7 -21 46 -23 48 -34 -1 -2 52 -36 54 55 57 -55 -53 -57 -51 61 -11
right_child=50 18 3 -5 5 43 7 10 -10 60 11 12 13 15 -16 -17 -18 -19 -20 20 -22 25 23 24 -26 27 -28 -29 29 -31 32 37 36 34 51 -37 -38 39 -40 -41 41 -43 -44 -45 -46 -47 -48 -49 -50 59 -52 53 -54 56 -56 58 -58 -59 -60 -61 -62 -63
leaf_value=-0.0035377276533850345 -0.010003233597127003 -0.0004460929399878633 -0.0067381651924543155 0.015691091380479465 0.0094017017792340663 0.0083098245692806629 0.0019149105638676688 -0.0074397631750589433 0.0045405893600984643 0.00025263468392283461 1.8297500627928704e-05 -0.0011765361692376466 0.0004941833386207388 -0.12202949212280229 -0.091023542798059284 0.020744612114503982 0.011880094703772794 -0.0024674085793145069 0.0048428120866757067 -0.012541376900762499 -0.0006941606805203589 0.023831397198099534 -0.018262178642436001 -0.0067364136725876489 0.008335414537455137 -0.00019310567394148332 0.033556335505471754 0.0031492075944172327 -0.045649156109347722 -0.0063243900831225081 0.0039870799372064584 -0.0066169312900827828 -0.015485853704813155 0.0077824518429937114 -0.0043971519289760256 -0.0091633783825505848 -0.0038156042701864485 0.0024968717301905182 -0.027515091989972013 -0.0040620701934824827 -0.0017291733738211757 0.013600573557541207 -0.0056977746308231776 0.0014743629907976097 -0.0036076095106231548 -0.0010926120600195043 0.00071525453756307285 0.0025946640674788675 0.00046853705935595374 -0.001329119373528812 -0.00051069966291267569 0.032223574627918521 0.0067910630730066666 -0.0087921333615515185 -0.0021053561502309037 -0.005784789461107471 0.0012094282985363372 0.012481695625031009 0.0075809372247388849 0.0025193981264410841 0.0026419789563031587 -0.0062110661690184914
leaf_weight=8529 1761 89633 1564 2705 4270 7235 81117 4265 20995 25008 54685 364 192 67 43 22 23 32518 6183 3123 12330 901 3520 1840 3180 3960 563 11671 425 475 21294 4199 1438 8538 4236 4269 10954 6961 595 21502 2188 2081 7903 7184 6246 1802 901 20824 5030 16258 254689 901 8520 6256 10814 1804 3128 859 1802 29727 9384 12495
leaf_count=8529 1761 89633 1564 2705 4270 7235 81117 4265 20995 25008 54685 364 192 67 43 22 23 32518 6183 3123 12330 901 3520 1840 3180 3960 563 11671 425 475 21294 4199 1438 8538 4236 4269 10954 6961 595 21502 2188 2081 7903 7184 6246 1802 901 20824 5030 16258 254689 901 8520 6256 10814 1804 3128 859 1802 29727 9384 12495
internal_value=1.86946e-13 0.000237628 0.000776344 0.00747386 0.000685398 0.00119903 0.000948133 0.00077514 0.00137024 0.000850245 -0.00071108 -0.000193031 -0.0164469 -0.0324654 -0.0162516 -0.0664853 -0.0878082 -0.000656346 -0.000329197 -0.00043699 -0.00323788 -0.000215957 -0.000440501 -0.00587485 0.00281108 0.0025425 0.00936882 0.000821773 -0.00476742 -0.0248944 -0.000251637 -0.000746868 0.00129701 -0.000163083 0.00159359 -0.000939092 -0.000200721 -0.00343139 -0.00921067 -0.00245799 -0.000594222 0.00574358 -0.000871618 0.00490418 -0.00658553 0.00559036 0.0122733 0.00125016 -0.00307853 0.000423965 -0.000575883 0.000214666 0.00307569 -0.00121294 0.00124926 0.00800975 -0.00545828 0.0225882 0.000894367 0.00115875 -0.000991683 -0.0019009
internal_weight=877949 621499 318650 4269 314381 227349 212930 208660 148999 128004 59661 55396 711 347 235 112 90 87032 302849 296666 21699 274967 254269 8540 5020 20698 4167 16531 4860 900 245729 186189 59540 152932 46858 106074 38246 33257 4794 28463 101805 4269 97536 14419 9369 3604 1802 27292 6468 54514 256450 38320 12756 25564 16180 5366 9384 1760 3606 45985 46887 37503
internal_count=877949 621499 318650 4269 314381 227349 212930 208660 148999 128004 59661 55396 711 347 235 112 90 87032 302849 296666 21699 274967 254269 8540 5020 20698 4167 16531 4860 900 245729 186189 59540 152932 46858 106074 38246 33257 4794 28463 101805 4269 97536 14419 9369 3604 1802 27292 6468 54514 256450 38320 12756 25564 16180 5366 9384 1760 3606 45985 46887 37503
is_linear=0
shrinkage=0.05


Tree=116
num_leaves=63
num_cat=0
split_feature=5 8 3 13 3 17 5 0 0 0 19 14 11 9 6 10 4 15 13 14 19 22 6 6 18 5 18 18 16 22 22 15 17 6 7 15 15 15 15 6 18 6 0 13 22 18 7 13 19 10 22 0 22 5 4 14 6 18 22 19 6 0
split_gain=47.3465 60.4163 72.4374 59.7648 57.2687 104.62 66.5632 57.1304 51.3804 115.182 63.9737 63.2682 87.1094 374.004 280.566 626.839 346.055 92.6944 120.516 82.5876 70.6864 88.1186 203.959 360.341 162.521 298.666 113.233 144.334 91.4887 81.4549 204.697 192.839 79.497 174.837 68.3184 226.236 78.9153 182.233 58.1091 56.3786 122.41 256.141 130.455 58.7755 234.002 121.161 127.142 101.733 101.655 77.3957 72.5707 56.5064 184.578 105.896 164.729 104.51 56.2146 67.9874 55.8779 53.3581 51.7836 50.6343
threshold=1.2477897703647616 -0.85498791933059681 -0.75740474462509144 0.33955676853656774 -0.72433647513389576 -0.055877291234588893 0.74835324287414562 -0.36642532050609583 -1.1224189996719358 -1.1085263490676878 -0.7719002068042754 1.1101400256156924 0.61866869032382976 0.30946898169349885 1.0000000180025095e-35 -0.79733012616634358 1.445498049259186 -0.51210337877273548 0.43286409974098211 0.65625861287117015 1.1893483996391299 1.1788991093635561 1.0000000180025095e-35 0.23542753793299201 -0.10466991364955901 -1.2493928074836729 -0.34178201854228968 -0.29435671865940088 0.55972985923290264 1.1009061336517336 1.0205361247062685 -0.22701143473386762 -0.17742779105901715 1.0000000180025095e-35 -1.1138049960136411 1.1107277274131777 -0.22701143473386762 -0.51210337877273548 0.65019455552101146 1.0000000180025095e-35 0.93862435221672069 0.23542753793299201 -1.3655410408973692 0.43286409974098211 0.62618514895439159 0.053404832258820541 1.1108536720275881 0.45152546465396887 -1.5190425515174864 -0.79733012616634358 0.59218090772628795 -1.3365979194641111 0.84919226169586193 -1.2493928074836729 0.57914540171623241 0.75492852926254284 1.0000000180025095e-35 -0.53146880865097035 0.84919226169586193 0.62899166345596325 0.23542753793299201 -1.0900027751922605
decision_type=2 2 2 2 2 2 2 2 2 2 2 2 2 2 2 2 2 2 2 2 2 2 2 2 2 2 2 2 2 2 2 2 2 2 2 2 2 2 2 2 2 2 2 2 2 2 2 2 2 2 2 2 2 2 2 2 2 2 2 2 2 2
left_child=1 2 3 7 5 -4 -7 -1 10 -10 39 19 -13 14 -14 -16 59 18 -15 -12 21 22 -21 24 25 28 -23 -28 -24 30 -27 -32 33 -22 35 36 37 -26 -33 -3 43 42 -42 44 50 46 -46 48 49 -45 -41 52 53 54 -49 -54 -19 -58 -48 -17 -50 -11
right_child=-2 8 4 -5 -6 6 -8 -9 9 61 11 12 13 17 15 16 -18 56 -20 20 32 26 23 -25 34 29 27 -29 -30 -31 31 38 -34 -35 -36 -37 -38 -39 -40 40 41 -43 -44 47 45 -47 58 51 60 -51 -52 -53 55 -55 -56 -57 57 -59 -60 -61 -62 -63
leaf_value=-0.0022681576517436211 -0.00089868621837189272 -0.0018335667308670208 0.0023802945429110853 0.0018315682438332212 0.00081805184075884783 0.020054315295880452 -0.0074512850136305544 -0.014624268452600717 0.0051303903528632094 -0.0059123628357636779 -0.0019563047802814925 0.0023714810158056913 -0.014410549598548339 0.080765417218208319 -0.057454437871153154 0.13486587820913307 -0.084739123533169425 -0.0054571750404041573 -0.026508280843942585 -0.0043619812875859455 -0.0026313132156307499 -0.0096390469409871459 0.13862835744188892 -0.0018466524498444575 -0.059223866307487098 -0.046589587527539646 0.11206630425424212 0.0098301194752969338 0.012598754093050958 -0.079595941636297449 0.11131078420827788 -0.085433129717906328 0.0011449941250492649 0.13674720676822796 -0.060686989562077957 0.11610003639943899 -0.067087138433837221 0.1095182352544119 0.024594419573744142 0.00016290198474180201 0.075350015454847985 0.0034146572700383009 0.00091772625337165298 -0.0850992704431216 -0.098024465019504237 -0.069277456228561074 -0.014034630847163498 -0.087897498264080956 0.067282515384460381 0.014001925354717637 0.075328404779517744 -0.00457718695736593 -0.10150457043200732 0.059015078341310971 0.046975590280814439 0.0030295446894534443 0.016834483792384468 -0.054347055084337063 0.078360762845517865 0.081356224862651705 0.010232263449924412 -6.8458600793878044e-06
leaf_weight=1871 125593 9513 8506 2274 202723 1459 259 1871 10972 3660 36823 11561 360 36 96 132 24 84 96 3912 60 1193 36 1132 48 228 36 841 24 72 48 24 707 36 660 24 144 24 24 1193 240 738 78 24 24 201 30 36 151 110 33 2285 24 235 61 6386 36 492 36 72 54 438224
leaf_count=1871 125593 9513 8506 2274 202723 1459 259 1871 10972 3660 36823 11561 360 36 96 132 24 84 96 3912 60 1193 36 1132 48 228 36 841 24 72 48 24 707 36 660 24 144 24 24 1193 240 738 78 24 24 201 30 36 151 110 33 2285 24 235 61 6386 36 492 36 72 54 438224
internal_value=-8.8059e-13 0.00015002 0.000849337 -0.00456129 0.00100219 0.00465338 0.0159077 -0.00844621 -0.000137056 6.98928e-05 -0.00130072 -0.00214984 0.000932414 -0.0107182 0.015969 0.049724 0.0948518 -0.0352532 0.00274818 -0.00301836 -0.00723576 -0.0085799 -0.0114803 -0.0226728 -0.0400586 -0.0157403 0.000387505 0.0140268 0.0882165 -0.0314913 -0.0208013 0.0404457 0.00694213 0.0496356 -0.0523799 -0.0295352 -0.0457169 -0.0029765 -0.0304194 0.001038 0.00332606 0.0195792 0.057093 0.00174899 -0.00738117 -0.0476887 0.000526238 0.00322779 0.0301181 -0.00374754 0.00218612 0.00221795 0.00452096 0.0408727 -0.0030804 0.00263815 -0.0434495 -0.0494938 0.0363629 0.11598 0.0522546 -5.57596e-05
internal_weight=877949 752356 218963 6016 212947 10224 1718 3742 533393 452856 80537 59085 12989 1428 684 324 228 744 132 46096 9273 8470 6400 2488 1356 456 2070 877 60 396 324 96 803 96 900 240 216 72 48 21452 11939 1056 318 10883 1517 291 90 9366 339 134 1226 9027 6742 332 97 6410 612 528 66 204 205 441884
internal_count=877949 752356 218963 6016 212947 10224 1718 3742 533393 452856 80537 59085 12989 1428 684 324 228 744 132 46096 9273 8470 6400 2488 1356 456 2070 877 60 396 324 96 803 96 900 240 216 72 48 21452 11939 1056 318 10883 1517 291 90 9366 339 134 1226 9027 6742 332 97 6410 612 528 66 204 205 441884
is_linear=0
shrinkage=0.05


Tree=117
num_leaves=63
num_cat=0
split_feature=9 12 22 0 6 3 0 0 0 3 0 6 0 0 0 0 0 3 3 3 0 6 6 22 5 6 0 18 6 9 16 13 0 18 19 14 16 19 22 6 19 5 19 13 22 18 15 10 22 14 9 14 22 16 10 6 4 14 19 4 22 13
split_gain=45.6971 50.0106 89.3504 114.301 249.037 86.1206 57.7002 92.0957 117.149 65.9201 58.6794 108.575 83.9349 170.698 130.794 122.804 87.8203 75.467 70.4772 95.1202 87.8314 62.3005 59.6078 389.668 1438.27 56.5669 108.951 399.82 787.777 282.212 226.982 205.985 94.3401 87.947 76.6213 246.321 342.863 346.951 344.642 245.151 215.598 207.617 319.368 306.371 191.21 180.136 218.594 358.392 277.461 155.877 149.458 136.666 135.937 170.41 218.839 246.806 283.426 234.682 198.594 139.212 127.57 125.883
threshold=0.30946898169349885 -1.0295194983482359 0.51560327410697948 -1.3655410408973692 1.0000000180025095e-35 5.9515886306762704 1.2150256037712099 1.0459979176521303 1.0413669943809511 -0.51612976193428028 -0.14414230734109876 -1.0046545863151548 -0.38031800091266627 -0.44167736172676081 -0.40463021397590632 -0.68595710396766651 -0.95802223682403553 -0.57843363285064686 -0.73797869682312001 -0.54222697019577015 0.22517164051532748 1.0621489584445956 -1.4180153012275694 -0.11748539656400679 1.0000000180025095e-35 1.0000000180025095e-35 -1.3655410408973692 -0.29435671865940088 0.23542753793299201 -1.2384440898895261 -0.11790292830298198 0.33955676853656774 0.3965147733688355 -0.0098240994266234321 -0.86529299616813649 1.0805390477180483 -0.50098438560962666 1.2827411890029909 1.1788991093635561 0.23542753793299201 1.0000000180025095e-35 1.0000000180025095e-35 -1.0520786046981809 0.43286409974098211 0.97448131442070018 0.13244220614433291 0.34317243844270712 1.0000000180025095e-35 1.1009061336517336 0.97200217843055736 -1.2384440898895261 0.69572657346725475 1.201113283634186 -0.50098438560962666 -0.79733012616634358 0.23542753793299201 -0.28720723092555994 1.1890759468078616 -0.39832907915115351 0.57914540171623241 0.96242228150367748 1.2259767055511477
decision_type=2 2 2 2 2 2 2 2 2 2 2 2 2 2 2 2 2 2 2 2 2 2 2 2 2 2 2 2 2 2 2 2 2 2 2 2 2 2 2 2 2 2 2 2 2 2 2 2 2 2 2 2 2 2 2 2 2 2 2 2 2 2
left_child=1 -1 3 4 -3 6 7 8 10 -8 11 12 13 15 -15 16 17 -5 -12 21 -21 -20 23 -22 -25 32 27 28 29 30 -27 33 -4 -29 39 36 -36 38 45 41 -40 42 43 -33 -39 46 47 61 49 -49 -46 -43 53 -37 59 56 60 58 -58 -55 -56 -38
right_child=-2 2 25 5 -6 -7 9 -9 -10 -11 18 -13 -14 14 -16 -17 -18 -19 19 20 22 -23 -24 24 -26 26 -28 31 -30 -31 -32 34 -34 -35 35 52 37 44 40 -41 -42 51 -44 -45 50 -47 -48 48 -50 -51 -52 -53 -54 54 55 -57 57 -59 -60 -61 -62 -63
leaf_value=-0.0015767405004873938 0.00041830298209606393 -0.00290398874482433 -0.0048010052198964107 -0.0080894907377797396 -0.026588220688957789 0.013034896506789113 -0.0032371056071680334 -0.0033937354949118413 0.010201596854736844 0.0018050382630417348 0.012713341082033489 -0.0020375526517884264 -0.0030120084029937703 0.023623862753483615 0.0028664231422957532 -0.0049526841280350328 0.0062374341747324889 0.0016505307647253086 -0.0012572050461076068 0.0045150929820233845 -0.00077344741730931484 -0.0092479313131221454 0.0011071392775229827 -0.20624356665733187 0.0031716857882981586 0.10284928772598506 0.00076551089804362629 0.046297305822372438 0.0029569532725279559 0.10010626360073197 -0.095661739508310958 -0.084817389046980274 0.0054698986052084024 -0.054890305712344316 0.1126834511756897 -0.030444731180923001 -0.082588034757861389 0.11952772416174412 -0.022027817435602112 0.0031393582840511525 0.091256084958357478 -0.054198361436525982 -0.089896443610390037 0.089521276383727255 0.07070930648284654 -0.06208917754634783 -0.0749941338432219 0.11992477389673394 -0.069946593625677955 -0.0020757219857639739 -0.073367320911751854 0.045379095516556792 0.0018400626039253359 -0.058353545873736347 -0.00042757331393659118 0.0038957517154923349 -0.013363436112801233 -0.058362707222501448 0.10259551228518832 0.076281293477707859 0.12229304030227164 0.0027635061078601416
leaf_weight=67574 374441 13176 8819 2303 1212 1199 7542 28348 2591 46134 1189 97415 10740 1536 1500 6912 9984 14574 20484 17551 5318 2769 27927 110 322 24 87504 24 828 396 36 36 2995 204 48 132 108 60 84 4344 84 36 84 84 36 552 132 96 36 36 36 804 6564 96 24 264 60 60 96 24 180 72
leaf_count=67574 374441 13176 8819 2303 1212 1199 7542 28348 2591 46134 1189 97415 10740 1536 1500 6912 9984 14574 20484 17551 5318 2769 27927 110 322 24 87504 24 828 396 36 36 2995 204 48 132 108 60 84 4344 84 36 84 84 36 552 132 96 36 36 36 804 6564 96 24 264 60 60 96 24 180 72
internal_value=7.25907e-13 -0.000311077 -0.000114887 -0.000543633 -0.00489907 -0.000339141 -0.000391674 -0.000709207 -0.000368291 0.00109657 -0.000492418 -0.00108154 0.000877058 0.0020118 0.0133682 0.00099092 0.00252036 0.000321428 0.000636194 0.000443397 0.00164724 -0.00220875 0.000152638 -0.00448325 -0.0501516 0.00108024 0.00145513 0.00527924 0.032021 0.0847953 -0.0162573 0.00291055 -0.0021972 -0.044239 0.00366399 0.000809886 -0.0186037 -0.0233347 -0.0317982 0.00836787 0.0346141 0.0301233 -0.0151223 0.0372197 0.0536059 -0.0426095 -0.0202079 0.000573102 0.0530951 0.0866519 -0.00132901 0.0411115 0.00438198 0.022208 0.0308525 0.0417786 0.0655907 0.0256741 0.0579959 -0.0314266 0.107855 -0.0484474
internal_weight=877949 503508 435934 320836 14388 306448 305249 251573 223225 53676 220634 144964 47549 36809 3036 33773 26861 16877 75670 74481 51228 23253 33677 5750 432 115098 103284 15780 1284 456 60 14496 11814 228 14268 8880 1380 1332 1200 5388 168 1044 204 120 132 1032 480 348 168 132 72 840 7500 936 804 684 420 216 156 120 204 180
internal_count=877949 503508 435934 320836 14388 306448 305249 251573 223225 53676 220634 144964 47549 36809 3036 33773 26861 16877 75670 74481 51228 23253 33677 5750 432 115098 103284 15780 1284 456 60 14496 11814 228 14268 8880 1380 1332 1200 5388 168 1044 204 120 132 1032 480 348 168 132 72 840 7500 936 804 684 420 216 156 120 204 180
is_linear=0
shrinkage=0.05


Tree=118
num_leaves=63
num_cat=0
split_feature=7 0 0 0 3 11 14 5 19 0 0 12 0 0 0 22 2 2 3 6 17 19 3 0 22 5 15 16 4 19 12 5 18 13 4 13 4 0 3 0 4 0 18 14 7 0 0 9 6 14 14 6 18 13 0 3 6 2 18 15 4 0
split_gain=45.2994 60.7435 161.151 121.432 119.57 112.668 158.669 110.949 108.065 92.9003 78.019 79.2112 190.411 109.733 72.9858 123.386 70.1073 63.136 58.7663 72.7931 56.7688 55.9667 54.3107 52.3935 84.7774 85.5148 149.659 135.614 71.71 65.319 116.216 275.532 154.941 78.3833 81.5673 75.8404 75.4424 63.6413 112.309 93.7662 148.404 82.8542 61.2823 120.886 55.9614 53.0214 135.68 125.198 264.74 377.527 194.554 370.234 272.34 433.119 252.504 299.111 144.057 168.455 104.087 426.553 202.895 103.539
threshold=0.53506958484649669 -0.47525136172771448 -0.49609039723873133 -0.41852289438247675 -0.54222697019577015 0.61866869032382976 1.228543817996979 0.74835324287414562 0.62899166345596325 -0.74500101804733265 -0.31432774662971491 -0.68629828095436085 -0.29348869621753687 -0.28654234111309046 -0.51692941784858693 -0.036585127934813493 2.02309262752533 2.02309262752533 -0.74338054656982411 0.23542753793299201 1.0000000180025095e-35 -0.58511462807655323 -0.23112254589796064 0.36757166683673864 1.5390376448631289 -1.2493928074836729 1.0000000180025095e-35 -0.11790292830298198 -1.0091677606105802 1.0000000180025095e-35 -1.0295194983482359 0.74835324287414562 -0.54727724194526661 1.2259767055511477 -1.1535598635673521 1.0113697052001955 -1.0091677606105802 1.3574256896972658 -0.55416440963745106 1.318063020706177 -1.1535598635673521 1.3481638431549074 -0.54727724194526661 1.3962825536727907 1.1108536720275881 1.0459979176521303 0.75193604826927196 1.244215786457062 -0.59129387140274037 1.0805390477180483 -0.72511941194534291 -1.0046545863151548 1.1441196203231814 -0.080326367169618593 0.41966924071311956 0.65640461444854747 -1.4180153012275694 1.0000000180025095e-35 2.0609608888626103 -0.66561439633369435 -0.57599145174026478 1.0587329268455508
decision_type=2 2 2 2 2 2 2 2 2 2 2 2 2 2 2 2 2 2 2 2 2 2 2 2 2 2 2 2 2 2 2 2 2 2 2 2 2 2 2 2 2 2 2 2 2 2 2 2 2 2 2 2 2 2 2 2 2 2 2 2 2 2
left_child=1 2 5 -3 -5 14 9 21 -9 20 -6 13 -13 -12 18 -16 -15 -14 19 -1 -7 -8 -11 28 37 26 42 -28 -2 30 31 32 -27 34 -33 -36 -37 39 -39 45 -41 -42 43 -26 -29 46 47 58 49 50 -49 52 53 54 -52 56 -56 -58 -25 -60 -61 -47
right_child=23 3 -4 4 10 6 7 8 -10 22 11 12 17 16 15 -17 -18 -19 -20 -21 -22 -23 -24 24 25 29 27 44 -30 -31 -32 33 -34 -35 35 36 -38 38 -40 40 41 -43 -44 -45 -46 61 -48 48 -50 -51 51 -53 -54 -55 55 -57 57 -59 59 60 -62 -63
leaf_value=0.02057926169815532 -0.0012928775871302513 0.0069655704770934376 -0.010645333688019683 -0.0010066379441928837 0.0082746918703091137 -0.00029115371015518894 -0.079150330358081389 -0.013147106987541604 0.069211594488782197 -0.0028215095996119242 0.009655053656624956 -0.012293962277836298 0.002130769212263147 -0.00072675298224591926 -0.0044390921988722793 0.012527537213939628 0.0073710471324632282 -0.003718767922526697 0.00030210102623541031 0.002058870060965408 -0.011872294337289625 -0.031487630910192015 -0.0088030489868894495 -0.00076261334914502288 -0.0041818404276273216 -0.11857096662279219 -0.016015962644375797 -0.054382109036669138 0.00067912056443550817 0.001040469286231792 -0.0033631872318021176 -0.17224934816360474 -0.00049505180004610124 0.0067420187965035435 -0.12257647271768224 -0.096965715630600857 0.015166972881803912 -0.0059324781965362228 0.001706169387768955 0.0081760472797433922 -0.0214474700835393 -0.0060351168417687113 0.0025318994612657016 -0.15473465621471405 -0.14668470430546082 -0.0099769421494086512 0.0030152002771742775 0.004793766017055754 -0.00058790868312346529 -0.14786636780481785 -0.00051449889317154883 -0.0055757149075700086 0.00083473081777288402 0.0019028938898327397 -0.17497867097457251 -0.28610373006926643 0.0015207606542389841 -0.15143855975733864 0.0032628983100660446 -0.15796588285247218 0.014981735895641828 -0.0018282744405009373
leaf_weight=795 69184 7533 3767 90423 3754 54759 72 234 48 12336 2760 2387 142695 84613 1624 3150 2760 4767 121132 1595 1079 426 5481 19822 40 30 58 24 138170 1637 1070 30 376 20 54 30 30 5623 33361 992 1744 1744 224 20 52 4500 18036 410 2061 64 30 430 94 80 72 36 36 36 290 74 22 29153
leaf_count=795 69184 7533 3767 90423 3754 54759 72 234 48 12336 2760 2387 142695 84613 1624 3150 2760 4767 121132 1595 1079 426 5481 19822 40 30 58 24 138170 1637 1070 30 376 20 54 30 30 5623 33361 992 1744 1744 224 20 52 4500 18036 410 2061 64 30 430 94 80 72 36 36 36 290 74 22 29153
internal_value=-2.95096e-13 0.000278557 -0.000398482 0.000687719 0.000546196 -0.000208083 -0.00175557 -0.0241882 0.000871395 -0.00151801 0.00112228 0.00101039 0.00171491 -0.000160881 0.000689742 0.0067559 -0.000470954 0.00194167 0.000455291 0.00821942 -0.000514945 -0.0383786 -0.0046616 -0.000463072 -0.00128336 -0.00874178 -0.0300395 -0.0735948 2.11602e-05 -0.00602513 -0.0130778 -0.031314 -0.00921987 -0.0860106 -0.0988929 -0.0795885 -0.0408994 -0.00105121 0.000604381 -0.00186075 -0.00888817 -0.0137413 -0.00948881 -0.0543661 -0.117537 -0.00144235 -0.000248485 -0.00274727 -0.0117012 -0.0294841 -0.0232942 -0.0374417 -0.0731249 -0.0970981 -0.134813 -0.157196 -0.124969 -0.0749589 -0.00126337 -0.0269783 -0.118332 -0.0029179
internal_weight=877949 548190 206498 341692 334159 202731 74435 780 282 73655 243736 239982 149849 90133 128296 4774 87373 147462 123522 2390 55838 498 17817 329759 122405 3695 418 134 207354 3277 1640 570 406 164 144 114 60 118710 38984 79726 4480 3488 284 60 76 75246 41593 23557 3349 1288 1224 814 384 290 210 180 144 72 20208 386 96 33653
internal_count=877949 548190 206498 341692 334159 202731 74435 780 282 73655 243736 239982 149849 90133 128296 4774 87373 147462 123522 2390 55838 498 17817 329759 122405 3695 418 134 207354 3277 1640 570 406 164 144 114 60 118710 38984 79726 4480 3488 284 60 76 75246 41593 23557 3349 1288 1224 814 384 290 210 180 144 72 20208 386 96 33653
is_linear=0
shrinkage=0.05


Tree=119
num_leaves=63
num_cat=0
split_feature=6 6 0 3 3 0 3 3 3 17 0 0 0 13 3 3 0 6 9 14 0 4 17 6 0 0 3 10 0 18 13 18 18 14 0 22 18 0 10 6 16 22 18 19 14 5 18 0 0 9 15 19 3 5 3 7 18 14 0 18 9 0
split_gain=42.9058 46.3781 69.294 71.0462 68.001 66.6876 64.3486 61.3209 103.176 108.92 135.209 75.5899 113.888 66.4275 79.044 118.692 469.124 70.3273 154.08 191.219 68.6277 73.1714 54.0272 53.4987 53.0657 83.3263 52.0802 49.9613 55.8719 76.4154 191.848 161.611 77.0056 153.25 127.275 168.439 72.1609 49.4095 49.1761 64.873 97.673 179.702 128.776 83.4691 119.052 263.586 148.721 140.42 147.106 67.8731 99.7349 119.127 58.967 56.8418 56.0238 55.1402 53.3148 58.6507 120.78 172.611 107.629 144.791
threshold=1.888870418071747 1.0621489584445956 -1.5947703719139097 -0.73645466566085804 5.9515886306762704 -1.5449882149696348 -0.73797869682312001 0.3744166642427445 -0.13727854937314984 -0.055877291234588893 1.6248599290847781 1.1721898317337038 1.0587329268455508 1.3332802057266238 0.13408648967742923 0.10062799602746965 1.4488858580589297 1.4755097031593325 0.86191278696060192 1.440683960914612 1.5415037870407107 -1.2979519963264463 1.0000000180025095e-35 0.23542753793299201 0.69404986500740062 1.2763850092887881 -0.13127285987138745 -0.79733012616634358 1.3921573758125307 0.021792780142277483 1.0113697052001955 0.43278327584266668 0.51182064414024364 0.64639165997505199 1.3782647252082827 0.65509095788002025 0.74893274903297435 -0.14414230734109876 -0.79733012616634358 0.6487882286310197 -1.0313415229320524 1.7484916448593142 -0.61050620675086964 1.0959556102752688 0.86346536874771129 -0.74995630979537953 -0.34178201854228968 1.318063020706177 1.3782647252082827 0.86191278696060192 -0.51210337877273548 0.010969315839417961 5.9515886306762704 0.74835324287414562 0.49141664803028112 1.3885899782180788 0.021792780142277483 0.83386439085006725 0.69404986500740062 -0.7843894064426421 0.86191278696060192 1.4488858580589297
decision_type=2 2 2 2 2 2 2 2 2 2 2 2 2 2 2 2 2 2 2 2 2 2 2 2 2 2 2 2 2 2 2 2 2 2 2 2 2 2 2 2 2 2 2 2 2 2 2 2 2 2 2 2 2 2 2 2 2 2 2 2 2 2
left_child=1 5 -3 6 7 23 -4 8 9 -5 22 12 -9 14 15 26 17 -17 -19 -20 -16 -22 -11 -1 -15 -26 -10 28 29 -13 32 -32 -31 -34 35 36 -35 -28 -7 52 41 43 54 56 -45 46 47 -46 -49 50 -44 53 -40 -52 -43 -47 57 -41 -59 -60 -61 -62
right_child=-2 2 3 4 -6 38 -8 11 13 10 -12 27 -14 24 20 16 -18 18 19 -21 21 -23 -24 -25 25 -27 37 -29 -30 30 31 -33 33 34 -36 -37 -38 -39 39 40 -42 42 49 44 45 55 -48 48 -50 -51 51 -53 -54 -55 -56 -57 -58 58 59 60 61 -63
leaf_value=-0.0047145115086917738 -0.014142065877155545 0.013352948183628456 -0.0012743234676355676 0.0024020505715961634 -0.013173601125569756 0.00058045940131777509 -0.011889214809350358 0.0037145053426713686 -0.012607068822499901 -0.0060297985392547063 0.0036058432116461941 -0.0036966675318323944 0.020298690365370051 -0.0064104555623756406 0.00061829332762981869 -0.053272643286613408 -0.0010502911418891084 -0.045848819655829702 0.10943055209659397 -0.043321851342916495 -0.018199814091314607 0.017099138019228723 0.002270334577651534 0.00098176210108751158 -0.047582704758360274 -0.0012912797039240928 0.0040930973147592182 0.0015119165931607764 0.00076129441403160515 0.0011214984911556017 -0.17875525801339084 -0.011251665565456885 -0.0007467025730019326 -0.24149784998790849 0.010919485166668894 -0.034874196221963284 -0.11791728334846321 -0.0024536637286567005 -0.00015637430187577788 -0.0016768999989396956 -0.00075697812424260899 -0.068831696671147191 0.00074515577979645761 -0.0069040347842581869 -0.047129245392548355 -0.00060207031855456306 -0.016662446462554905 -0.20175653711462826 -0.056095077226368285 -0.0030852865323184727 -0.15247815698385239 -0.023517338254560646 0.0068799057067373609 -0.064545484599383446 -0.16730212993919849 -0.071633817503849659 0.0013723586045668924 -0.0038296617593789536 0.005510624002399653 -0.023040031892511227 -0.084141816976040784 0.0020574948561261409
leaf_weight=13920 536 1087 5236 64874 852 199144 1963 21729 952 11608 7754 870 1087 2627 10801 583 2664 211 42 40 168 1164 2359 5856 210 181 4093 7586 1447 272 36 24 136 21 30 42 27 9741 416793 4915 59856 52 86 1963 52 306 62 52 26 206 40 78 2999 34 20 30 5167 2226 323 422 204 64
leaf_count=13920 536 1087 5236 64874 852 199144 1963 21729 952 11608 7754 870 1087 2627 10801 583 2664 211 42 40 168 1164 2359 5856 210 181 4093 7586 1447 272 36 24 136 21 30 42 27 9741 416793 4915 59856 52 86 1963 52 306 62 52 26 206 40 78 2999 34 20 30 5167 2226 323 422 204 64
internal_value=-4.57788e-13 8.6392e-06 0.000771063 0.000686342 0.000912962 -0.000164682 -0.00416876 0.000991211 0.000464663 0.00137597 -0.00168862 0.00288942 0.00450461 -0.00189262 -0.00119153 -0.00326404 -0.0114878 -0.0432293 -0.0232454 0.0349172 0.00193885 0.012647 -0.00462792 -0.00302775 -0.00896831 -0.0261537 -0.00129515 -0.000623315 -0.00619917 -0.0131071 -0.0270308 -0.111754 -0.0174031 -0.0370856 -0.0782696 -0.107999 -0.171984 -0.000516705 -8.32286e-05 -0.000349712 -0.00169203 -0.00511981 -0.0341566 -0.00417224 -0.0125731 -0.0336493 -0.0803834 -0.110773 -0.153203 -0.024098 -0.0422855 -0.0666317 -0.000106107 -0.112077 -0.0961846 -0.00694419 -0.00260131 -0.00511933 -0.010343 -0.0246557 -0.038777 -0.0635569
internal_weight=877949 877413 162517 161430 154231 714896 7199 153379 120072 86595 21721 33307 22816 33477 30459 18326 3540 876 293 82 12133 1332 13967 19776 3018 391 14786 10491 2905 1458 588 60 528 256 120 90 48 13834 695120 495976 76184 16328 516 15812 2491 528 192 130 78 444 238 152 419792 74 72 336 13321 8154 3239 1013 690 268
internal_count=877949 877413 162517 161430 154231 714896 7199 153379 120072 86595 21721 33307 22816 33477 30459 18326 3540 876 293 82 12133 1332 13967 19776 3018 391 14786 10491 2905 1458 588 60 528 256 120 90 48 13834 695120 495976 76184 16328 516 15812 2491 528 192 130 78 444 238 152 419792 74 72 336 13321 8154 3239 1013 690 268
is_linear=0
shrinkage=0.05


Tree=120
num_leaves=63
num_cat=0
split_feature=3 3 3 3 5 8 0 0 6 3 3 3 8 0 3 0 14 9 18 18 0 19 14 8 15 0 3 2 6 0 8 18 0 0 7 0 3 0 0 0 4 0 14 18 8 0 8 0 6 6 4 0 0 8 15 9 18 15 0 13 18 14
split_gain=41.5569 111.86 79.5729 80.6418 77.2279 61.5881 51.8633 50.9228 47.8019 72.6536 49.9406 60.7582 49.3514 46.2163 153.835 84.8866 73.0446 164.018 576.987 603.048 428.983 80.9745 116.343 80.5818 136.46 77.1107 68.6679 74.9364 72.8576 100.085 65.967 64.9053 63.2125 179.06 138.33 101.596 105.079 121.575 68.5123 106.509 68.3775 63.3824 57.9934 105.096 57.2235 56.8697 68.3263 69.2162 193.413 54.1682 53.3216 106.388 83.659 51.7775 51.7051 98.7524 197.517 174.929 98.1043 60.3063 237.642 50.4449
threshold=-0.67935135960578907 -0.68251031637191761 -0.64683356881141651 -0.63766482472419728 0.74835324287414562 -0.18441987375263122 1.7035850882530215 1.7070583105087282 1.4755097031593325 -0.61470600962638844 0.13408648967742923 0.10062799602746965 -1.2968376874923704 1.4488858580589297 0.94304263591766369 1.3481638431549074 0.86346536874771129 0.86191278696060192 -0.35759045183658594 -0.76858097314834584 1.3782647252082827 1.0000000180025095e-35 1.0213370919227602 1.2940383553504946 -0.22701143473386762 1.3921573758125307 -0.55416440963745106 1.0000000180025095e-35 -1.0046545863151548 1.6862192749977114 -0.53798767924308766 -0.59470257163047779 1.0459979176521303 0.99505805969238292 0.85204461216926586 1.318063020706177 -0.090732414275407777 1.0587329268455508 1.0077930092811587 1.0413669943809511 -1.1535598635673521 1.1745052933692934 0.97200217843055736 -0.24693621695041654 -1.2968376874923704 1.1745052933692934 -1.113817512989044 1.2150256037712099 1.0000000180025095e-35 1.0621489584445956 -1.2979519963264463 1.6665380001068117 1.6665380001068117 1.0000000180025095e-35 -0.22701143473386762 0.30946898169349885 -0.025632537901401516 0.34317243844270712 1.3782647252082827 0.47951777279376989 0.25890488922595983 1.0213370919227602
decision_type=2 2 2 2 2 2 2 2 2 2 2 2 2 2 2 2 2 2 2 2 2 2 2 2 2 2 2 2 2 2 2 2 2 2 2 2 2 2 2 2 2 2 2 2 2 2 2 2 2 2 2 2 2 2 2 2 2 2 2 2 2 2
left_child=1 -1 -2 4 -4 -6 8 -8 13 -10 11 -11 -13 15 26 32 -17 54 19 23 21 22 -21 -19 -25 -22 28 50 29 -15 31 -23 33 -5 45 36 41 49 -35 -40 -37 -36 43 -20 -45 53 47 48 -47 -38 51 -28 -52 -34 -18 59 -57 -58 -59 60 -56 -27
right_child=2 -3 3 6 5 -7 7 -9 9 10 -12 12 -14 14 -16 16 17 18 42 20 25 30 -24 24 -26 61 27 -29 -30 -31 -32 -33 34 38 35 40 37 -39 39 -41 -42 -43 -44 44 -46 46 -48 -49 -50 -51 52 -53 -54 -55 55 56 57 58 -60 -61 -62 -63
leaf_value=-0.00050570111842580953 0.002467997274878779 -0.0078810602475589235 -0.0021361467312155775 -8.5217267884771068e-05 -0.024913098851685953 -0.0059683138903729302 0.0082074403656558544 0.001306280241709415 0.013355799330599903 0.00038121967535001151 0.0034787240310078927 -0.043134691868908705 -0.0082859204599034942 0.031679428221543564 0.0073393219237849888 0.0040149404287986015 0.0074291630653980818 0.011381421077600127 -0.11296572551131248 -0.16690376996994019 0.0082074338281206017 -0.084318740828031757 -0.013458144833289443 0.015529067158699037 -0.1596950086951256 -0.11995452580780819 -0.024361251647677766 -0.0029612855805156149 -0.0081402829979659933 -0.0032038389822995682 -0.21617574493090311 -0.18687147625928954 0.00048116763611015127 0.0092177295971854825 -0.0045720807023686113 0.008426537396158347 -0.017384648371787562 0.00047799050102653062 7.2310264378918094e-05 0.0084602700343915978 -0.020582003028120931 -0.013493632716150434 0.011501218406790069 -0.055832553209943903 0.0068733213528206485 -0.012244269569034754 0.0035408493825576704 -0.0044994003240289918 0.028185142540955933 0.009410295325459072 0.0087242597873781799 0.0021647105208789843 -0.00019699323830778758 -0.0033154482539301277 -0.0045159581848659 0.010837925013527275 -0.018600435166930159 -0.19154006460060677 -0.061033364245668055 0.0051998133419924007 -0.16825632752478126 -0.026694705819004568
leaf_weight=136639 35282 5342 4300 448599 792 936 3625 10179 1285 24313 15887 116 818 277 4518 22465 2570 210 25 30 58 27 21 25 20 29 567 27105 7444 798 60 36 19036 5688 4977 237 1442 13248 11313 5687 1422 3318 845 45 190 570 17063 5925 615 217 3952 1134 7843 17000 195 125 60 36 24 1290 25 29
leaf_count=136639 35282 5342 4300 448599 792 936 3625 10179 1285 24313 15887 116 818 277 4518 22465 2570 210 25 30 58 27 21 25 20 29 567 27105 7444 798 60 36 19036 5688 4977 237 1442 13248 11313 5687 1422 3318 845 45 190 570 17063 5925 615 217 3952 1134 7843 17000 195 125 60 36 24 1290 25 29
internal_value=-5.34964e-13 -0.000783197 0.000151092 3.4428e-05 -0.00572378 -0.0146513 8.43958e-05 0.00311856 2.28795e-05 0.00164822 0.00128248 -9.95331e-05 -0.012614 -8.51115e-05 -0.00148979 4.37261e-05 0.00270812 -0.00220529 -0.0156174 -0.0577186 -0.107038 -0.156691 -0.10372 -0.00162971 -0.0623483 -0.0325586 -0.00230188 -0.00144554 -0.00638311 0.00578469 -0.178655 -0.14292 -9.24732e-05 0.00013396 -0.00134691 -0.00448461 -0.00362992 -0.00111989 0.00446765 0.00287833 -0.0164379 -0.0081407 0.00514738 -0.0155026 -0.00513419 -5.13199e-05 0.0018249 -0.00229315 0.00873808 -0.0138798 0.00159864 -0.00667728 0.00279214 -0.00130989 0.00291148 -0.00370415 -0.0331491 -0.0789689 -0.139337 0.00107334 -0.0231228 -0.0733246
internal_weight=877949 141981 735968 700686 6028 1728 694658 13804 680854 42419 41134 25247 934 638435 53638 584797 28440 5975 1650 545 290 174 51 255 45 116 49120 40601 8519 1075 123 63 556357 471287 85070 24861 23202 14907 22688 17000 1659 8295 1105 260 235 60209 24173 7110 1185 1659 13496 1701 11795 36036 4325 1755 245 120 60 1510 220 58
internal_count=877949 141981 735968 700686 6028 1728 694658 13804 680854 42419 41134 25247 934 638435 53638 584797 28440 5975 1650 545 290 174 51 255 45 116 49120 40601 8519 1075 123 63 556357 471287 85070 24861 23202 14907 22688 17000 1659 8295 1105 260 235 60209 24173 7110 1185 1659 13496 1701 11795 36036 4325 1755 245 120 60 1510 220 58
is_linear=0
shrinkage=0.05


Tree=121
num_leaves=63
num_cat=0
split_feature=9 8 0 14 19 18 18 0 13 0 16 0 18 22 5 18 18 5 5 4 18 18 18 3 3 22 1 6 2 3 12 22 0 0 15 18 14 22 16 9 19 16 10 13 10 3 18 15 15 0 18 4 14 18 6 0 0 0 3 3 0 5
split_gain=41.8544 45.0397 47.5076 81.5645 127.957 116.085 150.149 125.348 86.1824 71.7254 130.232 74.4766 108.479 133.688 154.394 98.7696 163.757 334.254 111.235 149.577 91.5721 71.9967 57.4102 49.0533 70.7003 44.0395 94.9546 224.509 81.2867 75.6065 61.0185 70.2007 458.643 166.39 209.231 159.954 324.597 224.713 168.572 231.671 132.86 130.066 135.995 154.118 117.273 111.594 107.379 105.089 74.4969 65.2442 112.102 57.0582 110.346 55.9253 52.6336 95.6778 135.86 81.4657 170.033 82.7701 64.2225 62.8613
threshold=0.30946898169349885 -0.18441987375263122 1.2150256037712099 0.75492852926254284 1.3761340379714968 -0.24693621695041654 -0.76858097314834584 1.318063020706177 0.85274726152420055 1.3782647252082827 -0.11790292830298198 1.318063020706177 0.76474118232727062 0.62618514895439159 -0.25051979752606707 -0.65793153643608082 -0.35759045183658594 -0.25051979752606707 -0.25051979752606707 0.4347532987594605 0.037596394307911403 -0.59470257163047779 -0.23112778365612027 -0.73768702149391163 -0.72433647513389576 0.51560327410697948 -1.1897694468498228 1.0000000180025095e-35 1.7396694421768191 5.9515886306762704 -1.0295194983482359 1.4761102199554446 0.41966924071311956 0.99505805969238292 -0.51210337877273548 -0.12047835439443587 1.3962825536727907 1.7706146836280825 -0.50098438560962666 -1.2384440898895261 -0.58511462807655323 -0.50098438560962666 1.0000000180025095e-35 1.4452489614486697 1.0000000180025095e-35 0.49141664803028112 1.0000000180025095e-35 0.34317243844270712 1.0000000180025095e-35 0.69404986500740062 -0.041440978646278374 -0.57599145174026478 1.440683960914612 -0.4524314403533935 -1.0046545863151548 -0.29348869621753687 -0.28654234111309046 -0.97423034906387318 -0.31494747102260584 -0.59950283169746388 -0.34327083826065058 0.74835324287414562
decision_type=2 2 2 2 2 2 2 2 2 2 2 2 2 2 2 2 2 2 2 2 2 2 2 2 2 2 2 2 2 2 2 2 2 2 2 2 2 2 2 2 2 2 2 2 2 2 2 2 2 2 2 2 2 2 2 2 2 2 2 2 2 2
left_child=25 2 23 -4 9 6 -6 -8 -9 10 11 -5 13 14 20 -15 17 21 22 -20 -13 -17 -18 -2 -25 26 27 -1 30 54 31 -27 -33 34 49 36 37 40 -39 -40 -36 42 43 46 -38 -46 -37 -41 -48 -34 -51 -47 -53 -42 -28 57 -57 59 60 61 -59 -56
right_child=1 -3 3 4 5 -7 7 8 -10 -11 -12 12 -14 15 -16 16 18 -19 19 -21 -22 -23 -24 24 -26 28 29 -29 -30 -31 -32 32 33 -35 35 41 44 38 39 47 53 -43 -44 -45 45 51 48 -49 -50 50 -52 52 -54 -55 55 56 -58 58 -60 -61 -62 -63
leaf_value=-0.002700910463275993 -0.0024089470845959507 -0.00010269719397004618 0.00050267040173703251 -0.0097449549692350031 0.0028380957372005911 -0.010132286927238863 -0.031591651959416385 -0.16684916367133459 -0.052975272977103798 0.0010092764508395642 0.0015804450720257803 -0.13876743618398907 0.012412191045936197 0.0088404470727546144 -0.22729700386524199 -0.10203665299341083 -0.06586957951076329 0.013748596439836547 -0.016666885832738548 -0.1778133723884821 0.0060955362593328273 -0.21157868951559067 0.01316964775978704 0.0077645626358476896 0.0013757225359878286 -9.4968234999040954e-05 0.00047318065364966978 -0.025188535937000905 0.0078767782546411303 0.012087701347010293 0.00084128407251462243 0.001631695896977061 -0.00021714681708643181 0.010785968061737075 -0.11593143656849861 -0.047942163075786082 0.023009738926775755 -0.14133729944626491 -0.14521884053945541 0.018335017924610938 0.0065532581132498966 0.0035827843217096722 0.013038058385653939 0.0073025537200737747 -0.063174156596906172 -0.17345989093636022 -0.16536204433441162 -0.10837437838315965 -0.051182521861046548 -0.086668437272310273 0.016451796635668328 -0.13100164937667358 -0.021931627031528591 -0.020144160198333733 -0.0012325828416460713 0.011009434038350377 -0.00034564762681550193 -0.0021107688946500271 -0.0081794392264195794 0.00026664437510307053 0.0088339866288855463 -0.015436751331435988
leaf_weight=13176 8143 203340 21430 584 62 265 52 54 24 3042 1104 20 100 100 20 24 28 40 36 24 24 40 128 4478 131279 33011 98677 1212 3538 1199 112476 9169 963 418 30 80 30 60 40 90 342 480 90 60 338 33 50 20 20 60 47 78 33 460 1574 2684 142031 30957 14328 32711 1401 1542
leaf_count=13176 8143 203340 21430 584 62 265 52 54 24 3042 1104 20 100 100 20 24 28 40 36 24 24 40 128 4478 131279 33011 98677 1212 3538 1199 112476 9169 963 418 30 80 30 60 40 90 342 480 90 60 338 33 50 20 20 60 47 78 33 460 1574 2684 142031 30957 14328 32711 1401 1542
internal_value=-9.40058e-13 0.00040033 0.000998137 -0.000918161 -0.00619427 -0.0315823 -0.0611878 -0.0917233 -0.131811 -0.00401091 -0.0107325 -0.0223707 -0.0349965 -0.0447917 -0.112109 -0.0345338 -0.0480883 -0.0996354 -0.0232693 -0.0811255 -0.0597513 -0.1705 -0.00101688 0.00136037 0.00158646 -0.000297711 -0.0006198 -0.0045952 0.000381179 -0.000444939 0.000213841 -0.00132027 -0.00443386 -0.0189852 -0.0226409 -0.0310342 -0.0403076 -0.0242892 -0.0705063 -0.0421739 -0.0126238 -0.0125587 -0.0383852 -0.0604237 -0.0729075 -0.0788774 -0.0875142 -0.00470305 -0.132739 -0.0043327 -0.0413726 -0.115736 -0.0985754 -0.00875948 -0.000491046 -0.000909775 -0.000135047 -0.00226853 -0.00364481 -0.000475098 -0.0016369 -0.00826173
internal_weight=877949 374441 171101 27201 5771 457 192 130 78 5314 2272 1168 584 484 64 420 320 104 216 60 44 64 156 143900 135757 503508 341492 14388 162016 327104 158478 46002 12991 3822 3404 2334 1554 1042 210 150 832 780 300 210 512 482 150 110 70 1070 107 144 111 802 325905 227228 144715 82513 46686 35827 32358 3116
internal_count=877949 374441 171101 27201 5771 457 192 130 78 5314 2272 1168 584 484 64 420 320 104 216 60 44 64 156 143900 135757 503508 341492 14388 162016 327104 158478 46002 12991 3822 3404 2334 1554 1042 210 150 832 780 300 210 512 482 150 110 70 1070 107 144 111 802 325905 227228 144715 82513 46686 35827 32358 3116
is_linear=0
shrinkage=0.05


Tree=122
num_leaves=63
num_cat=0
split_feature=0 0 14 3 6 19 6 18 6 15 0 3 2 8 0 6 13 14 22 0 22 5 5 6 15 5 14 6 9 4 9 18 14 18 15 5 22 5 14 19 14 7 2 18 4 4 19 3 3 3 3 3 13 6 0 2 14 0 0 3 2 3
split_gain=41.0206 124.199 89.6585 81.7736 78.1386 70.2644 108.873 131.354 241.586 378.549 174.143 67.5088 69.2744 64.4674 59.7124 59.2671 55.4764 247.462 150.627 71.6835 232.121 267.304 149.251 249.049 237.29 249.7 175.597 275.748 246.579 224.242 296.518 304.057 189.727 122.404 121.458 284.629 98.0737 301.029 199.775 90.117 85.5368 76.1282 61.6236 61.2555 147.363 122.464 55.757 51.3199 143.013 186.604 123.738 115.425 117.47 110.88 114.825 103.784 108.196 126.342 226.735 96.3254 109.001 100.11
threshold=-1.1351540088653562 -1.1085263490676878 1.3321472406387331 -0.38639131188392634 -1.4180153012275694 -0.67850741744041432 1.0000000180025095e-35 0.87539541721344005 0.23542753793299201 -1.0164967775344846 -1.3655410408973692 1.9536987543106081 0.88939985632896434 -0.53798767924308766 -1.0900027751922605 0.23542753793299201 0.29290308058261877 0.86346536874771129 0.56505450606346141 -1.3655410408973692 0.63909837603569042 1.2477897703647616 1.0000000180025095e-35 0.23542753793299201 1.1107277274131777 1.2477897703647616 0.64639165997505199 0.23542753793299201 1.244215786457062 -0.14281512796878812 0.86191278696060192 0.30632539093494421 0.80426350235939037 -0.16789884865283963 -0.66561439633369435 0.74835324287414562 1.0106258392333987 -1.2493928074836729 1.1890759468078616 -0.7719002068042754 1.1298739910125735 1.2938593029975893 1.7396694421768191 0.30632539093494421 -0.43159933388233179 0.4347532987594605 -0.95868578553199757 -0.25424566864967341 -0.31494747102260584 -0.34548528492450709 -0.18533226102590558 -0.18013582378625867 -0.23894894868135449 0.23542753793299201 0.99505805969238292 1.4562462568283083 -0.014696443919092415 -0.31432774662971491 1.0459979176521303 -0.36534266173839564 -0.81113922595977772 -0.70595383644103993
decision_type=2 2 2 2 2 2 2 2 2 2 2 2 2 2 2 2 2 2 2 2 2 2 2 2 2 2 2 2 2 2 2 2 2 2 2 2 2 2 2 2 2 2 2 2 2 2 2 2 2 2 2 2 2 2 2 2 2 2 2 2 2 2
left_child=2 3 5 4 -2 6 -1 16 9 -9 11 12 -11 -6 -3 -4 17 18 -8 20 21 39 26 24 34 -26 -22 28 29 33 31 46 -33 -28 35 40 41 -38 -39 -18 -24 -35 -36 44 -37 -46 -31 48 49 59 53 52 -52 54 -49 -53 57 -57 -59 60 61 -16
right_child=1 14 15 -5 13 -7 7 8 -10 10 -12 -13 -14 -15 47 -17 19 -19 -20 -21 22 -23 23 -25 25 -27 27 -29 -30 30 -32 32 -34 36 42 43 37 38 -40 -41 -42 -43 -44 -45 45 -47 -48 50 -50 -51 51 55 -54 -55 -56 56 -58 58 -60 -61 -62 -63
leaf_value=-0.0021485775209443641 0.015766357340596501 -0.004949249376025068 -0.03109136169007274 0.0045836023986795546 0.003257322179110018 -0.0023438634173451197 -0.0008106118493636451 -0.047153270067065024 0.0039208257116174292 0.073266631149850436 0.0028499947351666942 0.0068241000896500014 0.13169659270394235 -0.0079773528449210793 -0.022258245100913929 0.0025290705540198916 0.060604703139688354 -0.051621493557513713 0.12522039444496233 -0.0016085850029446424 0.069620548717544556 -0.055603079466770094 0.022925695156057677 0.0017434222881916421 0.046544784395438105 -0.080347702723173875 0.045816735219624309 0.0050306098850665384 -0.093651915825903431 0.081007536279503259 0.086588897124844758 0.055263773848613112 -0.071222534580599697 -0.090259521713372898 0.056859367138106812 -0.085988466069102293 0.10433930634624429 0.078569932654500019 -0.077244627144601619 0.14681100013355416 -0.088761877119541172 0.0053962488193064935 0.12336310995252509 0.075348321609199048 0.085136521830120021 -0.045281624607741836 -0.0069926532839114479 -0.0023767638898031054 -0.0041722821933364929 0.0067387846231525593 -0.00094062557382093277 0.00069218854790464022 -0.011245036742602296 0.0070830748409042871 0.0059158338679549949 0.011247028522613526 -0.004761171168621469 -0.014839238569452141 0.0019036271813381693 -0.003357683639304321 0.00046168745313442312 -0.0015795495928141627
leaf_weight=17754 565 6029 132 24109 2042 69295 1946 96 1236 279 99 31 62 3408 590 18874 192 255 24 4241 84 48 24 1524 72 84 36 2532 120 72 96 36 168 156 418 24 36 24 144 36 60 24 38 120 72 24 24 10430 23182 9654 7765 282080 4296 12733 6960 2456 18905 2456 11445 24090 230830 73312
leaf_count=17754 565 6029 132 24109 2042 69295 1946 96 1236 279 99 31 62 3408 590 18874 192 255 24 4241 84 48 24 1524 72 84 36 2532 120 72 96 36 168 156 418 24 36 24 144 36 60 24 38 120 72 24 24 10430 23182 9654 7765 282080 4296 12733 6960 2456 18905 2456 11445 24090 230830 73312
internal_value=-1.91873e-14 0.000136391 -0.000856418 0.00328239 -0.00193306 -0.00144602 0.000479529 0.00368482 0.0163171 0.0433396 0.061784 0.0774681 0.0838903 -0.00376796 6.07199e-06 0.00229557 0.00189903 -0.00527445 0.000724791 0.00341494 0.0068031 0.051639 0.00474476 0.0142112 0.0345114 -0.0217819 -0.00181141 -0.0035416 -0.0267305 -0.0168891 0.0101045 -0.0143706 -0.0489014 -0.0423403 0.0457701 0.0223631 -0.050605 -0.0268693 -0.0549854 0.0742162 -0.0568511 -0.0775054 0.0624013 0.0500881 0.0248279 0.052532 0.0590075 4.74978e-05 -0.000373041 -0.000112833 0.00047053 0.000190024 -0.00461095 0.00353794 0.000942183 0.000372491 -0.00218494 0.000792599 -0.00105447 -0.000313992 -7.33792e-05 -0.00174464
internal_weight=877949 757337 120612 30124 6015 101606 32311 14557 1803 567 471 372 341 5450 727213 19006 12754 2225 1970 10529 6288 276 6012 2460 936 156 3552 3468 936 816 396 300 204 420 780 324 384 204 168 228 84 180 456 240 120 96 96 721184 361658 338476 359526 329403 12061 30123 17390 317342 35262 16357 13901 328822 304732 73902
internal_count=877949 757337 120612 30124 6015 101606 32311 14557 1803 567 471 372 341 5450 727213 19006 12754 2225 1970 10529 6288 276 6012 2460 936 156 3552 3468 936 816 396 300 204 420 780 324 384 204 168 228 84 180 456 240 120 96 96 721184 361658 338476 359526 329403 12061 30123 17390 317342 35262 16357 13901 328822 304732 73902
is_linear=0
shrinkage=0.05


Tree=123
num_leaves=63
num_cat=0
split_feature=3 3 8 0 5 0 0 6 0 6 8 14 0 22 4 7 4 0 22 3 6 5 13 7 0 0 0 3 11 0 11 22 0 14 19 15 5 22 6 9 15 13 22 17 16 15 13 5 19 15 19 0 10 0 22 3 0 0 3 0 4 0
split_gain=39.4576 74.7705 161.898 119.147 174.473 118.081 93.5569 103.068 88.8124 149.193 76.2911 75.1847 69.9955 78.8852 63.3445 53.5453 55.3631 52.2762 49.9302 42.833 41.7579 40.6277 37.2167 36.5859 59.7193 147.237 102.953 86.5277 68.626 71.8515 67.8757 118.659 94.8222 74.0604 141.311 129.646 119.04 108.053 201.177 191.571 173.568 143.909 100.295 85.1149 82.8467 148.63 107.678 105.247 92.4439 85.9933 82.4103 71.3267 68.7041 66.5445 110.577 60.7703 54.9899 70.4082 94.4454 72.8148 128.841 68.9745
threshold=-0.72815677523612965 -0.74338054656982411 -0.53798767924308766 0.33631311357021337 0.74835324287414562 -0.36063669621944422 -1.1640971302986143 0.23542753793299201 -0.37105621397495264 -1.0046545863151548 1.0000000180025095e-35 1.1298739910125735 0.28421554714441305 0.19871012121438983 -0.43159933388233179 -1.1138049960136411 1.0123216807842257 0.33631311357021337 1.5049142837524416 -0.72433647513389576 0.6487882286310197 0.74835324287414562 0.64747095108032238 0.53506958484649669 -0.47525136172771448 -0.49609039723873133 -0.41852289438247675 -0.54222697019577015 1.0553198158741 -0.31432774662971491 0.61866869032382976 1.4189848899841311 -0.74500101804733265 1.1890759468078616 -0.11815067753195761 1.0000000180025095e-35 0.74835324287414562 1.1788991093635561 1.0000000180025095e-35 1.244215786457062 1.0000000180025095e-35 0.85274726152420055 1.1624757647514345 2.1868077516555791 0.55972985923290264 1.1107277274131777 1.123338580131531 0.74835324287414562 0.010969315839417961 0.80370557308197033 0.34881326556205755 -0.92676365375518788 1.0000000180025095e-35 -0.51692941784858693 -0.036585127934813493 -0.52379089593887318 0.36757166683673864 1.3574256896972658 -0.55416440963745106 1.318063020706177 -1.1535598635673521 -0.14414230734109876
decision_type=2 2 2 2 2 2 2 2 2 2 2 2 2 2 2 2 2 2 2 2 2 2 2 2 2 2 2 2 2 2 2 2 2 2 2 2 2 2 2 2 2 2 2 2 2 2 2 2 2 2 2 2 2 2 2 2 2 2 2 2 2 2
left_child=1 5 3 4 6 8 7 -3 9 -1 12 -6 13 14 -7 16 -11 18 -4 -2 -14 -18 -10 24 25 30 -26 -28 29 -29 53 32 33 37 36 42 43 55 -39 40 51 -42 52 -35 45 49 -47 48 -46 -43 -49 -40 -36 -21 -55 -32 61 59 -59 -58 -61 -25
right_child=19 2 17 -5 11 10 -8 -9 22 15 -12 -13 20 -15 -16 -17 21 -19 -20 23 -22 -23 -24 56 26 -27 27 28 -30 -31 31 -33 -34 34 35 -37 -38 38 39 -41 41 44 -44 -45 47 46 -48 50 -50 -51 -52 -53 -54 54 -56 -57 57 58 -60 60 -62 -63
leaf_value=0.018148994622863956 0.0045069765787080322 -0.0097246323919130701 -0.0089556658914591147 -0.0047420392303364799 -0.011044513342938114 0.0057276711276043526 0.015896985282105158 0.015861981745628227 -0.0062987734493529686 -0.00043807272899428276 0.0087793273060668888 0.015813630964727172 0.0096323878720491665 0.0041387186939878251 -0.01664746840207016 -0.003856772905482469 0.033877184383524911 -0.0025540570872619856 0.003611290857491318 0.00030733513041984826 -0.0032201498424041779 -0.0017183596088476147 -0.00021702375932900945 -0.00024691064636648798 0.0065239402555227026 -0.010154425808192688 -0.0010746906277936429 0.0080302026593672363 0.0032649506822932141 0.00059912084253059615 0.002449109467511779 -0.034491143639897928 -0.0045923917171475847 -0.064137892682964978 -0.083880827508189468 -0.016433396321264948 0.0033077368211001158 -0.017101996444261348 0.088067339887135332 -0.056430552601814267 -0.10388282456181266 0.058525512510600189 0.062793596576676089 0.038495573672381322 0.037801233475858516 0.040936229701497052 -0.098061219941486019 -0.010727922587046544 -0.087727601555260756 0.15538153702562507 0.077067045137624857 0.0050163857017954195 0.018147151156991833 -0.0042675876820752095 0.01179422128627341 -0.0013779260987741783 -0.0016589658303984894 -0.0054367518401484995 0.0015666697431816912 0.0075818783813456471 -0.012692525561287353 0.0023998055484372679
leaf_weight=1272 5453 927 10460 4315 1634 411 3221 684 8482 591 5411 310 2262 1474 1373 3756 282 7191 855 116358 877 112 3576 153670 7533 3767 61155 3304 30077 210355 14375 270 16518 247 22 353 125 297 187 55 22 75 121 22 22 38 22 52 44 33 55 30 66 1624 3150 37260 78797 5623 33457 1008 3520 29311
leaf_count=1272 5453 927 10460 4315 1634 411 3221 684 8482 591 5411 310 2262 1474 1373 3756 282 7191 855 116358 877 112 3576 153670 7533 3767 61155 3304 30077 210355 14375 270 16518 247 22 353 125 297 187 55 22 75 121 22 22 38 22 52 44 33 55 30 66 1624 3150 37260 78797 5623 33457 1008 3520 29311
internal_value=1.07264e-13 -0.00124346 -0.0030247 0.00175211 0.00588762 0.000520972 0.0109766 0.00113896 -0.00201985 0.00294387 0.00440946 -0.00676158 0.000713141 -0.00442064 -0.0114927 -0.00113563 0.00924062 -0.00588754 -0.00800606 9.03586e-05 0.00604154 0.0237587 -0.00449513 6.07359e-05 0.000320887 -0.000365191 0.000749564 0.000606896 0.00102882 0.000714034 -0.000172569 -0.0014083 -0.00128077 -0.000258758 -0.0140505 0.00204514 -0.0370094 -7.93667e-06 0.0168652 0.0327522 0.0412092 0.0200613 0.0332553 -0.0557441 0.0280577 0.0530669 -0.0100295 0.00377138 -0.0458847 0.0881204 0.0344003 0.0765856 -0.00735984 0.000544713 0.00633038 -0.000312493 -0.000371705 -0.00119204 0.000558987 -0.00201328 -0.00817914 0.000177056
internal_weight=877949 59476 29597 11091 6776 29879 4832 1611 18071 6013 11808 1944 6397 3258 1784 4741 985 18506 11315 818473 3139 394 12058 813020 507634 195210 312424 304891 243736 213659 191443 70311 70041 53523 956 562 394 52567 932 635 580 363 209 269 341 168 60 173 66 108 107 217 88 121132 4774 51635 305386 122405 39080 83325 4528 182981
internal_count=877949 59476 29597 11091 6776 29879 4832 1611 18071 6013 11808 1944 6397 3258 1784 4741 985 18506 11315 818473 3139 394 12058 813020 507634 195210 312424 304891 243736 213659 191443 70311 70041 53523 956 562 394 52567 932 635 580 363 209 269 341 168 60 173 66 108 107 217 88 121132 4774 51635 305386 122405 39080 83325 4528 182981
is_linear=0
shrinkage=0.05


Tree=124
num_leaves=63
num_cat=0
split_feature=8 2 2 12 3 3 0 0 6 13 5 18 14 19 14 15 5 3 19 0 6 22 13 3 0 4 0 0 12 9 18 0 6 4 9 18 15 18 16 0 22 3 12 0 5 3 4 0 3 6 11 4 16 19 0 0 0 17 0 0 22 12
split_gain=39.0212 65.8518 68.3457 179.299 62.2094 67.7857 74.1589 65.8409 76.9952 193.471 597.353 315.143 179.405 234.037 74.7693 74.1984 108.409 159.188 172.532 74.0388 76.5263 72.5029 71.9902 68.1246 191.556 99.807 103.434 98.0721 63.454 146.117 159.003 111.147 123.39 101.67 75.5344 71.7493 122.368 69.8252 104.298 67.6852 63.5791 55.583 57.7363 60.8086 86.4861 68.7574 56.685 151.33 80.4705 55.5103 54.8676 55.0887 54.4545 61.2278 54.4109 110.01 52.6395 73.5126 103.101 90.6808 65.1375 83.5914
threshold=0.85218852758407604 -0.24429284036159513 -0.52771602571010578 -0.68629828095436085 -0.51612976193428028 -0.44724099338054651 1.5415037870407107 0.41966924071311956 -1.4180153012275694 -0.44422514736652369 -0.25051979752606707 1.0492786169052126 0.31091411411762243 -0.11815067753195761 1.3962825536727907 2.7774192094802861 -0.74995630979537953 0.13999358564615252 0.34881326556205755 -0.1128837652504444 0.6487882286310197 -8.9436514034701969e-06 -0.28560262918472284 -0.090732414275407777 0.99505805969238292 -0.72038355469703663 1.1745052933692934 1.1745052933692934 -1.0295194983482359 0.30946898169349885 -0.19951572269201276 0.69404986500740062 1.0621489584445956 -0.43159933388233179 -1.2384440898895261 0.16405908763408664 -0.22701143473386762 -0.31016515195369715 -0.50098438560962666 1.2949085831642153 1.5892293453216555 -0.64683356881141651 -0.68629828095436085 -1.0205392837524412 0.74835324287414562 -0.61470600962638844 1.0123216807842257 -0.24023338407278058 -0.75740474462509144 1.0000000180025095e-35 0.61866869032382976 -0.57599145174026478 -0.50098438560962666 0.010969315839417961 -0.28654234111309046 -0.58755058050155629 0.11866103112697603 -0.055877291234588893 1.2150256037712099 1.0459979176521303 1.7484916448593142 -1.0295194983482359
decision_type=2 2 2 2 2 2 2 2 2 2 2 2 2 2 2 2 2 2 2 2 2 2 2 2 2 2 2 2 2 2 2 2 2 2 2 2 2 2 2 2 2 2 2 2 2 2 2 2 2 2 2 2 2 2 2 2 2 2 2 2 2 2
left_child=1 2 4 -4 41 -6 7 19 9 15 11 12 13 -11 22 -9 -17 -18 -19 20 -7 -15 -10 24 -24 27 -27 -26 29 30 33 -30 -33 -16 35 36 -32 40 -39 -34 -35 46 -43 -44 45 -45 48 -48 50 -25 -1 -52 53 -36 55 -22 -2 58 59 60 -58 -62
right_child=56 -3 3 -5 5 6 -8 8 14 10 -12 -13 -14 21 28 16 17 18 -20 -21 54 -23 23 49 25 26 -28 -29 31 -31 34 32 39 37 52 -37 -38 38 -40 -41 -42 42 43 44 -46 -47 47 -49 -50 -51 51 -53 -54 -55 -56 -57 57 -59 -60 -61 61 -63
leaf_value=-0.00086167241459904429 -0.001159916015185745 -0.00031380681254460432 -0.0064761803729900189 0.014791520267400386 0.0056352905425456718 -2.8564712509025405e-06 0.0049322402464088274 -0.0019046564221436191 -0.0019553644039536672 -0.22979433814684552 0.0038033516849945979 0.0038225068822503091 -0.24032451084681919 -0.034705147494137882 -0.12320054370164871 0.020602278407397017 0.0026404755749314538 -0.0038657975473230886 -0.15043003330611737 0.004007111164715472 0.0022202416858658441 -0.13711130447685718 -0.0022139003241778209 0.0050610825584935307 0.014805638192070498 0.0081671675765834558 0.025444635821698369 -0.021574478685690186 0.0036697235075573115 0.0025944074064185203 -0.029667398187924517 0.015481634308659549 -0.042436567430194347 -0.057970423403968845 -0.097473952531814581 0.02673258197094713 -0.14674361917256779 0.0087415075441822417 -0.12635930292308331 0.00027449605967391468 0.00066074005706788421 -0.0048126062026303245 0.0064924366939244811 0.0062340855530333356 -0.0070840908366606187 -0.0018297183341076308 0.011867472881479359 -0.0035793009294191589 0.001261438850429678 -0.00086086410086402007 0.0011729682907079238 -0.010153125368497379 0.015865063905348427 0.0084745998773723841 -0.0015264718795579069 0.01016826283890288 0.0018129228763650634 -0.0016227346861754641 0.0043808836129841178 -0.0028400967352603633 -0.021019484797683431 0.00071827990068028822
leaf_weight=9564 142419 302849 1564 2705 7836 89190 10853 4900 19582 30 363 50 35 56 50 70 69 31 57 20995 27153 25 3826 5149 370 1732 1733 371 2044 622 110 185 387 94 25 35 28 20 50 122 91 12476 2705 3847 5040 8450 3510 2892 33058 17096 1464 4026 223 30 6476 5185 40402 35084 18615 18071 725 1134
leaf_count=9564 142419 302849 1564 2705 7836 89190 10853 4900 19582 30 363 50 35 56 50 70 69 31 57 20995 27153 25 3826 5149 370 1732 1733 371 2044 622 110 185 387 94 25 35 28 20 50 122 91 12476 2705 3847 5040 8450 3510 2892 33058 17096 1464 4026 223 30 6476 5185 40402 35084 18615 18071 725 1134
internal_value=-7.25779e-13 0.000214125 0.000715877 0.00699984 0.000630547 0.00106572 0.0009026 0.000693007 -0.000710597 -0.00624473 -0.0341766 -0.104517 -0.14162 -0.110496 -0.000127603 -0.0031993 -0.0311454 -0.0542176 -0.0987995 0.00125503 0.000803635 -0.066312 0.000407086 0.00193503 0.00588205 0.0132466 0.0168084 -0.00340897 -0.00660454 -0.0153555 -0.0301237 -0.00220031 -0.019489 -0.0580074 -0.0112667 -0.0372058 -0.053422 -0.0452244 -0.0877591 -0.0321993 -0.0291302 -0.000506234 -0.00214227 -0.00048001 -0.00156788 0.000692966 0.000469675 0.00488964 -0.000118466 0.000509876 -0.00314868 -0.00713283 0.00487517 -0.0396838 0.00265686 0.00349461 -0.000518925 0.000281641 0.00112794 0.000124274 0.00139185 -0.00775933
internal_weight=877949 621499 318650 4269 314381 227349 219513 208660 59661 5686 559 196 146 111 53975 5127 227 157 88 148999 128004 81 49859 30277 8032 4206 3465 741 4116 1378 756 2738 694 305 451 173 138 255 70 509 185 87032 32518 20042 17337 12297 54514 6402 48112 22245 15054 5490 278 55 38814 32338 256450 114031 78947 60332 42261 1859
internal_count=877949 621499 318650 4269 314381 227349 219513 208660 59661 5686 559 196 146 111 53975 5127 227 157 88 148999 128004 81 49859 30277 8032 4206 3465 741 4116 1378 756 2738 694 305 451 173 138 255 70 509 185 87032 32518 20042 17337 12297 54514 6402 48112 22245 15054 5490 278 55 38814 32338 256450 114031 78947 60332 42261 1859
is_linear=0
shrinkage=0.05


Tree=125
num_leaves=63
num_cat=0
split_feature=5 8 3 0 0 6 17 13 0 0 0 18 5 3 0 13 0 5 3 3 6 22 3 0 0 0 15 3 22 19 18 2 3 0 16 6 5 14 18 11 14 19 6 5 14 15 6 14 18 22 19 6 4 0 22 22 0 0 2 0 3 3
split_gain=37.636 47.7922 52.0175 50.6524 65.5429 93.3477 66.9535 49.738 54.329 48.6244 77.7698 126.339 105.017 104.497 66.4006 58.9411 92.5075 58.1615 119.906 51.5818 59.7569 58.1997 51.3481 48.6553 87.9126 47.6052 50.0437 55.8734 63.6191 133.14 99.292 45.5499 44.9027 50.8472 73.0034 255.344 300.925 138.845 106.927 99.0333 164.725 143.194 134.02 129.437 110.783 265.896 86.0003 136.929 85.0123 84.1044 77.1612 72.4689 68.1966 65.2074 61.0486 53.778 46.6901 44.2188 43.9859 43.9121 43.3862 69.2355
threshold=1.2477897703647616 -0.85498791933059681 -0.75740474462509144 1.2150256037712099 1.5415037870407107 1.0000000180025095e-35 -0.055877291234588893 0.23691862821578982 -0.36642532050609583 0.75193604826927196 0.33631311357021337 -1.8751041293144224 -0.25051979752606707 -0.72433647513389576 0.20433260500431064 0.068965356796979918 1.1745052933692934 0.74835324287414562 -0.73768702149391163 1.9536987543106081 1.0000000180025095e-35 0.73115441203117382 0.65640461444854747 1.0610483288764956 1.0587329268455508 0.82371494174003612 3.2160221338272099 0.13999358564615252 -0.76072338223457325 1.0025628209114077 -1.3692678213119505 0.6059766709804536 -0.6953391134738921 -0.85266935825347889 -0.11790292830298198 0.23542753793299201 1.0000000180025095e-35 1.0805390477180483 0.19567114114761355 0.61866869032382976 0.75492852926254284 0.72238448262214672 1.0000000180025095e-35 0.74835324287414562 1.0805390477180483 -0.22701143473386762 1.0000000180025095e-35 1.0213370919227602 -0.21531934291124341 0.82265746593475353 0.72238448262214672 1.0000000180025095e-35 1.0000000180025095e-35 0.11866103112697603 0.74601480364799511 1.201113283634186 -0.81562218070030201 -1.3655410408973692 0.88939985632896434 0.53312620520591747 -0.72815677523612965 -0.73768702149391163
decision_type=2 2 2 2 2 2 2 2 2 2 2 2 2 2 2 2 2 2 2 2 2 2 2 2 2 2 2 2 2 2 2 2 2 2 2 2 2 2 2 2 2 2 2 2 2 2 2 2 2 2 2 2 2 2 2 2 2 2 2 2 2 2
left_child=1 2 7 9 5 -5 -7 8 -1 10 13 12 -12 17 19 25 23 18 -4 21 -21 57 -13 24 -17 -11 -27 -28 29 30 -29 -19 -23 34 35 36 51 49 50 -36 -41 42 -42 44 45 54 -43 -48 -46 -38 -39 -34 -45 56 -44 58 -35 -15 -53 -24 61 -2
right_child=60 -3 3 4 -6 6 -8 -9 -10 15 11 22 -14 14 -16 16 -18 31 -20 20 -22 32 59 -25 -26 26 27 28 -30 -31 -32 -33 33 53 39 -37 37 38 -40 40 41 46 43 52 48 -47 47 -49 -50 -51 -52 55 -54 -55 -56 -57 -58 -59 -60 -61 -62 -63
leaf_value=-0.0014663404042303523 -0.0013050607400902797 -0.00012157366006286107 0.0021848460452390073 0.0012716140111238602 0.0014851277922497503 -0.0034588046567343659 -0.012254381678301809 0.0014819000105271898 -0.013975441683697569 0.010822474000551183 -0.1219774559850339 -0.0028759024516140409 0.0017759974277578297 -0.003744226202458754 0.0061652063337015069 0.0065142451107108772 0.028858059336598591 0.0029868327596135318 0.017713196394186333 0.0024477090150960105 -0.017556813047796268 -0.0045514067008059558 -0.00039872940976372513 0.00081854343230305503 0.029944363579065221 0.0014887772169189573 -3.9080717177923336e-05 -0.051254138986523437 0.0081744123913593727 -0.00072960738917962392 -0.17482022794027782 -0.021587948080444237 -0.0043074768828228116 0.022777644172889217 0.001335713301011573 0.0031848450230611072 -0.027551079640397803 -0.016962379422038792 0.02714118375303224 0.10433455338080724 -0.0036141607197601312 -0.0036590896203124433 0.030264297026124872 0.090118576089541116 0.028244304259618127 0.083080189542046615 -0.051152181474921801 0.078798259999198109 -0.058580126983519547 0.088427539418141049 -0.11517212480306625 0.097637274834726548 -0.029077169597148896 -0.004656541290725724 -0.060581942941945299 0.051241515353322033 0.0066580402023475238 0.00055199191036678916 0.16770254799297879 0.010125415460778768 -0.00055217583152737931 -0.011207601715339528
leaf_weight=1736 5898 533393 2467 7904 16084 7898 2980 2544 1736 1352 40 17556 30 6480 5970 3565 451 749 2506 686 819 1920 2945 3115 451 19104 229 37 53 56 29 252 20 473 9295 4562 22 40 50 30 610 200 22 30 30 56 26 92 468 54 40 112 20 1257 116 50 8934 79088 28 1494 117176 2519
leaf_count=1736 5898 533393 2467 7904 16084 7898 2980 2544 1736 1352 40 17556 30 6480 5970 3565 451 749 2506 686 819 1920 2945 3115 451 19104 229 37 53 56 29 252 20 473 9295 4562 22 40 50 30 610 200 22 30 30 56 26 92 468 54 40 112 20 1257 116 50 8934 79088 28 1494 117176 2519
internal_value=6.71488e-13 0.000133754 0.000755733 0.000885265 -0.000857513 -0.00286364 -0.00586833 -0.00382929 -0.00772089 0.00122648 0.000866277 -0.00187455 -0.0689403 0.00134033 0.00102315 0.00312157 0.00689698 0.00779649 0.0100099 0.00075766 -0.00843847 0.000878933 -0.00166112 0.00550806 0.00914547 0.00174932 0.00112051 -0.0162939 -0.0375646 -0.0574348 -0.105548 -0.00319983 0.00283345 0.00336575 0.0015808 0.00660444 0.0441048 0.00116817 -0.0302179 -0.000693664 -0.0117896 -0.0138756 -0.0209763 -0.0352498 -0.0408633 -0.00881031 0.0163134 0.0501651 -0.0533497 0.0548548 -0.0660673 0.0862237 0.0424403 0.00603934 -0.0460992 0.0957533 0.00746856 0.000226643 0.11165 0.0031433 -0.000801247 -0.00426865
internal_weight=877949 752356 218963 212947 34866 18782 10878 6016 3472 178081 149639 22065 70 127574 121600 28442 7582 5974 4973 115630 1505 114125 21995 7131 4016 20860 19508 404 175 122 66 1001 28557 26637 15973 4978 416 206 130 10995 1700 1670 1352 742 692 194 318 118 498 76 80 210 50 10664 138 190 9407 85568 140 4439 125593 8417
internal_count=877949 752356 218963 212947 34866 18782 10878 6016 3472 178081 149639 22065 70 127574 121600 28442 7582 5974 4973 115630 1505 114125 21995 7131 4016 20860 19508 404 175 122 66 1001 28557 26637 15973 4978 416 206 130 10995 1700 1670 1352 742 692 194 318 118 498 76 80 210 50 10664 138 190 9407 85568 140 4439 125593 8417
is_linear=0
shrinkage=0.05


Tree=126
num_leaves=63
num_cat=0
split_feature=9 12 22 1 6 3 22 2 6 6 18 5 10 15 18 19 9 19 15 0 0 0 2 6 0 0 2 1 4 0 3 3 3 3 0 13 4 0 3 12 0 0 2 22 4 0 0 22 0 0 15 18 14 22 16 9 19 16 10 13 10 18
split_gain=35.5694 38.9652 66.1421 81.3556 200.433 64.7345 49.5676 45.0797 46.0875 71.9331 117.305 122.572 86.277 123.99 65.9401 64.6526 86.2543 61.9163 45.1563 42.6744 78.7347 92.4911 55.7346 77.2949 58.0769 189.341 49.2988 84.2177 75.5439 89.3878 76.6215 64.3618 58.5349 59.2866 83.511 57.6232 54.0214 47.5924 44.2213 44.3746 43.4989 43.4825 60.7337 86.3135 51.3297 89.2642 51.1636 42.1789 398.358 153.499 185.967 139.491 274.994 197.565 152.918 209.055 120.158 115.671 121.24 137.127 105.681 96.9248
threshold=0.30946898169349885 -1.0295194983482359 0.51560327410697948 -1.1897694468498228 -1.0000000180025095e-35 5.9515886306762704 0.34840300679206854 1.7396694421768191 1.0000000180025095e-35 0.23542753793299201 0.13244220614433291 1.0000000180025095e-35 1.0000000180025095e-35 0.21159155666828158 -0.29435671865940088 -0.7719002068042754 -1.2384440898895261 -0.58511462807655323 -1.0164967775344846 1.2150256037712099 1.0459979176521303 1.0413669943809511 0.6059766709804536 1.0000000180025095e-35 -1.0564287304878233 -1.037905156612396 -0.81113922595977772 -0.60458552837371815 0.86792960762977611 -0.5065099149942397 -0.75740474462509144 -0.76647076010704029 -1.0000000180025095e-35 -0.1616052761673927 -0.74500101804733265 -1.022730767726898 -0.43159933388233179 0.99505805969238292 -0.51612976193428028 -0.68629828095436085 -1.0900027751922605 1.0587329268455508 -0.81113922595977772 -0.54733526706695546 -0.72038355469703663 1.1745052933692934 1.1745052933692934 1.4761102199554446 0.41966924071311956 0.92791008949279796 -0.51210337877273548 -0.12047835439443587 1.3962825536727907 1.7706146836280825 -0.50098438560962666 -1.2384440898895261 -0.58511462807655323 -0.50098438560962666 1.0000000180025095e-35 1.4452489614486697 1.0000000180025095e-35 1.0000000180025095e-35
decision_type=2 2 2 2 2 2 2 2 2 2 2 2 2 2 2 2 2 2 2 2 2 2 2 2 2 2 2 2 2 2 2 2 2 2 2 2 2 2 2 2 2 2 2 2 2 2 2 2 2 2 2 2 2 2 2 2 2 2 2 2 2 2
left_child=1 47 3 4 -3 19 -6 -4 -9 10 12 -12 17 -14 -15 18 -17 -10 -13 20 21 22 23 24 40 -26 27 32 30 -30 31 36 33 34 -27 -36 -28 -25 -21 -40 -5 -22 43 -43 46 -46 -45 -1 -49 50 -50 52 53 56 -55 -56 -52 58 59 61 -54 -53
right_child=-2 2 7 5 6 -7 -8 8 9 -11 11 15 13 14 -16 16 -18 -19 -20 38 41 -23 -24 37 25 26 28 -29 29 -31 -32 -33 -34 -35 35 -37 -38 -39 39 -41 -42 42 -44 44 45 -47 -48 48 49 -51 51 57 60 54 55 -57 -58 -59 -60 -61 -62 -63
leaf_value=-0.00077371516309935066 0.00036904983558149054 -0.002354840526209477 0.00077591159703960081 0.002347264106466157 -0.01873521060655834 0.011297526707811775 -0.044608727811116793 -0.0064892423781853772 0.086409984122623101 0.0065289286687726994 -0.055439949288206586 0.015655934810638428 0.15045952936436269 0.087403607586848328 -0.027390530434521762 0.089670570492744461 -0.032512184117849056 -0.016322238293518736 0.11142847314476967 -0.0026127714805381556 -0.0072388351857589671 0.0090908041674077535 -0.0015860933181351335 -0.001685489714671474 -0.016769943698227065 -0.0075144162746709061 0.0046692340653069694 0.0011236093101350446 0.014645309316038009 0.0029410199918687083 0.0022726956859095977 -0.014953708243601628 -0.0079771408601452438 0.0076636328179313026 0.0076537152360940655 -0.0034098472059031675 -0.0076736326275995406 0.0092940824953728195 -0.001957821451528328 0.0022089942241652056 0.0087656435096433033 -0.012036690828578524 -0.00079801396920787875 0.0035900655339827538 -0.0061776764961616578 0.019091143087635168 -0.025808068318135181 0.0016061819472991711 -0.0038151546505445218 0.010370737515073898 -0.11021194562315942 -0.04485652495757677 0.023399409266033521 -0.13370206813017527 -0.13714144408702852 -0.0036603002730672333 -0.0082916465970183009 0.0034868630147927137 0.012462876410896166 0.0069847394275711853 -0.07332143906807756 -0.12542015882124752
leaf_weight=54290 374441 13176 112476 15832 984 1199 228 486 22 1789 59 20 47 29 22 20 52 44 32 7542 5182 2591 69267 49637 1584 4727 1779 33285 2363 5268 18762 1182 4716 1574 2259 2457 1767 1007 7662 38472 3168 3192 17984 296 699 699 296 9442 1070 438 30 80 30 60 40 110 802 480 90 60 482 70
leaf_count=54290 374441 13176 112476 15832 984 1199 228 486 22 1789 59 20 47 29 22 20 52 44 32 7542 5182 2591 69267 49637 1584 4727 1779 33285 2363 5268 18762 1182 4716 1574 2259 2457 1767 1007 7662 38472 3168 3192 17984 296 699 699 296 9442 1070 438 30 80 30 60 40 110 802 480 90 60 482 70
internal_value=1.25444e-12 -0.000274449 -0.000101275 -0.00047016 -0.00414468 -0.000297638 -0.0236025 0.000926994 0.00740797 0.01057 0.031404 0.00388334 0.0621131 0.0918746 0.0378846 0.0321097 0.00142747 0.0179218 0.0745929 -0.000343183 -0.00061626 -0.000301042 -0.000411334 0.000126247 0.000927426 0.000348515 0.000686872 -0.000301261 0.00224326 0.00656535 0.000839178 -0.00484941 -0.00331574 -0.00132035 -0.00281784 0.00188968 -0.00148131 -0.00146717 0.000936696 0.00151696 0.00341744 -0.00309843 -0.00217226 -0.00694155 0.00123115 0.00645673 -0.011109 -0.00139164 -0.003917 -0.0174906 -0.0210756 -0.0289885 -0.0376484 -0.0229047 -0.0662401 -0.0392553 -0.0119667 -0.0117353 -0.0360906 -0.0568993 -0.0676542 -0.0824529
internal_weight=877949 503508 435934 320836 14388 306448 1212 115098 2622 2136 347 183 164 98 51 124 72 66 52 305249 251573 223225 220634 151367 100723 81723 80139 49018 31121 7631 23490 4728 15733 11017 9443 4716 3546 50644 53676 46134 19000 28348 23166 5182 1990 1398 592 67574 13284 3842 3404 2334 1554 1042 210 150 832 780 300 210 512 150
internal_count=877949 503508 435934 320836 14388 306448 1212 115098 2622 2136 347 183 164 98 51 124 72 66 52 305249 251573 223225 220634 151367 100723 81723 80139 49018 31121 7631 23490 4728 15733 11017 9443 4716 3546 50644 53676 46134 19000 28348 23166 5182 1990 1398 592 67574 13284 3842 3404 2334 1554 1042 210 150 832 780 300 210 512 150
is_linear=0
shrinkage=0.05


Tree=127
num_leaves=63
num_cat=0
split_feature=7 0 0 0 3 11 14 5 19 0 0 11 0 22 4 22 17 3 6 13 2 14 0 0 4 19 8 0 0 11 0 6 18 15 14 0 0 22 6 0 9 13 14 18 19 13 19 14 3 2 3 3 3 0 4 8 2 22 0 6 4 2
split_gain=34.1511 47.6176 132.038 96.886 82.7619 78.4387 117.764 81.9457 86.0096 72.1105 62.0689 62.5103 57.0941 96.2107 50.387 50.0889 49.3566 49.1449 58.6803 46.1004 45.8535 45.7814 45.1663 44.2513 72.2454 43.2048 40.4771 39.8734 64.9311 109.321 109.196 128.743 97.3732 385.459 183.804 96.5493 109.588 83.9031 250.018 165.852 77.9267 194.889 201.749 82.2811 140.133 163.97 211.883 76.6491 76.5 127.442 76.1027 104.503 73.3616 100.984 117.765 67.497 78.0505 63.0213 60.9805 59.5716 59.2278 58.8726
threshold=0.53506958484649669 -0.47525136172771448 -0.49609039723873133 -0.41852289438247675 -0.54222697019577015 0.61866869032382976 1.228543817996979 0.74835324287414562 0.62899166345596325 -0.74500101804733265 -0.31432774662971491 1.0553198158741 -0.51692941784858693 -0.036585127934813493 1.3011059165000918 1.2510103583335879 1.0000000180025095e-35 -0.74338054656982411 0.23542753793299201 0.64747095108032238 -0.81113922595977772 1.3666816353797915 -0.29348869621753687 -0.77394410967826832 0.57914540171623241 -0.58511462807655323 -0.18441987375263122 0.36757166683673864 0.75193604826927196 1.0000000180025095e-35 0.69404986500740062 1.0621489584445956 2.0609608888626103 -0.66561439633369435 -1.109931945800781 1.0459979176521303 1.0587329268455508 1.6725777983665469 1.0621489584445956 0.41966924071311956 1.244215786457062 -0.75213941931724537 -0.67578449845314015 -0.67373999953269947 -0.21154347062110898 0.28357230126857763 -0.39832907915115351 1.440683960914612 0.49141664803028112 1.0000000180025095e-35 -0.14171914011240003 -0.18533226102590558 1.2102176547050478 1.318063020706177 -1.1535598635673521 -0.53798767924308766 0.6059766709804536 0.34840300679206854 1.59591680765152 -0.59129387140274037 -1.0091677606105802 -0.81113922595977772
decision_type=2 2 2 2 2 2 2 2 2 2 2 2 2 2 2 2 2 2 2 2 2 2 2 2 2 2 2 2 2 2 2 2 2 2 2 2 2 2 2 2 2 2 2 2 2 2 2 2 2 2 2 2 2 2 2 2 2 2 2 2 2 2
left_child=1 2 5 15 -5 12 9 25 -9 16 -6 14 17 -14 21 -3 23 18 -1 -18 -11 -12 -13 -7 -25 -8 -22 60 29 30 37 -32 40 -34 -35 -30 -37 -29 39 -39 -31 42 -42 44 45 46 -43 -41 49 -44 51 -38 58 -54 -55 -53 57 -57 -52 -58 -2 -36
right_child=27 3 -4 4 10 6 7 8 -10 20 11 22 13 -15 -16 -17 19 -19 -20 -21 26 -23 -24 24 -26 -27 -28 28 35 32 31 -33 33 34 61 36 50 38 -40 47 41 43 48 -45 -46 -47 -48 -49 -50 -51 52 55 53 54 -56 56 59 -59 -60 -61 -62 -63
leaf_value=0.018553898713878011 -0.0011738511852184405 0.0042526321239852779 -0.0096327898357032593 -0.00081418199878504889 0.0073365353305491071 -0.00039847344641405648 -0.068820638789070979 -0.011772259618265109 0.061702735132227342 -0.0067793404263302966 0.0010998160669684453 -0.012712357097745151 -0.0039564486240168907 0.011025718763102335 -0.00099227368195905401 0.014696901666343923 -0.0087480170656105902 0.00021644441177597193 0.0019254727908770966 -0.058876307525982469 -0.0051502548594225157 -0.0033567226419613061 0.003249901380228651 -0.0037455674965059076 0.020154527158495458 -0.026943233843505856 0.0013599215029676762 -0.0046257169554244585 0.0027792244241838966 0.0013450609132377319 -0.0066721666861315121 -0.044591531182934602 0.0032101624677608048 -0.033930951401375108 -0.22009008765220642 -0.0088239718663974311 -0.0015108957526595596 0.0012096961228443045 -0.0030557353018262658 -0.045522463252698937 0.0035324095912715966 0.0025148192948351304 0.0027091760567768859 -1.756495245704461e-05 -0.0028694347766821653 0.001826389260782764 -0.16022857069969176 -0.14430789699157079 -0.17897520354183924 -0.14015840716861391 0.0025744973841316356 -0.0011527805292424365 -0.00049216557463009527 0.0086174977063718777 -0.01879477229193588 -0.028168246847480618 0.0079588458559887911 -0.0048330909098522404 -0.0024537970527407325 -0.01309792386282542 0.00061831947358115345 -0.11502526853388798
leaf_weight=795 69184 6120 3767 90423 3754 53488 72 234 48 8229 162263 450 1624 3150 42117 1413 1031 121132 1595 48 4494 5975 29177 591 680 426 5094 9132 18106 13512 493 410 290 42 30 4528 23715 42 346 27 68 30 27 1798 262 58 60 72 28 37 28032 1506 6762 504 1760 1121 504 390 7682 1007 138170 24
leaf_count=795 69184 6120 3767 90423 3754 53488 72 234 48 8229 162263 450 1624 3150 42117 1413 1031 121132 1595 48 4494 5975 29177 591 680 426 5094 9132 18106 13512 493 410 290 42 30 4528 23715 42 346 27 68 30 27 1798 262 58 60 72 28 37 28032 1506 6762 504 1760 1121 504 390 7682 1007 138170 24
internal_value=6.85746e-14 0.000241864 -0.000357579 0.000604131 0.000477718 -0.000185234 -0.00147643 -0.0208024 0.000734122 -0.00127177 0.000956997 0.000857203 0.000563896 0.00592915 0.000554355 0.00621171 -0.00038804 0.000356534 0.00745669 -0.010978 -0.00404136 0.000941541 0.00300745 -0.00017937 0.00904127 -0.0329978 -0.00169147 -0.000402073 -0.00111767 -0.00329335 -0.00726475 -0.0238892 -0.000724365 -0.0255375 -0.112379 -0.000508137 -0.00127604 -0.00570411 -0.0259256 -0.0820459 -0.000121226 -0.00848798 -0.0617738 -0.00462668 -0.0248393 -0.063732 -0.105981 -0.117366 -0.110044 -0.0798861 -0.000807753 -0.00283988 0.00047507 -0.00355236 -0.0126924 -0.00980034 -0.0141098 -0.0221453 0.00149292 -0.00607436 2.03588e-05 -0.173395
internal_weight=877949 548190 206498 341692 334159 202731 74435 780 282 73655 243736 239982 128296 4774 210355 7533 55838 123522 2390 1079 17817 168238 29627 54759 1271 498 9588 329759 122405 26788 10522 903 16266 386 96 95617 77511 9619 487 141 15880 2368 160 2208 410 148 90 99 92 64 72983 28243 44740 9026 2264 4528 3022 1511 35714 1511 207354 54
internal_count=877949 548190 206498 341692 334159 202731 74435 780 282 73655 243736 239982 128296 4774 210355 7533 55838 123522 2390 1079 17817 168238 29627 54759 1271 498 9588 329759 122405 26788 10522 903 16266 386 96 95617 77511 9619 487 141 15880 2368 160 2208 410 148 90 99 92 64 72983 28243 44740 9026 2264 4528 3022 1511 35714 1511 207354 54
is_linear=0
shrinkage=0.05


Tree=128
num_leaves=63
num_cat=0
split_feature=3 3 8 0 0 5 0 6 0 6 8 14 0 22 4 7 0 4 22 3 6 5 6 6 3 3 3 3 2 3 0 0 0 0 13 3 3 6 9 14 3 22 3 3 6 3 3 14 2 3 3 4 3 0 0 8 0 3 14 4 10 6
split_gain=33.098 71.802 138.442 104.678 99.2855 142.791 77.5333 92.138 73.4228 124.545 65.4762 65.0364 56.2604 65.6139 52.2555 46.2742 46.2246 45.3923 43.3952 38.3885 37.5852 36.8725 32.4157 32.3556 61.4417 51.2259 86.5969 85.3772 89.1989 145.062 71.6555 117.901 63.7455 102.903 59.8162 63.0098 560.766 82.0465 156.022 189.226 55.7989 48.4585 48.0353 57.7387 51.1656 249.695 221.375 173.583 47.0803 45.7274 81.0713 49.1592 63.8965 45.4885 45.3921 147.22 61.2967 45.0155 43.5795 43.5782 43.1998 47.8192
threshold=-0.72815677523612965 -0.74338054656982411 -0.53798767924308766 -0.36063669621944422 -1.0000000180025095e-35 0.74835324287414562 -1.1640971302986143 0.23542753793299201 -0.37105621397495264 -1.0046545863151548 1.0000000180025095e-35 1.1298739910125735 0.28421554714441305 0.19871012121438983 -0.43159933388233179 -1.1138049960136411 -1.0000000180025095e-35 1.0123216807842257 1.5049142837524416 -0.72433647513389576 0.6487882286310197 0.74835324287414562 1.888870418071747 1.0621489584445956 5.9515886306762704 0.3744166642427445 -0.13727854937314984 -0.39430715143680567 -0.81113922595977772 -0.70595383644103993 -0.95802223682403553 -1.4384776353836057 1.1721898317337038 1.0587329268455508 1.6645210981369021 0.12054699286818506 0.10062799602746965 1.4755097031593325 0.86191278696060192 1.440683960914612 -0.13127285987138745 1.2848250269889834 -0.65005412697792042 -0.62229734659194935 1.4755097031593325 -0.72149384021759022 -0.72149384021759022 1.2926793098449709 2.02309262752533 -0.18013582378625867 -0.18533226102590558 -0.72038355469703663 -0.1616052761673927 -0.14414230734109876 -1.0205392837524412 1.0000000180025095e-35 1.6943233013153078 0.25659510493278509 0.80426350235939037 -1.5867361426353452 -0.79733012616634358 1.4755097031593325
decision_type=2 2 2 2 2 2 2 2 2 2 2 2 2 2 2 2 2 2 2 2 2 2 2 2 2 2 2 2 2 2 2 2 2 2 2 2 2 2 2 2 2 2 2 2 2 2 2 2 2 2 2 2 2 2 2 2 2 2 2 2 2 2
left_child=1 3 4 8 5 6 7 -3 9 -1 12 -7 13 14 -5 17 18 -11 -4 -2 -14 -19 23 -21 25 26 27 28 29 -25 31 -30 33 -27 35 36 40 -38 41 -40 -28 -39 44 -44 45 -32 47 -46 49 50 -29 52 59 -42 55 -31 -56 -37 -35 -51 61 -34
right_child=19 2 16 10 -6 11 -8 -9 -10 15 -12 -13 20 -15 -16 -17 -18 21 -20 22 -22 -23 -24 24 -26 32 34 48 30 54 42 -33 60 58 -36 57 37 38 39 -41 53 -43 43 -45 46 -47 -48 -49 -50 51 -52 -53 -54 -55 56 -57 -58 -59 -60 -61 -62 -63
leaf_value=0.016603569722714807 0.0042639586759043464 -0.0093152772095717474 -0.0084091275521123703 0.0054152539911622713 -0.0043953510395540185 -0.010118645901288295 0.014391030598739724 0.014876581914722921 -0.0040526968022152081 -0.00013402300943343156 0.0082996499364861743 0.014861184120771566 0.0090108358539199539 0.0040306555990393522 -0.014907252681061961 -0.0035458117827721243 -0.0023971136802727684 0.031415277396837346 0.0033066027862059325 -8.7898149789171102e-05 -0.0031826574045276967 -0.0024953306918437841 -0.012237271140931164 -0.066651461985376151 -0.012665772062194013 0.0032612603456930568 -0.01225771190654505 0.0031576340385110861 0.0052443142865979831 0.023860190098823342 0.030067890200523601 -0.0063975366923273297 -0.011175983703598107 0.010832219784330082 -0.013621865309678505 0.0021444749422246294 -0.049336645664346271 -0.078691175772297783 0.10202775669097902 -0.03849032385193784 0.0038526896324889192 -0.027579751108651573 0.011721834701353944 0.0030316139548631979 -0.024805917030693417 -0.00014322882658591719 -0.0010287593606595246 -0.11309423129473413 0.013621321014387136 0.025762891568972365 -0.0069821494883505961 0.012181857851066043 0.007577601874014424 -0.0022832524436183252 -0.0060630743596391205 -0.013054586445120701 0.0013574913958267999 -0.0043331972679837389 0.031258636369762963 -0.026802404568550865 0.0012887284218046878 0.0018912650466682062
leaf_weight=1272 5453 927 10460 411 4315 1634 3221 684 12058 591 5411 310 2262 1474 1373 3756 7191 282 855 661537 877 112 536 90 852 21729 1071 21141 3261 586 744 6529 1728 651 1044 12618 687 62 50 46 4332 184 2181 15461 272 8472 4161 70 1088 46 2174 2463 707 9977 9074 501 4014 3406 436 276 7586 1177
leaf_count=1272 5453 927 10460 411 4315 1634 3221 684 12058 591 5411 310 2262 1474 1373 3756 7191 282 855 661537 877 112 536 90 852 21729 1071 21141 3261 586 744 6529 1728 651 1044 12618 687 62 50 46 4332 184 2181 15461 272 8472 4161 70 1088 46 2174 2463 707 9977 9074 501 4014 3406 436 276 7586 1177
internal_value=2.03999e-13 -0.00113885 -0.00288438 0.000590201 0.00153286 0.00530799 0.0099118 0.000956127 -0.00180208 0.00271114 0.00425135 -0.00613524 0.000827031 -0.00377557 -0.0102253 -0.00101617 -0.00553172 0.00862987 -0.00752385 8.2757e-05 0.00560412 0.0217757 5.47133e-05 6.28224e-05 0.000723367 0.000799369 0.000306081 0.00116915 3.35215e-05 -0.00337359 0.0012146 -0.00251969 0.00252904 0.00401229 -0.00184175 -0.00146255 -0.00364039 -0.0393751 -0.0193646 0.0346962 -0.00124956 -0.0404615 0.00238034 0.00410595 0.00016128 0.00229569 -0.00420708 -0.0428766 0.00342517 0.00301135 0.00221215 0.00834734 -0.00083091 -0.000425617 -0.00297183 0.00684611 -0.00378724 0.000767606 0.0190253 -0.0192931 -0.000696767 -0.00588161
internal_weight=877949 59476 29597 29879 11091 6776 4832 1611 18071 6013 11808 1944 6397 3258 1784 4741 18506 985 11315 818473 3139 394 813020 812484 150947 150095 116788 83311 55416 14265 41151 9790 33307 22816 33477 32433 16409 1029 342 96 15380 246 31361 17642 13719 9216 4503 342 27895 26807 23315 3492 1029 14309 14175 1087 13088 16024 1087 322 10491 2905
internal_count=877949 59476 29597 29879 11091 6776 4832 1611 18071 6013 11808 1944 6397 3258 1784 4741 18506 985 11315 818473 3139 394 813020 812484 150947 150095 116788 83311 55416 14265 41151 9790 33307 22816 33477 32433 16409 1029 342 96 15380 246 31361 17642 13719 9216 4503 342 27895 26807 23315 3492 1029 14309 14175 1087 13088 16024 1087 322 10491 2905
is_linear=0
shrinkage=0.05


Tree=129
num_leaves=63
num_cat=0
split_feature=5 8 2 2 0 0 4 6 3 6 6 17 12 0 5 0 0 0 4 2 15 0 0 0 2 2 0 3 6 3 14 18 9 19 19 0 8 3 2 6 3 0 6 0 0 6 19 22 2 18 18 15 17 4 0 6 3 6 4 6 13 5
split_gain=32.1277 41.5467 54.0204 75.634 73.1833 97.796 114.51 97.6097 124.978 120.446 76.9508 69.0947 66.2716 188.219 65.9755 65.7143 68.737 63.9038 62.8526 106.934 62.1051 58.7546 111.527 104.825 65.0201 64.09 56.9356 68.9312 69.645 55.6419 77.7444 65.3383 150.151 115.056 76.2671 53.0453 50.6069 48.7226 48.2672 137.314 54.2666 48.156 49.1038 47.8631 47.1724 47.0748 57.544 50.7671 92.263 106.879 148.43 98.0924 46.9051 46.3166 45.9669 98.2623 45.5094 60.977 49.8196 45.2105 100.424 442.979
threshold=1.2477897703647616 0.85218852758407604 -0.24429284036159513 0.32255351543426519 0.34441718459129339 -0.13140735030174253 0.72353750467300426 1.0621489584445956 -0.49729524552822107 1.4755097031593325 1.0621489584445956 -0.055877291234588893 -0.68629828095436085 0.11866103112697603 0.74835324287414562 1.5415037870407107 1.6665380001068117 -0.5065099149942397 1.0123216807842257 -0.81113922595977772 2.7774192094802861 -0.47525136172771448 -0.64659449458122242 -0.41852289438247675 0.88939985632896434 1.1728230714797976 -0.28654234111309046 -0.53503412008285511 2.5089114904403691 0.13999358564615252 -0.044297376647591584 -1.3376509547233579 1.244215786457062 0.8157772719860078 0.34881326556205755 -0.99622708559036244 -1.113817512989044 -0.053872611373662942 -0.52771602571010578 0.23542753793299201 -0.44724099338054651 -0.38031800091266627 0.23542753793299201 -1.457001209259033 0.33631311357021337 1.0621489584445956 1.1893483996391299 0.10962570086121561 1.0000000180025095e-35 -0.76858097314834584 0.13244220614433291 -0.22701143473386762 -0.055877291234588893 -0.72038355469703663 1.5032989382743838 -1.0046545863151548 1.9536987543106081 1.0000000180025095e-35 -0.72038355469703663 -1.4180153012275694 -0.44422514736652369 -0.74995630979537953
decision_type=2 2 2 2 2 2 2 2 2 2 2 2 2 2 2 2 2 2 2 2 2 2 2 2 2 2 2 2 2 2 2 2 2 2 2 2 2 2 2 2 2 2 2 2 2 2 2 2 2 2 2 2 2 2 2 2 2 2 2 2 2 2
left_child=1 2 4 12 5 10 7 14 9 -9 18 -8 13 17 36 20 -17 -4 38 -20 54 22 56 -23 44 -26 -12 28 -28 -22 31 32 -31 34 -33 -21 -7 -27 40 -40 -1 42 -37 -14 -25 46 -15 -48 49 -49 51 -51 -16 -46 59 -56 -5 -58 -59 60 -6 -62
right_child=-2 -3 3 21 15 6 11 8 -10 -11 26 -13 43 45 52 16 -18 -19 19 35 29 23 -24 24 25 37 27 -29 -30 30 -32 33 -34 -35 -36 41 -38 -39 39 -41 -42 -43 -44 -45 53 -47 47 48 -50 50 -52 -53 -54 -55 55 -57 57 58 -60 -61 61 -63
leaf_value=-0.0022346084249102523 -0.00074029400225256799 -0.00045470807214986362 -9.6226228351381054e-05 0.00036887629076037999 -0.001751940983119424 0.011199771417764997 0.0047599425166630141 -0.016256256288095773 0.0067099062003635459 0.007906446256263017 0.0042105063743208201 -0.0046500192381813254 -0.0073708989802889653 -0.008333077914587218 0.0081775416923650715 0.0065898014710170276 0.00012875260929247424 0.011684412410965069 0.00064320625037344106 -0.0024168293170894438 -0.0022772600483235528 0.0067317979948628582 -0.0056571828068227303 0.0053139264553433343 -0.0075696398371482279 0.00090745835917585202 -0.069602879069068216 -0.00016563763048301099 -0.012545999730128056 0.0051148744917451118 0.010224611522812073 -0.044658675676454672 -0.097531155252636392 -0.00545126183424145 -0.13120345814937825 0.023913094097800004 0.0058716734656863055 -0.0024173456035140612 0.013963786989034705 -0.011031599866721828 0.00038449894470486516 0.0067726169188916698 0.0055948869754390146 5.3880681836991889e-05 -0.001686775099239389 -0.0035082318239933411 -0.006840832712245515 0.013622684155901274 -0.020247345385315224 -0.087979529498122822 0.0042037331844093631 -0.21307180538773537 -0.0033270133566132565 0.0016876389742427592 0.031387891607347194 -0.009296682251015197 0.0016549853662936181 0.0057014535786320941 -0.014983587033368771 -0.00018088691986421589 -0.076885272670025012 -0.00054341968755056082
leaf_weight=26367 125593 219837 8058 51187 4853 7225 3017 1729 2571 735 23302 5520 2315 7842 1372 6195 12269 1343 10201 704 540 7314 10428 7297 3291 29108 66 3997 282 158 115 46 46 60 57 1234 11631 17731 1859 780 79133 1758 520 34791 12365 4543 384 30 488 42 27 25 2501 57260 157 2713 1666 354 1638 58237 250 792
leaf_count=26367 125593 219837 8058 51187 4853 7225 3017 1729 2571 735 23302 5520 2315 7842 1372 6195 12269 1343 10201 704 540 7314 10428 7297 3291 29108 66 3997 282 158 115 46 46 60 57 1234 11631 17731 1859 780 79133 1758 520 34791 12365 4543 384 30 488 42 27 25 2501 57260 157 2713 1666 354 1638 58237 250 792
internal_value=2.07946e-13 0.000123579 0.000362311 -0.000154183 0.000853329 0.00141082 0.0037398 0.005297 -0.00100192 -0.00904863 0.000847948 -0.00132451 -0.00171262 -0.00383533 0.00669235 -0.000348844 0.00229655 0.00158672 0.000310429 0.00341155 -0.00106689 0.00031332 -0.000917363 0.000911168 0.000576092 -0.000825042 0.00323071 -0.00202389 -0.0233671 -0.0132996 -0.0256482 -0.036889 -0.0180308 -0.0604906 -0.0925524 0.0101098 0.00791323 -0.000351153 -0.000103009 0.00657599 -0.000270079 0.0126208 0.0184824 -0.000409343 0.00148921 -0.00764466 -0.00977091 -0.0210917 -0.0300334 -0.0685464 -0.0947706 -0.134656 0.000748445 0.00108836 -0.000880305 -0.00707108 -1.61532e-05 -0.00540394 -0.0113076 -0.000603259 -0.00477589 -0.0188596
internal_weight=877949 752356 532519 259527 272992 186504 36301 27764 5035 2464 150203 8537 59888 22782 22729 86488 18464 9401 122556 14417 68024 199639 65273 134366 127052 50130 27647 4345 348 1022 482 367 204 163 103 4216 18856 46839 108139 2639 105500 3512 1754 37106 76922 13381 8838 996 612 124 94 67 3873 69625 67002 2870 54845 3658 1992 64132 5895 1042
internal_count=877949 752356 532519 259527 272992 186504 36301 27764 5035 2464 150203 8537 59888 22782 22729 86488 18464 9401 122556 14417 68024 199639 65273 134366 127052 50130 27647 4345 348 1022 482 367 204 163 103 4216 18856 46839 108139 2639 105500 3512 1754 37106 76922 13381 8838 996 612 124 94 67 3873 69625 67002 2870 54845 3658 1992 64132 5895 1042
is_linear=0
shrinkage=0.05


Tree=130
num_leaves=63
num_cat=0
split_feature=3 3 8 0 0 5 0 6 0 6 8 22 0 22 4 0 7 22 4 3 5 6 13 6 7 0 0 0 12 2 2 0 3 0 6 0 0 6 14 3 0 3 3 0 3 11 22 0 14 19 15 17 5 22 6 9 15 13 22 16 15 13
split_gain=30.343 63.9141 122.821 92.3842 89.2074 126.497 67.7927 82.1451 65.555 112.46 59.8978 58.9269 47.7871 58.275 47.1689 41.6704 40.0254 39.1621 38.5586 35.2727 32.5394 31.6986 29.6224 29.2342 28.3341 48.4069 115.364 77.3897 69.2681 80.9356 190.782 77.9854 226.911 110.692 65.1314 64.3241 64.3966 95.259 285.828 54.6427 75.9867 53.5736 64.1511 52.995 184.402 50.5686 96.9146 73.8989 58.5255 115.519 105.885 102.203 122.736 98.5914 181.86 170.696 155.21 127.091 79.3441 73.6126 133.91 96.6436
threshold=-0.72815677523612965 -0.74338054656982411 -0.53798767924308766 -0.36063669621944422 0.33631311357021337 0.74835324287414562 -1.1640971302986143 0.23542753793299201 -0.37105621397495264 -1.0046545863151548 1.0000000180025095e-35 1.3378776311874392 0.28421554714441305 0.19871012121438983 -0.43159933388233179 -1.0000000180025095e-35 -1.1138049960136411 1.5661576986312868 1.0123216807842257 -0.72433647513389576 0.74835324287414562 0.6487882286310197 0.80609360337257396 -1.0046545863151548 0.53506958484649669 -0.47525136172771448 -0.49609039723873133 -0.41852289438247675 -0.68629828095436085 0.6059766709804536 -1.0000000180025095e-35 1.0737832784652712 1.333412289619446 1.0899914503097536 1.0621489584445956 0.99505805969238292 0.69404986500740062 1.0621489584445956 0.5871897041797639 -0.53503412008285511 -0.28654234111309046 -0.57429704070091236 0.81717792153358471 1.2949085831642153 -0.090732414275407777 0.61866869032382976 1.4189848899841311 -0.74500101804733265 1.1890759468078616 -0.11815067753195761 1.0000000180025095e-35 2.9748862981796269 0.74835324287414562 1.1788991093635561 1.0000000180025095e-35 1.244215786457062 1.0000000180025095e-35 0.85274726152420055 1.1624757647514345 0.55972985923290264 1.1107277274131777 1.123338580131531
decision_type=2 2 2 2 2 2 2 2 2 2 2 2 2 2 2 2 2 2 2 2 2 2 2 2 2 2 2 2 2 2 2 2 2 2 2 2 2 2 2 2 2 2 2 2 2 2 2 2 2 2 2 2 2 2 2 2 2 2 2 2 2 2
left_child=1 3 4 8 5 6 7 -3 9 -1 12 -7 13 14 -5 17 18 -4 -11 23 -20 -14 -10 -2 25 26 45 -27 29 30 35 32 41 -33 -32 36 39 -38 -39 -29 -41 -31 -43 44 -37 -21 47 48 53 51 58 52 -50 -47 -55 56 -56 -58 -51 60 -59 -62
right_child=19 2 15 10 -6 11 -8 -9 22 16 -12 -13 21 -15 -16 -17 -18 -19 20 24 -22 -23 -24 -25 -26 27 -28 28 -30 31 34 33 -34 -35 -36 43 37 38 -40 40 -42 42 -44 -45 -46 46 -48 -49 49 50 -52 -53 -54 54 55 -57 57 59 -60 -61 61 -63
leaf_value=0.015759301270031899 -0.0025604005781508861 -0.0087377829133093912 -0.0078490335444474108 0.0052447690207419418 -0.0041959978475418587 -0.0091818153021225157 0.013523305863651958 0.014104556337985068 -0.0051643083642940093 -9.0007772066190379e-05 0.0078523522081665482 0.016434999841038841 0.008236402139866603 0.0038199889461464154 -0.014063318855193749 -0.002254609302191189 -0.0033364897443694309 0.0047831944369416991 0.029158741336915286 0.00045322950486471067 -0.0026971347295849622 -0.0029615727872370043 0.00078059081297740507 0.0061033598087086964 -0.00032820518813167108 0.0056736683890070919 -0.0090015402221012217 -0.005193441752799708 0.001127777696037011 -0.0016840940054550749 -0.009224077762421708 -0.015019873276256028 0.022597309356315765 -0.00026065444473841892 -0.0019300513426340508 0.015595145013906971 -0.0019631068589158278 -0.00037383284728718209 -0.047055254732927952 0.011688953183082683 -0.00038633597078418423 0.0040427823859742421 -0.0071493732830423028 0.00021649471604080832 -0.0010921454547735531 -0.0002829597467346034 -0.031130858601795305 -0.0040407597311264204 -0.05842453314735041 -0.0058417801184325741 -0.014622014961076395 0.074091192068798203 0.0036840138413295476 -0.016169897311050382 0.072666736778670124 -0.052953144826672294 -0.097261627153916799 0.083576499055036238 0.056555614964882574 0.0038369048560047297 0.038697249756047603 -0.092985553904013196
leaf_weight=1272 1269 927 10664 411 4315 1685 3221 684 9358 591 5411 259 2262 1474 1373 7191 3756 651 282 121132 112 877 2700 4184 305386 7533 3767 5571 190444 7796 9141 1380 1380 15990 4601 2760 2745 868 527 1380 23293 17724 1380 13774 4137 51635 270 16518 258 88 353 21 115 297 217 55 22 108 121 173 38 22
leaf_count=1272 1269 927 10664 411 4315 1685 3221 684 9358 591 5411 259 2262 1474 1373 7191 3756 651 282 121132 112 877 2700 4184 305386 7533 3767 5571 190444 7796 9141 1380 1380 15990 4601 2760 2745 868 527 1380 23293 17724 1380 13774 4137 51635 270 16518 258 88 353 21 115 297 217 55 22 108 121 173 38 22
internal_value=3.13742e-13 -0.00109042 -0.00273728 0.000540892 0.00142329 0.00500169 0.00933488 0.00096064 -0.00170652 0.00255804 0.00398034 -0.00576888 0.000705138 -0.00353673 -0.0096151 -0.0052308 -0.000983836 -0.00712225 0.0079873 7.92379e-05 0.0201033 0.00510782 -0.00383314 0.00408716 5.23564e-05 0.000281297 -0.000336391 0.000667244 0.000543549 -0.000428629 -0.00151174 0.00120368 0.00282331 -0.00143323 -0.00678194 -0.000196272 -0.00152141 -0.00736989 -0.018009 -0.000720832 0.000289054 0.00180888 0.0032343 0.00200795 0.00558567 -0.000165888 -0.00123251 -0.00111725 -0.000215012 -0.0124753 0.00207755 -0.0332334 -0.0392758 7.95702e-06 0.0161254 0.0312305 0.0392134 0.0192152 0.030283 0.0267298 0.050304 -0.00958644
internal_weight=877949 59476 29597 29879 11091 6776 4832 1611 18071 6013 11808 1944 6397 3258 1784 18506 4741 11315 985 818473 394 3139 12058 5453 813020 507634 195210 312424 304891 114447 68797 45650 28280 17370 13742 55055 34384 4140 1395 30244 24673 26900 19104 20671 6897 191443 70311 70041 53523 956 562 394 373 52567 932 635 580 363 209 341 168 60
internal_count=877949 59476 29597 29879 11091 6776 4832 1611 18071 6013 11808 1944 6397 3258 1784 18506 4741 11315 985 818473 394 3139 12058 5453 813020 507634 195210 312424 304891 114447 68797 45650 28280 17370 13742 55055 34384 4140 1395 30244 24673 26900 19104 20671 6897 191443 70311 70041 53523 956 562 394 373 52567 932 635 580 363 209 341 168 60
is_linear=0
shrinkage=0.05


Tree=131
num_leaves=63
num_cat=0
split_feature=9 11 0 6 14 16 15 13 6 18 6 22 19 15 8 18 14 5 18 18 13 15 14 15 4 16 4 6 19 2 13 5 0 2 0 19 22 0 0 6 0 2 7 2 6 13 14 7 19 18 18 22 17 15 13 0 0 0 0 0 6 18
split_gain=30.2266 34.5939 35.5214 195.378 340.169 236.31 188.157 162.623 161.281 138.596 176.278 653.737 423.666 334.589 370.72 253.768 245.605 238.959 211.378 115.514 321.45 326.816 113.189 103.321 94.4061 85.5145 134.445 84.0328 79.3845 63.7479 57.8131 54.2855 52.5874 46.4539 54.9359 44.705 35.2096 34.3195 73.9529 75.3564 70.8874 49.8361 53.6814 46.4035 79.381 71.7934 69.6759 123.755 63.1259 47.4795 106.115 166.717 129.517 102.253 74.3196 44.0558 51.6938 99.6828 47.2111 36.973 41.014 89.5384
threshold=0.30946898169349885 -1.7672376632690427 -1.3655410408973692 0.23542753793299201 1.0805390477180483 -0.11790292830298198 -0.22701143473386762 1.2259767055511477 1.0000000180025095e-35 -0.59470257163047779 1.0000000180025095e-35 0.61148646473884594 -0.4917218536138534 0.21159155666828158 1.1110181808471682 0.3853627890348435 0.69572657346725475 -0.74995630979537953 0.1798675283789635 -0.1837072819471359 0.47951777279376989 -0.22701143473386762 0.80426350235939037 -0.66561439633369435 1.5898901224136355 -0.11790292830298198 1.0000000180025095e-35 1.0000000180025095e-35 -0.30493627488613123 1.7396694421768191 0.75010910630226146 -0.74995630979537953 -1.4130077362060545 1.1728230714797976 -1.5947703719139097 1.1893483996391299 1.0418835878372195 0.34441718459129339 0.20433260500431064 -1.0046545863151548 0.44977006316185003 0.6059766709804536 1.1108536720275881 -0.24429284036159513 0.23542753793299201 0.27424153685569769 1.0805390477180483 1.1108536720275881 0.16202769801020625 -0.76858097314834584 -0.54727724194526661 0.5826215147972108 -0.055877291234588893 -0.22701143473386762 0.64747095108032238 -0.69406116008758534 -1.037905156612396 -1.0564287304878233 -0.58755058050155629 0.53312620520591747 -1.0046545863151548 1.0808906555175783
decision_type=2 2 2 2 2 2 2 2 2 2 2 2 2 2 2 2 2 2 2 2 2 2 2 2 2 2 2 2 2 2 2 2 2 2 2 2 2 2 2 2 2 2 2 2 2 2 2 2 2 2 2 2 2 2 2 2 2 2 2 2 2 2
left_child=-1 -2 3 4 7 6 -6 9 -7 27 -11 12 29 15 18 17 30 -13 -15 20 21 -10 28 -14 -22 26 -17 -3 -20 33 -16 -29 -24 34 -12 -21 -5 38 39 55 -39 43 -43 45 -45 46 59 -48 -46 -50 51 -51 53 54 -53 56 57 -4 -57 60 61 -42
right_child=1 2 37 36 5 8 -8 -9 19 10 11 13 23 14 16 25 -18 -19 22 35 24 -23 32 -25 -26 -27 -28 31 -30 -31 -32 -33 -34 -35 -36 -37 -38 40 -40 -41 41 42 -44 44 48 -47 47 -49 49 50 -52 52 -54 -55 -56 58 -58 -59 -60 -61 -62 -63
leaf_value=-0.00025299896185184963 0.0021959008281015194 -0.0041803326246574414 0.0029921678644682891 0.018488727862018096 0.093913449305627089 -0.0059391088361058627 -0.016237108498102143 0.067069302464924041 0.15555136008188131 -0.0036214045704932789 0.022088399598677016 0.084283231056733285 0.0671620952586333 -0.084396027276913324 -0.017590894938136141 -0.049153067885587619 -0.06903074671598998 -0.069685171668728202 0.056424455292466473 -0.049393732644291401 -0.05199567691660395 -0.07042428640027841 0.090012014074759061 -0.048826061061117802 0.052841819946964588 -0.04860243372636399 0.078670207907756182 -0.086581408480803174 -0.042432557449986537 0.14309362011986812 0.077452774489453688 -0.03053212704781564 0.17469381690025332 0.021127866107869792 0.08630922629579052 0.0073724966703189749 0.0030895768445262164 -0.003645765634523207 0.0042577901491839152 -1.575623503874126e-05 -0.026903870859313245 0.0020366894500143521 -0.0017828444556678075 6.9364125710539236e-05 -0.0035076729392261351 0.0026466095873251294 -0.0055625857487994149 -0.11551410292048712 -0.0012132498462048621 -0.009848817271189407 -0.012603519105479183 -0.14939242377433748 -0.012744457837920088 -0.19994422863087347 -0.019293230051255744 -0.0075811468662178652 0.0071385364582298985 -0.019929696396011713 0.0016255103994605906 -0.0007375714745405346 -0.00080636815894948629 -0.0011848444944912062
leaf_weight=503508 23536 360 8051 384 72 516 84 84 48 12864 37 84 24 24 24 48 132 36 132 948 204 24 110 96 24 540 36 48 24 37 48 432 22 37 333 36 11136 13756 14302 137845 625 44024 11629 9237 5016 16593 83 37 644 130 1779 21 34 31 23 1512 8554 504 17611 27632 1406 738
leaf_count=503508 23536 360 8051 384 72 516 84 84 48 12864 37 84 24 24 24 48 132 36 132 948 204 24 110 96 24 540 36 48 24 37 48 432 22 37 333 36 11136 13756 14302 137845 625 44024 11629 9237 5016 16593 83 37 644 130 1779 21 34 31 23 1512 8554 504 17611 27632 1406 738
internal_value=-1.28725e-13 0.000340206 0.00021574 -0.00145754 -0.00477584 -0.0244321 0.0346016 -0.00231314 -0.0295484 -0.00268847 -0.00155882 0.0129879 0.0577288 -0.00703904 0.0238997 -0.0284965 -0.0285123 0.0380927 0.058169 -0.0390362 -0.0118754 0.0802261 0.0700494 -0.0256284 -0.0409602 -0.0413021 0.00562834 -0.0224413 0.0412157 0.0802577 0.0457716 -0.0361371 0.104126 0.0745454 0.0798871 -0.0473169 0.00360288 0.000366982 0.000801552 0.000517591 -0.000246515 0.000144188 0.00123858 -0.000807038 -0.00305348 -5.13365e-07 -0.00143964 -0.0394643 -0.00681042 -0.0130338 -0.016806 -0.0480875 -0.0936933 -0.13039 -0.081386 0.00254672 0.00438999 0.00164177 0.000897567 -0.00128955 -0.00679779 -0.0129782
internal_weight=877949 374441 350905 29088 17568 1956 156 15612 1800 15528 14688 1824 564 1260 516 744 204 120 312 1284 300 72 288 120 228 624 84 840 156 444 72 480 132 407 370 984 11520 321817 188379 174077 133438 119682 55653 64029 16915 47114 30521 120 7678 2662 2018 239 109 75 44 36232 17109 8555 19123 30401 2769 1363
internal_count=877949 374441 350905 29088 17568 1956 156 15612 1800 15528 14688 1824 564 1260 516 744 204 120 312 1284 300 72 288 120 228 624 84 840 156 444 72 480 132 407 370 984 11520 321817 188379 174077 133438 119682 55653 64029 16915 47114 30521 120 7678 2662 2018 239 109 75 44 36232 17109 8555 19123 30401 2769 1363
is_linear=0
shrinkage=0.05


Tree=132
num_leaves=63
num_cat=0
split_feature=13 0 6 18 19 2 6 14 22 6 0 0 0 0 0 0 3 0 0 0 2 0 3 3 0 0 6 0 9 14 18 13 0 19 18 13 6 0 3 11 0 0 0 6 3 3 0 15 19 0 5 14 18 4 2 14 0 18 6 4 18 4
split_gain=29.1791 94.3654 95.2643 343.549 101.63 70.0463 68.5271 67.7639 65.4007 64.4775 148.391 117.658 130.494 120.159 104.095 92.3677 373.163 90.1284 83.2878 129.427 80.2864 75.5587 109.132 179.395 110.534 103.775 74.0412 72.0902 67.3226 455.797 323.995 319.37 244.736 308.534 204.494 193.3 183.913 70.6291 64.3752 78.357 68.9695 62.9805 76.5486 73.175 68.5224 58.0874 56.8961 73.7828 92.9031 73.5026 69.8099 123.04 96.9717 113.616 173.575 75.3474 69.1503 139.897 262.903 271.39 159.366 188.782
threshold=0.28357230126857763 -1.3655410408973692 1.0000000180025095e-35 0.89120385050773632 -0.7719002068042754 1.7396694421768191 1.0000000180025095e-35 0.86346536874771129 0.5010569989681245 -1.0046545863151548 -0.69406116008758534 -0.29348869621753687 -0.28654234111309046 -0.31432774662971491 -0.55050343275070179 -0.39305296540260309 -0.6838453710079192 -0.95802223682403553 1.2150256037712099 1.1745052933692934 -0.81113922595977772 0.32473587989807134 3.4478085041046147 0.49141664803028112 0.99505805969238292 -0.13140735030174253 -1.4180153012275694 -0.41852289438247675 0.86191278696060192 -0.67578449845314015 1.1915449500083926 -0.080326367169618593 0.44977006316185003 1.0025628209114077 0.36955435574054724 -0.38824073970317835 -1.4180153012275694 1.0529443025588991 -0.55416440963745106 1.0000000180025095e-35 1.5032989382743838 -0.34327083826065058 -0.95107588171958912 0.6487882286310197 -0.53755223751068104 -0.67612668871879567 0.85381576418876659 1.4396799206733706 -0.67850741744041432 0.69404986500740062 -0.25051979752606707 -0.67578449845314015 -1.1637678146362302 -0.28720723092555994 1.0000000180025095e-35 0.4786528497934342 0.43819281458854681 1.1915449500083926 -1.4180153012275694 1.0123216807842257 -0.1837072819471359 -0.28720723092555994
decision_type=2 2 2 2 2 2 2 2 2 2 2 2 2 2 2 2 2 2 2 2 2 2 2 2 2 2 2 2 2 2 2 2 2 2 2 2 2 2 2 2 2 2 2 2 2 2 2 2 2 2 2 2 2 2 2 2 2 2 2 2 2 2
left_child=1 2 -1 7 -5 -2 -7 8 -4 10 17 13 -13 41 -12 16 27 -3 19 21 -19 25 23 24 46 -17 -20 -16 37 -30 31 32 36 34 35 -34 -31 -25 39 -14 -41 42 43 -11 45 -44 49 -48 -49 50 51 -23 53 -53 -55 56 -54 58 59 60 61 -58
right_child=5 9 3 4 -6 6 -8 -9 -10 11 14 12 38 -15 15 18 -18 20 26 -21 -22 22 -24 28 -26 -27 -28 -29 29 30 -32 -33 33 -35 -36 -37 -38 -39 -40 40 -42 -43 44 -45 -46 -47 47 48 -50 -51 -52 52 55 54 -56 -57 57 -59 -60 -61 -62 -63
leaf_value=-0.0026390922446802106 0.00022635732016245544 0.0014901664068641633 -0.019390649383050504 0.030376284980836016 0.14918422119485006 -0.0058840615632931867 0.0067305696626641653 -0.041744649000992513 0.030235572014417914 0.0013020590487630658 -0.0071302153737278356 0.0087178231031297855 -0.0052771407813288485 -0.014085707615053657 0.01291068775411666 -0.0015813156484687102 -0.00039781112803010375 0.0014604135226557091 -0.00011370285694968065 -0.016917430197605405 0.0092319061648307027 -0.00029407124619168729 0.008296676538500419 -0.0021193475128519347 0.0018436331154096848 0.0037903076531103199 0.0054009280958764241 0.029744387030493143 -0.0045919094759968478 -0.17976679593324663 0.0037033522053925003 -0.014239726365521189 0.013812697096727789 -0.28365298623130436 -0.25219711689721969 -0.16285067008187373 0.0024597258027642967 -0.015041686362243463 0.00031215393647939253 0.00077399126886292489 -0.0054572415070558815 0.0069495993133540032 -0.0027291104208794158 -0.0060581304562600949 -0.0049819699249500317 0.0021409257633688708 -0.0051907779396862877 -0.10438088304243352 -0.019934549543274012 0.0032546505827459591 -0.0016619852877224738 0.0022078859504042407 -0.0097962667334075236 0.010015218598224844 -0.15466953789194426 -0.00065269781715827024 -0.0079746670013210227 0.0011402055208120457 -0.013855042948393313 0.0019034517973306635 -0.13920002241142607 -0.15889154076576234
leaf_weight=20136 374320 22295 852 36 36 1267 7164 336 72 22869 5088 4293 12016 2031 1272 20155 8861 5088 14376 1272 9582 2095 2280 2430 13992 16233 10556 1272 1200 20 114 82 32 42 21 30 45 1872 184528 22560 5529 2017 24330 3962 25079 8182 1732 34 774 3662 7047 44 939 24 48 726 67 282 405 84 131 30
leaf_count=20136 374320 22295 852 36 36 1267 7164 336 72 22869 5088 4293 12016 2031 1272 20155 8861 5088 14376 1272 9582 2095 2280 2430 13992 16233 10556 1272 1200 20 114 82 32 42 21 30 45 1872 184528 22560 5529 2017 24330 3962 25079 8182 1732 34 774 3662 7047 44 939 24 48 726 67 282 405 84 131 30
internal_value=2.11241e-13 -0.000253419 -0.00349575 -0.0164459 0.0897803 0.000327871 0.00483486 -0.0225159 -0.0155237 -0.000106487 0.000724669 -0.000515874 8.25803e-05 -0.00206444 -0.00013256 0.000178988 0.00444825 0.00349287 -0.000294309 -0.00109893 0.00653652 -0.000836497 -0.00232828 -0.00296571 -0.00149481 0.000815012 0.00222115 0.0213275 -0.0109887 -0.0197941 -0.0670549 -0.096711 -0.132304 -0.173225 -0.117345 -0.0716696 -0.05361 -0.00774246 -8.24493e-05 -0.00189807 -0.000452556 -0.00178199 -0.0019906 0.000215217 -0.00301827 -0.00150351 -0.00407215 -0.0110113 -0.023488 -0.00294115 -0.00484427 -0.00944438 -0.01634 -0.0610916 -0.0997746 -0.0143914 -0.0195381 -0.0286948 -0.0404291 -0.0749242 -0.103229 -0.05465
internal_weight=877949 495198 21468 1332 72 382751 8431 1260 924 473730 156334 317396 228926 88470 119369 114281 11405 36965 102876 77944 14670 76672 40284 38004 32116 36388 24932 2544 5888 1586 386 272 190 125 83 62 65 4302 224633 40105 28089 86439 84422 26831 57591 32512 18124 2540 808 15584 11922 4875 2780 116 72 2664 1938 999 717 312 228 97
internal_count=877949 495198 21468 1332 72 382751 8431 1260 924 473730 156334 317396 228926 88470 119369 114281 11405 36965 102876 77944 14670 76672 40284 38004 32116 36388 24932 2544 5888 1586 386 272 190 125 83 62 65 4302 224633 40105 28089 86439 84422 26831 57591 32512 18124 2540 808 15584 11922 4875 2780 116 72 2664 1938 999 717 312 228 97
is_linear=0
shrinkage=0.05


Tree=133
num_leaves=63
num_cat=0
split_feature=8 2 2 12 0 0 0 0 6 0 8 0 16 0 4 12 0 4 2 0 0 0 5 8 5 2 3 13 6 22 22 3 6 3 3 0 22 4 5 6 3 0 11 3 3 0 13 3 3 0 0 15 0 18 9 19 5 6 3 12 5 0
split_gain=28.7467 54.0742 52.0063 145.931 48.3108 58.6926 66.9114 54.7162 72.8668 141.024 75.4787 154.215 124.638 67.9006 264.239 86.553 59.5543 176.032 57.4034 86.9026 56.6598 81.83 73.5259 68.966 62.2601 88.233 74.1436 54.0487 52.8235 51.2883 51.1115 98.3811 55.3666 84.4865 123.129 135.76 48.1817 48.0405 47.9139 47.7306 46.3461 82.8093 46.3372 45.054 55.5682 57.3454 48.7832 61.3244 83.349 49.1614 99.3776 53.2883 90.5818 71.1133 120.448 59.8321 55.2252 80.2808 47.3158 45.7096 52.2965 69.7844
threshold=0.85218852758407604 -0.24429284036159513 -0.52771602571010578 -0.68629828095436085 1.7035850882530215 1.5241379737854006 1.59591680765152 1.3481638431549074 -1.0046545863151548 1.4488858580589297 -1.113817512989044 1.4488858580589297 -0.11790292830298198 1.2567036747932436 1.0000000180025095e-35 -0.68629828095436085 1.4488858580589297 -0.86477565765380848 0.6059766709804536 1.3655297756195071 0.75193604826927196 0.19391308724880221 0.74835324287414562 -0.53798767924308766 -1.2493928074836729 1.4562462568283083 -0.69208568334579457 -0.23894894868135449 1.4755097031593325 0.044662121683359153 0.5010569989681245 1.9536987543106081 1.0000000180025095e-35 0.41323180496692663 -0.13727854937314984 -0.31432774662971491 -1.3508232831954954 -0.72038355469703663 1.2477897703647616 1.0000000180025095e-35 -0.6953391134738921 -0.47525136172771448 0.61866869032382976 -0.51612976193428028 -0.44724099338054651 1.5415037870407107 -0.19229526817798612 0.77002382278442394 0.69440227746963512 1.1629280447959902 1.2763850092887881 3.2160221338272099 0.85381576418876659 -1.3692678213119505 1.244215786457062 0.90917006134986889 -0.74995630979537953 -1.4180153012275694 -0.64683356881141651 -0.68629828095436085 0.74835324287414562 -1.0205392837524412
decision_type=2 2 2 2 2 2 2 2 2 2 2 2 2 2 2 2 2 2 2 2 2 2 2 2 2 2 2 2 2 2 2 2 2 2 2 2 2 2 2 2 2 2 2 2 2 2 2 2 2 2 2 2 2 2 2 2 2 2 2 2 2 2
left_child=1 2 43 -4 5 7 -7 13 9 18 11 -10 29 20 27 -16 -12 -18 19 -9 21 30 23 -22 25 -23 38 -15 42 -13 36 32 -32 34 40 -36 -3 -33 39 -26 -34 -42 -8 58 -45 46 47 48 49 51 -51 -46 -53 54 -54 56 -55 -58 -1 -60 -61 -62
right_child=-2 4 3 -5 -6 6 28 8 10 -11 16 12 -14 14 15 -17 17 -19 -20 -21 22 24 -24 -25 26 -27 -28 -29 -30 -31 31 37 33 -35 35 -37 -38 -39 -40 -41 41 -43 -44 44 45 -47 -48 -49 -50 50 -52 52 53 55 -56 -57 57 -59 59 60 61 -63
leaf_value=0.0004970166323437741 -0.00044539802398978835 0.0021834369309776959 -0.0060375005998168467 0.013149399780455285 0.0040797340923918049 -0.00681709246260594 -0.0041587373223191696 0.021847727834572655 -0.00019511280059208676 0.031465342012523517 0.0012749500737555537 -0.055755573236844047 -0.0055235526479756169 -0.0089189642262325463 -0.0055720007600779057 0.0087901447035142969 -0.021429690957625605 0.016879802742004357 -0.0017529381048041626 -0.00011260763270231056 0.0041250843233627005 -0.0056322372109722275 -0.0016655285661054478 8.8870829523416775e-05 -0.00047965787534143701 -0.026205500177726028 -0.0034784062865907284 -0.020585878600037594 0.0074032171763805778 -0.019517042205399394 -0.0039140124245710005 0.0062711967605002103 -0.0016562844434707073 0.0075498317511764421 -0.012941416196261657 0.00068425889247829416 -0.0013326314914102928 -0.011067937146738246 -0.0070045328614542282 0.0085733261887522023 0.001798032234435935 0.0080925607131029781 0.0022181416148776933 0.0050716919917665193 0.00012449574905767379 0.0043301876877823459 0.0012378636092240387 0.0024432192109665736 -0.01119388467806752 -0.0094241941956858966 0.00023322684559937937 -0.0011981633714951406 -3.9319664086555929e-05 -0.14950908109959629 -0.099911468079615692 0.0046908374648774046 -0.12621090045960789 0.0088654837909747253 -0.0042888595330038849 0.001200428744530059 0.0094716728492544693 -0.0065817175837537441
leaf_weight=54514 256450 11062 1564 2705 6183 7230 8503 901 3960 563 9516 273 475 2238 1656 2862 360 1795 1802 901 22418 4199 17074 20048 2771 595 21502 1784 1682 152 4503 481 6255 5810 2997 4687 81735 2357 1122 3068 26539 6506 4284 7836 55132 10853 123397 16277 1937 4516 6495 614 164 27 37 20 22 22 12476 14220 782 5040
leaf_count=54514 256450 11062 1564 2705 6183 7230 8503 901 3960 563 9516 273 475 2238 1656 2862 360 1795 1802 901 22418 4199 17074 20048 2771 595 21502 1784 1682 152 4503 481 6255 5810 2997 4687 81735 2357 1122 3068 26539 6506 4284 7836 55132 10853 123397 16277 1937 4516 6495 614 164 27 37 20 22 22 12476 14220 782 5040
internal_value=-1.78344e-13 0.000183785 0.00063846 0.00612005 -0.000294612 -0.00038578 -0.00288928 -0.000188217 0.00228391 0.00819283 0.000794434 -0.00444119 -0.0231239 -0.000389452 -0.00477233 0.00352593 0.00297464 0.0104801 0.00455731 0.0108676 -0.000237131 -0.000666476 0.00110549 0.00221961 -0.00291427 -0.00818566 -0.00202642 -0.0140939 -0.000926603 -0.042795 -0.000177665 0.000957826 0.00140792 0.00186185 0.00115848 -0.00463018 -0.000913493 -0.0081292 0.00245866 0.00427707 0.00229028 0.00303732 -0.00202231 0.000564025 0.000934366 0.000786675 0.000602367 -0.000317357 -0.000968705 -0.000673306 -0.00372762 -7.31588e-05 -0.0121009 -0.0350264 -0.0184237 -0.0716981 -0.0932161 -0.0586727 -0.000403396 -0.00191287 -0.000433835 -0.00442546
internal_weight=877949 621499 318650 4269 302849 296666 21699 274967 20698 4167 16531 4860 900 254269 8540 4518 11671 2155 3604 1802 245729 186189 59540 42466 33257 4794 28463 4022 14469 425 152932 60135 57297 52794 46984 7684 92797 2838 6961 5839 39300 33045 12787 314381 227349 219513 208660 85263 68986 67049 11011 56038 906 292 201 91 71 44 87032 32518 20042 5822
internal_count=877949 621499 318650 4269 302849 296666 21699 274967 20698 4167 16531 4860 900 254269 8540 4518 11671 2155 3604 1802 245729 186189 59540 42466 33257 4794 28463 4022 14469 425 152932 60135 57297 52794 46984 7684 92797 2838 6961 5839 39300 33045 12787 314381 227349 219513 208660 85263 68986 67049 11011 56038 906 292 201 91 71 44 87032 32518 20042 5822
is_linear=0
shrinkage=0.05


Tree=134
num_leaves=63
num_cat=0
split_feature=3 3 8 0 0 5 0 6 7 3 4 8 14 0 13 22 0 22 4 0 7 22 3 6 8 6 10 0 6 6 6 3 3 3 3 2 3 0 0 0 0 13 3 3 6 5 14 5 3 3 3 6 3 3 14 18 9 3 2 3 3 4
split_gain=27.396 56.284 110.12 82.0021 81.5405 114.011 60.3895 71.5625 59.3317 60.7099 61.9628 54.516 52.9901 46.4877 69.2427 64.8265 41.1391 51.7832 42.5962 36.9254 35.7423 34.7659 33.1074 28.2666 27.5882 26.8749 26.7684 45.1458 25.9507 25.4721 25.1178 54.7459 42.4445 79.4914 71.4447 71.7288 121.283 63.9224 104.21 53.6411 87.4818 52.1238 55.0976 480.616 66.8592 145.432 112.439 81.4894 45.8354 43.0567 49.3329 47.11 226.377 201.022 156.486 41.3455 83.9188 41.2295 40.0797 40.6139 69.4605 43.546
threshold=-0.72815677523612965 -0.74338054656982411 -0.53798767924308766 -0.36063669621944422 0.33631311357021337 0.74835324287414562 -1.1640971302986143 0.23542753793299201 -0.85499599575996388 -0.76847952604293812 0.86792960762977611 1.0000000180025095e-35 1.1298739910125735 -0.36642532050609583 -0.91076192259788502 0.10962570086121561 0.28421554714441305 0.19871012121438983 -0.43159933388233179 0.33631311357021337 1.2938593029975893 1.5049142837524416 -0.72433647513389576 0.6487882286310197 -1.113817512989044 -1.0046545863151548 1.0000000180025095e-35 0.34441718459129339 1.888870418071747 -1.0046545863151548 1.0621489584445956 5.9515886306762704 0.3744166642427445 -0.13727854937314984 -0.39430715143680567 -0.81113922595977772 -0.70595383644103993 -0.95802223682403553 -1.4384776353836057 1.1721898317337038 1.0587329268455508 1.6645210981369021 0.12054699286818506 0.10062799602746965 1.4755097031593325 -0.25051979752606707 1.440683960914612 -1.2493928074836729 -0.13127285987138745 -0.65005412697792042 -0.61042973399162281 1.4755097031593325 -0.72149384021759022 -0.72149384021759022 1.2926793098449709 0.68570381402969371 0.30946898169349885 -0.59950283169746388 2.02309262752533 -0.18013582378625867 -0.18533226102590558 -0.72038355469703663
decision_type=2 2 2 2 2 2 2 2 2 2 2 2 2 2 2 2 2 2 2 2 2 2 2 2 2 2 2 2 2 2 2 2 2 2 2 2 2 2 2 2 2 2 2 2 2 2 2 2 2 2 2 2 2 2 2 2 2 2 2 2 2 2
left_child=1 3 4 8 5 6 7 -3 9 -1 -11 16 -7 14 -10 20 17 18 -5 21 -15 -4 29 -18 -8 -12 27 -21 30 -2 -24 32 33 34 35 36 -32 38 -37 40 -34 42 43 48 -45 46 47 -46 -35 51 -51 52 -39 54 55 -53 -57 -40 59 60 -36 -61
right_child=22 2 19 11 -6 12 24 -9 13 10 25 -13 -14 15 -16 -17 23 -19 -20 26 -22 -23 28 -25 -26 -27 -28 -29 -30 -31 31 -33 39 41 58 37 -38 49 57 -41 -42 -43 -44 44 45 -47 -48 -49 -50 50 -52 53 -54 -55 -56 56 -58 -59 -60 61 -62 -63
leaf_value=-0.0047400585865447452 -0.0022468601964188263 -0.0080629890212340107 -0.0075155113154838195 0.0050662055085475477 -0.0040143691552238384 -0.0090416140200916244 0.016983514350326634 0.013257274255555632 0.0066818232333270555 -0.0010274724224708567 0.023579885427310526 0.0074291262127755102 0.013506426608993583 -0.016412199594439136 -0.0038602700279891616 -0.001158771385240465 0.0076498980266681256 0.0036096447030529925 -0.013282132327262906 0.005737932965396212 2.2919163892770464e-05 0.0029708579485917368 -7.6293246701326112e-05 -0.002924510529063039 0.0076706976790932475 0.009402997639522773 -0.005687503403975217 -0.0047136667806689098 -0.010948881291486358 0.005840257069362911 -0.060865387717882795 -0.012000036108335688 0.0029528441202011178 -0.011242806635960396 0.0028920285654699812 0.0048806532065219631 -0.0026386604252249231 0.028600271103743427 0.0028258950050546799 -0.0006744280906458807 0.017487805225311317 -0.012793202784933117 0.00064280776472116065 -0.045554114601627713 0.00032808429155594266 -0.046137272270780114 -0.036953916759402669 0.096754994273185735 -0.00051899592284683613 0.0091419105380849148 0.0025238363997773 -0.008674573964055847 -0.00016565669150608254 -0.0010544446176888858 -0.10760223354612078 -0.018277301224214691 -0.11601807586848736 -0.0078401434802831908 0.012559473464609575 -0.00083951542050125392 -0.0064936178123280487 0.011407809427207352
leaf_weight=1757 1269 927 10460 411 4315 1634 1790 684 2050 1503 424 5411 310 1868 6485 2002 2262 1474 1373 2055 402 855 661537 877 1431 1580 3058 2078 536 4184 90 852 21729 1071 21141 3261 14175 744 1087 10491 1087 1044 16024 687 39 199 54 50 14309 3517 14125 170 8472 4161 70 70 32 5442 1088 1029 2174 2463
leaf_count=1757 1269 927 10460 411 4315 1634 1790 684 2050 1503 424 5411 310 1868 6485 2002 2262 1474 1373 2055 402 855 661537 877 1431 1580 3058 2078 536 4184 90 852 21729 1071 21141 3261 14175 744 1087 10491 1087 1044 16024 687 39 199 54 50 14309 3517 14125 170 8472 4161 70 70 32 5442 1088 1029 2174 2463
internal_value=-9.96433e-14 -0.00103612 -0.00258155 0.000494729 0.00135802 0.0047792 0.00889297 0.00098919 -0.00162264 0.00284613 0.0066468 0.00373516 -0.00544599 -0.00345942 -0.00132819 -0.00771738 0.000610557 -0.00332521 -0.00905502 -0.00494262 -0.0135017 -0.00672313 7.52917e-05 0.00469553 0.0128461 0.0124025 -0.002141 0.000483052 4.92483e-05 0.00395826 5.65038e-05 0.000638497 0.000710239 0.000261218 0.00108812 4.9276e-05 -0.00300602 0.0011084 -0.00241864 0.00228469 0.00364532 -0.00179661 -0.00144263 -0.00347915 -0.0365617 -0.0184979 0.0199653 0.0545005 -0.00126576 0.00220943 0.00384317 0.00010852 0.00215659 -0.00408314 -0.0409322 -0.0237745 -0.0489411 -0.00606438 0.00315187 0.00277005 0.00201687 0.00779885
internal_weight=877949 59476 29597 29879 11091 6776 4832 1611 18071 5264 3507 11808 1944 12807 8535 4272 6397 3258 1784 18506 2270 11315 818473 3139 3221 2004 7191 4133 813020 5453 812484 150947 150095 116788 83311 55416 14265 41151 9790 33307 22816 33477 32433 16409 1029 342 143 89 15380 31361 17642 13719 9216 4503 342 272 102 6529 27895 26807 23315 3492
internal_count=877949 59476 29597 29879 11091 6776 4832 1611 18071 5264 3507 11808 1944 12807 8535 4272 6397 3258 1784 18506 2270 11315 818473 3139 3221 2004 7191 4133 813020 5453 812484 150947 150095 116788 83311 55416 14265 41151 9790 33307 22816 33477 32433 16409 1029 342 143 89 15380 31361 17642 13719 9216 4503 342 272 102 6529 27895 26807 23315 3492
is_linear=0
shrinkage=0.05


Tree=135
num_leaves=63
num_cat=0
split_feature=5 8 17 0 0 0 4 3 22 0 7 0 6 3 3 0 2 7 2 2 0 0 0 0 12 0 22 5 12 0 4 3 0 0 0 0 11 22 14 14 13 22 3 6 0 19 19 18 22 9 6 13 14 9 2 9 14 0 4 3 22 22
split_gain=26.0443 35.0751 54.274 109.353 54.7481 59.1041 54.1088 56.1211 48.1855 53.3934 135.139 63.7502 63.2867 45.9407 57.999 41.6882 40.4719 37.3558 64.5612 104.558 63.3461 104.97 59.8132 65.0619 82.2694 61.0096 50.1238 86.059 188.833 205.475 113.57 94.2562 46.6588 102.325 45.2689 142.35 43.94 75.3637 102.29 77.6746 80.8961 76.3233 41.1515 40.8133 56.9599 59.3093 141.24 216.282 95.0828 272.164 155.306 66.2109 57.6635 84.4343 53.016 42.4003 65.9462 165.868 149.456 40.0449 38.6913 108.199
threshold=1.2477897703647616 -1.0000000180025095e-35 -0.055877291234588893 1.2150256037712099 1.0459979176521303 1.0413669943809511 -1.2979519963264463 -0.066463191062211976 0.69267791509628307 1.1745052933692934 1.0000000180025095e-35 1.0610483288764956 -0.59129387140274037 3.4478085041046147 0.94304263591766369 1.0737832784652712 2.3065158128738408 -0.5380209982395171 -0.24429284036159513 -0.81113922595977772 -0.14414230734109876 -0.15108864009380338 -0.37105621397495264 -0.99622708559036244 -0.68629828095436085 -0.95802223682403553 1.6923476457595827 -0.74995630979537953 -1.0295194983482359 0.41966924071311956 1.5898901224136355 0.49141664803028112 -0.16613905131816861 -0.18582036346197126 -0.85266935825347889 -0.58755058050155629 0.61866869032382976 1.201113283634186 1.1890759468078616 1.228543817996979 0.54483282566070568 1.3001281619071963 -0.36534266173839564 -1.0046545863151548 0.32473587989807134 -1.3322569727897642 -1.4256497621536253 2.0609608888626103 -0.36789010465145106 0.86191278696060192 -1.4180153012275694 0.33955676853656774 -0.56724765896797169 1.244215786457062 -0.81113922595977772 1.244215786457062 -0.67578449845314015 0.43819281458854681 1.5898901224136355 -0.36180990934371943 0.69267791509628307 1.0205361247062685
decision_type=2 2 2 2 2 2 2 2 2 2 2 2 2 2 2 2 2 2 2 2 2 2 2 2 2 2 2 2 2 2 2 2 2 2 2 2 2 2 2 2 2 2 2 2 2 2 2 2 2 2 2 2 2 2 2 2 2 2 2 2 2 2
left_child=1 -1 3 4 5 16 7 -5 9 11 12 -6 -11 14 -4 -13 17 18 19 34 21 32 23 -21 25 -25 43 28 29 -28 31 -31 33 36 -3 -36 -19 39 41 60 -41 -39 -37 44 -22 46 48 52 -46 51 54 -50 53 -48 -51 -47 -57 -58 59 -59 -38 -62
right_child=-2 2 13 6 8 -7 -8 -9 -10 10 -12 15 -14 -15 -16 -17 -18 20 -20 22 26 -23 -24 24 -26 -27 27 -29 -30 30 -32 -33 -34 -35 35 42 37 38 -40 40 -42 -43 -44 -45 45 55 47 -49 49 50 -52 -53 -54 -55 -56 56 57 58 -60 -61 61 -63
leaf_value=0.00042577696104736397 -0.00066653102748048657 0.002792325769353554 -0.0016157586125586374 0.013556515473479441 -0.0072122135366628377 0.0081077518725223268 0.0017950564444330964 0.0038644939581521059 0.0023162451691596617 -0.013955711088344133 -0.026041672961394025 0.0062892724998484389 0.011960597227578031 -0.0078675933478769226 0.0038841019198656134 -0.0019291648689102093 -0.0070996009226834194 -0.00012214091770061599 -0.0007429796929432071 0.00074471722619388805 0.0050956230396555328 -0.015264372334332966 0.002509300996744057 0.024059948545693124 0.016957087750882432 -0.00052301858736400594 -0.0052428323928594457 0.001980176200953422 0.0013667115636399971 -0.096167719186241951 -0.027360192018095406 -0.20682237501497622 0.0083923531922613023 -0.015022873720139461 -0.010661847221599192 -0.0064460332713761519 -0.0017467650215198913 -0.0096319938174759361 -0.048570691434410861 0.10273707136511803 0.00059484336691509408 0.086401339930792659 0.0019567494184061073 0.0024402361241178832 0.00050969979232137047 0.00074888628159059702 -0.12980179612596449 -0.17973012765248619 0.0040147441104985779 -0.17561895969586494 0.0066266504241726731 -0.090528775257989774 0.0034960613242395588 0.0068472831416875133 -0.092068846332463067 0.0021667107448930969 -0.0031207329500153361 -0.082860183005945554 0.0081361310530660893 -0.15361051222361211 -0.015030979079516374 0.0076065920589311531
leaf_weight=406964 125593 12461 66159 2212 5499 2222 18386 4599 4276 404 864 1796 565 2695 5168 10955 2039 61003 35232 1708 2355 1306 6862 303 3141 1511 108 874 336 67 40 27 1306 1306 3212 1647 32053 150 204 36 42 24 12635 29004 958 3921 26 30 250 39 26 20 62 20 37 366 223 45 36 36 1749 756
leaf_count=406964 125593 12461 66159 2212 5499 2222 18386 4599 4276 404 864 1796 565 2695 5168 10955 2039 61003 35232 1708 2355 1306 6862 303 3141 1511 108 874 336 67 40 27 1306 1306 3212 1647 32053 150 204 36 42 24 12635 29004 958 3921 26 30 250 39 26 20 62 20 37 366 223 45 36 36 1749 756
internal_value=1.23454e-13 0.000111266 -0.000259312 6.80357e-05 -0.000253078 -5.97956e-06 0.00320529 0.00701216 -0.00250316 -0.00352929 -0.0116641 -0.00271224 0.00115545 -0.00145939 -0.00121727 -0.000771584 -8.80805e-05 -2.23655e-05 0.000847805 0.00213682 -0.000515685 -0.00118206 0.0057858 0.00916015 0.012061 0.00358318 0.00119599 -0.00791886 -0.0228873 -0.0565623 -0.0979242 -0.127952 -0.000995591 -0.00112157 0.000489275 -0.00115119 -0.000932488 -0.00234431 -0.0245492 -0.00210198 0.0477374 0.00361398 0.000987741 0.00154935 -0.00150854 -0.00406027 -0.0128168 -0.0609641 -0.00782105 -0.029275 -0.0988568 -0.00298848 -0.0279736 -0.0703892 -0.134943 -0.00128211 -0.0125619 -0.0284168 -0.0766306 -0.114305 -0.00221447 -0.00819904
internal_weight=877949 752356 345392 271370 246173 221814 25197 6811 24359 20083 1833 18250 969 74022 71327 12751 219592 217553 78712 43480 138841 99935 13525 6663 4955 1814 38906 1452 578 242 134 94 98629 97323 29955 17494 96017 35014 378 34636 78 174 14282 37454 8450 6095 1468 138 1330 372 102 270 108 46 76 4627 706 340 117 81 34558 2505
internal_count=877949 752356 345392 271370 246173 221814 25197 6811 24359 20083 1833 18250 969 74022 71327 12751 219592 217553 78712 43480 138841 99935 13525 6663 4955 1814 38906 1452 578 242 134 94 98629 97323 29955 17494 96017 35014 378 34636 78 174 14282 37454 8450 6095 1468 138 1330 372 102 270 108 46 76 4627 706 340 117 81 34558 2505
is_linear=0
shrinkage=0.05


Tree=136
num_leaves=63
num_cat=0
split_feature=3 3 8 0 0 5 0 6 7 3 4 8 22 0 13 22 0 22 4 0 7 22 3 2 6 8 4 5 10 0 6 12 3 16 22 18 9 18 15 14 19 14 5 4 0 18 22 3 9 3 13 3 3 6 14 6 11 14 0 0 19 18
split_gain=25.585 49.9237 98.8915 73.899 73.5959 102.482 54.5016 64.5851 51.936 54.1026 54.6479 48.6013 48.2542 41.8263 62.3474 58.3999 37.1244 46.7292 38.4444 32.3123 32.2524 31.3506 29.2334 25.5274 25.5118 24.8984 24.5809 24.4454 23.8826 41.0673 23.2536 23.3999 167.988 69.5839 95.8185 110.387 61.4117 69.8894 107.938 127.895 55.3625 56.4198 175.714 94.2402 110.08 58.7396 56.0586 51.1269 47.7258 82.2281 95.8175 46.982 39.0338 276.077 141.014 136.331 81.7068 38.5967 44.0403 81.4579 38.0814 58.8841
threshold=-0.72815677523612965 -0.74338054656982411 -0.53798767924308766 -0.36063669621944422 0.33631311357021337 0.74835324287414562 -1.1640971302986143 0.23542753793299201 -0.85499599575996388 -0.76847952604293812 1.0123216807842257 1.0000000180025095e-35 1.3378776311874392 -0.36642532050609583 -0.91076192259788502 0.10962570086121561 0.28421554714441305 0.19871012121438983 -0.43159933388233179 0.33631311357021337 1.2938593029975893 1.5661576986312868 -0.72433647513389576 0.6059766709804536 0.6487882286310197 -1.113817512989044 1.3011059165000918 0.74835324287414562 1.0000000180025095e-35 0.34441718459129339 1.888870418071747 -1.0295194983482359 -0.72149384021759022 -1.0313415229320524 1.7484916448593142 -0.61050620675086964 0.30946898169349885 0.053404832258820541 -0.51210337877273548 1.440683960914612 1.1893483996391299 0.86346536874771129 -0.74995630979537953 0.14596907794475558 1.318063020706177 -0.088861472904682146 0.82265746593475353 0.49141664803028112 -1.2384440898895261 0.89552295207977306 0.86207795143127453 0.49141664803028112 -0.72149384021759022 1.4755097031593325 1.2926793098449709 1.0621489584445956 0.61866869032382976 0.63652461767196666 -1.1895670294761655 -1.2185100913047788 -0.67850741744041432 0.4644001573324204
decision_type=2 2 2 2 2 2 2 2 2 2 2 2 2 2 2 2 2 2 2 2 2 2 2 2 2 2 2 2 2 2 2 2 2 2 2 2 2 2 2 2 2 2 2 2 2 2 2 2 2 2 2 2 2 2 2 2 2 2 2 2 2 2
left_child=1 3 4 8 5 6 7 -3 9 -1 -11 16 23 14 -10 20 17 18 -5 21 -15 -4 -2 -7 -18 -8 27 -12 29 -21 31 32 -24 34 40 51 37 38 -37 47 -34 48 43 45 -45 -43 -44 -40 49 -42 -51 -36 53 55 60 56 -33 58 59 -35 -55 -62
right_child=22 2 19 11 -6 12 25 -9 13 10 26 -13 -14 15 -16 -17 24 -19 -20 28 -22 -23 30 -25 -26 -27 -28 -29 -30 -31 -32 52 33 57 35 36 -38 -39 39 -41 41 42 46 44 -46 -47 -48 -49 -50 50 -52 -53 -54 54 -56 -57 -58 -59 -60 -61 61 -63
leaf_value=-0.0045500590460208793 0.0037214819129099286 -0.0076811283827581504 -0.007010097246556081 0.0047999781045375556 -0.0038274212108362574 -0.0033973365349341507 0.016113049815830487 0.012573121722592912 0.0063342293779026409 0.00079401917356007037 0.02288779343385608 0.0070044636118961326 0.014925091568754562 -0.015581781571973383 -0.0036692010224241125 -0.0011018658741958208 0.0072536474395595886 0.0034153582396812161 -0.012631239594953681 0.0054170123451157681 3.0353117620674389e-05 0.0042922812900024025 -0.024324654435278269 -0.016051186339356531 -0.0027922876782400987 0.0072658739258488802 0.0043635335266385853 0.00563111809784055 -0.0054233517303484535 -0.0045513164636443023 -0.010362650996950237 -0.003392954611856314 -0.001522246719812697 -0.0039307769677834276 -0.055603348650038242 0.00052617889841234222 0.0010896026872328835 0.01991119308397174 -0.080595275236723524 0.014265564307570458 -0.010689223078286887 -0.095715485289692884 -0.071333892640347285 -0.041615207961876878 -0.16471009346700849 0.010147143678133082 0.00025590711904683645 -0.16245115322095377 -0.00072471111602123316 -0.11408800223672932 0.0055621831496763564 -0.14577815651893616 0.00012478568158048124 -0.0006950452270215019 -0.10229600323098048 0.027170738100915429 0.010574786815439441 0.0010324880447433471 -0.00068959790101748644 -0.030222428285706811 -0.005251882846156756 -0.066540823183780504
leaf_weight=1757 5453 927 10664 411 4315 1038 1790 684 2050 2004 714 5411 259 1868 6485 2002 2262 1474 1373 2055 402 651 744 647 877 1431 501 288 3058 2078 536 1992 19712 1920 52 76 286 50 65 30 450 20 30 32 42 38 309 27 1329 44 27 20 705118 114 70 744 2207 51324 25106 348 72 86
leaf_count=1757 5453 927 10664 411 4315 1038 1790 684 2050 2004 714 5411 259 1868 6485 2002 2262 1474 1373 2055 402 651 744 647 877 1431 501 288 3058 2078 536 1992 19712 1920 52 76 286 50 65 30 450 20 30 32 42 38 309 27 1329 44 27 20 705118 114 70 744 2207 51324 25106 348 72 86
internal_value=-7.71633e-13 -0.00100129 -0.00245679 0.000440471 0.00127654 0.00452678 0.00842704 0.000918441 -0.00156956 0.00261142 0.00619931 0.00351663 -0.00516767 -0.00328805 -0.0012665 -0.0073269 0.000566399 -0.0031724 -0.00861542 -0.00469424 -0.012817 -0.00635982 7.27607e-05 -0.00825611 0.00444693 0.0121825 0.0134064 0.0179278 -0.00207346 0.000405111 4.82884e-05 5.51566e-05 -0.000652707 -0.000478912 -0.00292174 -0.0225358 -0.0146999 -0.0329087 -0.0462471 -0.0753845 -0.00238228 -0.00968641 -0.0251362 -0.0740775 -0.11148 -0.0263572 -0.00607947 -0.104618 -0.00575296 -0.0185794 -0.0685872 -0.0806519 0.000156873 0.00443788 -0.0390076 0.00744382 0.00394851 0.000223816 -0.00129238 -0.00796495 -0.0227202 -0.0386117
internal_weight=877949 59476 29597 29879 11091 6776 4832 1611 18071 5264 3507 11808 1944 12807 8535 4272 6397 3258 1784 18506 2270 11315 818473 1685 3139 3221 1503 1002 7191 4133 813020 812484 102081 101337 22639 606 534 248 198 122 22033 2321 471 132 74 58 339 92 1850 521 71 72 710403 5285 342 4943 4199 78698 27374 2268 272 158
internal_count=877949 59476 29597 29879 11091 6776 4832 1611 18071 5264 3507 11808 1944 12807 8535 4272 6397 3258 1784 18506 2270 11315 818473 1685 3139 3221 1503 1002 7191 4133 813020 812484 102081 101337 22639 606 534 248 198 122 22033 2321 471 132 74 58 339 92 1850 521 71 72 710403 5285 342 4943 4199 78698 27374 2268 272 158
is_linear=0
shrinkage=0.05


end of trees

feature_importances:
Column_0=2469
Column_3=1633
Column_6=828
Column_22=456
Column_2=453
Column_18=315
Column_5=297
Column_4=275
Column_14=271
Column_19=230
Column_13=228
Column_8=215
Column_15=181
Column_9=136
Column_1=118
Column_7=83
Column_12=72
Column_10=66
Column_11=64
Column_16=63
Column_17=41

parameters:
[boosting: gbdt]
[objective: regression]
[metric: rmse]
[tree_learner: serial]
[device_type: cpu]
[data_sample_strategy: bagging]
[data: ]
[valid: ]
[num_iterations: 1000]
[learning_rate: 0.05]
[num_leaves: 63]
[num_threads: 3]
[seed: 42]
[deterministic: 0]
[force_col_wise: 0]
[force_row_wise: 0]
[histogram_pool_size: -1]
[max_depth: -1]
[min_data_in_leaf: 20]
[min_sum_hessian_in_leaf: 0.001]
[bagging_fraction: 1]
[pos_bagging_fraction: 1]
[neg_bagging_fraction: 1]
[bagging_freq: 0]
[bagging_seed: 400]
[bagging_by_query: 0]
[feature_fraction: 1]
[feature_fraction_bynode: 1]
[feature_fraction_seed: 30056]
[extra_trees: 0]
[extra_seed: 12879]
[early_stopping_round: 0]
[early_stopping_min_delta: 0]
[first_metric_only: 0]
[max_delta_step: 0]
[lambda_l1: 0]
[lambda_l2: 0]
[linear_lambda: 0]
[min_gain_to_split: 0]
[drop_rate: 0.1]
[max_drop: 50]
[skip_drop: 0.5]
[xgboost_dart_mode: 0]
[uniform_drop: 0]
[drop_seed: 17869]
[top_rate: 0.2]
[other_rate: 0.1]
[min_data_per_group: 100]
[max_cat_threshold: 32]
[cat_l2: 10]
[cat_smooth: 10]
[max_cat_to_onehot: 4]
[top_k: 20]
[monotone_constraints: ]
[monotone_constraints_method: basic]
[monotone_penalty: 0]
[feature_contri: ]
[forcedsplits_filename: ]
[refit_decay_rate: 0.9]
[cegb_tradeoff: 1]
[cegb_penalty_split: 0]
[cegb_penalty_feature_lazy: ]
[cegb_penalty_feature_coupled: ]
[path_smooth: 0]
[interaction_constraints: ]
[verbosity: -1]
[saved_feature_importance_type: 0]
[use_quantized_grad: 0]
[num_grad_quant_bins: 4]
[quant_train_renew_leaf: 0]
[stochastic_rounding: 1]
[linear_tree: 0]
[max_bin: 255]
[max_bin_by_feature: ]
[min_data_in_bin: 3]
[bin_construct_sample_cnt: 200000]
[data_random_seed: 175]
[is_enable_sparse: 1]
[enable_bundle: 1]
[use_missing: 1]
[zero_as_missing: 0]
[feature_pre_filter: 1]
[pre_partition: 0]
[two_round: 0]
[header: 0]
[label_column: ]
[weight_column: ]
[group_column: ]
[ignore_column: ]
[categorical_feature: ]
[forcedbins_filename: ]
[precise_float_parser: 0]
[parser_config_file: ]
[objective_seed: 16083]
[num_class: 1]
[is_unbalance: 0]
[scale_pos_weight: 1]
[sigmoid: 1]
[boost_from_average: 1]
[reg_sqrt: 0]
[alpha: 0.9]
[fair_c: 1]
[poisson_max_delta_step: 0.7]
[tweedie_variance_power: 1.5]
[lambdarank_truncation_level: 30]
[lambdarank_norm: 1]
[label_gain: ]
[lambdarank_position_bias_regularization: 0]
[eval_at: ]
[multi_error_top_k: 1]
[auc_mu_weights: ]
[num_machines: 1]
[local_listen_port: 12400]
[time_out: 120]
[machine_list_filename: ]
[machines: ]
[gpu_platform_id: -1]
[gpu_device_id: -1]
[gpu_use_dp: 0]
[num_gpu: 1]

end of parameters

pandas_categorical:null
